STATE_NAME,STATION_LOCATION,STATION_ID,YEAR,MWQI,CATEGORY,SOURCE_FILE,MWQI_RANGE,STATION_ID_TYPE,LATITUDE,LONGITUDE,STATION_STATUS
Kedah,Pantai Merdeka,MMKC001,2013,59.92,Coastal,mqims 2013-2015.pdf,Moderate,MODERN,5.66976,100.369,1.0
Kedah,Langkawi Island Resort,MMKC002,2013,60.61,Coastal,mqims 2013-2015.pdf,Moderate,MODERN,6.29669,99.861,1.0
Kedah,Pantai Kok,MMKC003,2013,69.04,Coastal,mqims 2013-2015.pdf,Moderate,MODERN,6.36607,99.6791,1.0
Kedah,Pantai Kuah,MMKC004,2013,62.02,Coastal,mqims 2013-2015.pdf,Moderate,MODERN,6.313553,99.851419,1.0
Kedah,Pantai Pasir Tengkorak,MMKC005,2013,84.28,Coastal,mqims 2013-2015.pdf,Good,MODERN,6.43123,99.7261,1.0
Kedah,Pantai Teluk Burau,MMKC006,2013,81.59,Coastal,mqims 2013-2015.pdf,Good,MODERN,6.36391,99.6685,1.0
Kedah,Pantai Teluk Nibong,MMKC007,2013,74.92,Coastal,mqims 2013-2015.pdf,Moderate,MODERN,6.36022,99.7022,1.0
Kedah,Pantai Tengah,MMKC008,2013,69.04,Coastal,mqims 2013-2015.pdf,Moderate,MODERN,6.27975,99.7275,1.0
Pulau Pinang,Gertak Sanggul,MMPC001,2013,56.6,Coastal,mqims 2013-2015.pdf,Moderate,MODERN,5.27732,100.194,1.0
Pulau Pinang,Kawasan Perindustrian Bayan Lepas I,MMPC002,2013,50.26,Coastal,mqims 2013-2015.pdf,Moderate,MODERN,5.30951,100.301,1.0
Pulau Pinang,Kawasan Perindustrian Bayan Lepas II,HIST_5303933_BAYAN_LEPAS_2,2013,51.17,Coastal,mqims 2013-2015.pdf,Moderate,LEGACY,,,
Pulau Pinang,Kawasan Perindustrian Bayan Lepas III,HIST_5302939_BAYAN_LEPAS_3,2013,49.12,Coastal,mqims 2013-2015.pdf,Poor,LEGACY,,,
Pulau Pinang,Pantai Bersih,MMPC003,2013,61.81,Coastal,mqims 2013-2015.pdf,Moderate,MODERN,5.44167,100.378,1.0
Pulau Pinang,Pantai Miami,MMPC004,2013,50.22,Coastal,mqims 2013-2015.pdf,Moderate,MODERN,5.47923,100.268,1.0
Pulau Pinang,Pantai Pasir Panjang,MMPC005,2013,58.66,Coastal,mqims 2013-2015.pdf,Moderate,MODERN,5.29722,100.183,1.0
Pulau Pinang,Batu Feringgi (Casuarina),MMPC006,2013,53.81,Coastal,mqims 2013-2015.pdf,Moderate,MODERN,5.46944,100.242,1.0
Pulau Pinang,Luar Pantai Teluk Bahang,MMPC007,2013,74.79,Coastal,mqims 2013-2015.pdf,Moderate,MODERN,5.462,100.213,1.0
Pulau Pinang,Persiaran Gurney,MMPC008,2013,51.75,Coastal,mqims 2013-2015.pdf,Moderate,MODERN,5.4373,100.313,1.0
Kedah,Pantai Merdeka,MMKC001,2014,65.63,Coastal,mqims 2013-2015.pdf,Moderate,MODERN,5.66976,100.369,1.0
Kedah,Langkawi Island Resort,MMKC002,2014,80.51,Coastal,mqims 2013-2015.pdf,Good,MODERN,6.29669,99.861,1.0
Kedah,Pantai Kok,MMKC003,2014,82.15,Coastal,mqims 2013-2015.pdf,Good,MODERN,6.36607,99.6791,1.0
Kedah,Pantai Kuah,MMKC004,2014,80.37,Coastal,mqims 2013-2015.pdf,Good,MODERN,6.313553,99.851419,1.0
Kedah,Pantai Pasir Tengkorak,MMKC005,2014,82.05,Coastal,mqims 2013-2015.pdf,Good,MODERN,6.43123,99.7261,1.0
Kedah,Pantai Teluk Burau,MMKC006,2014,88.36,Coastal,mqims 2013-2015.pdf,Good,MODERN,6.36391,99.6685,1.0
Kedah,Pantai Teluk Nibong,MMKC007,2014,79.68,Coastal,mqims 2013-2015.pdf,Moderate,MODERN,6.36022,99.7022,1.0
Kedah,Pantai Tengah,MMKC008,2014,70.21,Coastal,mqims 2013-2015.pdf,Moderate,MODERN,6.27975,99.7275,1.0
Pulau Pinang,Gertak Sanggul,MMPC001,2014,55.64,Coastal,mqims 2013-2015.pdf,Moderate,MODERN,5.27732,100.194,1.0
Pulau Pinang,Kawasan Perindustrian Bayan Lepas I,MMPC002,2014,55.34,Coastal,mqims 2013-2015.pdf,Moderate,MODERN,5.30951,100.301,1.0
Pulau Pinang,Kawasan Perindustrian Bayan Lepas II,HIST_5303933_BAYAN_LEPAS_2,2014,54.71,Coastal,mqims 2013-2015.pdf,Moderate,LEGACY,,,
Pulau Pinang,Kawasan Perindustrian Bayan Lepas III,HIST_5302939_BAYAN_LEPAS_3,2014,54.46,Coastal,mqims 2013-2015.pdf,Moderate,LEGACY,,,
Pulau Pinang,Pantai Bersih,MMPC003,2014,61.22,Coastal,mqims 2013-2015.pdf,Moderate,MODERN,5.44167,100.378,1.0
Pulau Pinang,Pantai Miami,MMPC004,2014,65.47,Coastal,mqims 2013-2015.pdf,Moderate,MODERN,5.47923,100.268,1.0
Pulau Pinang,Pantai Pasir Panjang,MMPC005,2014,66.81,Coastal,mqims 2013-2015.pdf,Moderate,MODERN,5.29722,100.183,1.0
Pulau Pinang,Batu Feringgi (Casuarina),MMPC006,2014,69.22,Coastal,mqims 2013-2015.pdf,Moderate,MODERN,5.46944,100.242,1.0
Pulau Pinang,Luar Pantai Teluk Bahang,MMPC007,2014,66.54,Coastal,mqims 2013-2015.pdf,Moderate,MODERN,5.462,100.213,1.0
Pulau Pinang,Persiaran Gurney,MMPC008,2014,66.86,Coastal,mqims 2013-2015.pdf,Moderate,MODERN,5.4373,100.313,1.0
Kedah,Pantai Merdeka,MMKC001,2015,68.57,Coastal,mqims 2013-2015.pdf,Moderate,MODERN,5.66976,100.369,1.0
Kedah,Langkawi Island Resort,MMKC002,2015,71.44,Coastal,mqims 2013-2015.pdf,Moderate,MODERN,6.29669,99.861,1.0
Kedah,Pantai Kok,MMKC003,2015,72.23,Coastal,mqims 2013-2015.pdf,Moderate,MODERN,6.36607,99.6791,1.0
Kedah,Pantai Kuah,MMKC004,2015,71.05,Coastal,mqims 2013-2015.pdf,Moderate,MODERN,6.313553,99.851419,1.0
Kedah,Pantai Pasir Tengkorak,MMKC005,2015,85.47,Coastal,mqims 2013-2015.pdf,Good,MODERN,6.43123,99.7261,1.0
Kedah,Pantai Teluk Burau,MMKC006,2015,70.95,Coastal,mqims 2013-2015.pdf,Moderate,MODERN,6.36391,99.6685,1.0
Kedah,Pantai Teluk Nibong,MMKC007,2015,74.75,Coastal,mqims 2013-2015.pdf,Moderate,MODERN,6.36022,99.7022,1.0
Kedah,Pantai Tengah,MMKC008,2015,68.06,Coastal,mqims 2013-2015.pdf,Moderate,MODERN,6.27975,99.7275,1.0
Pulau Pinang,Gertak Sanggul,MMPC001,2015,53.11,Coastal,mqims 2013-2015.pdf,Moderate,MODERN,5.27732,100.194,1.0
Pulau Pinang,Kawasan Perindustrian Bayan Lepas I,MMPC002,2015,,Coastal,mqims 2013-2015.pdf,,MODERN,5.30951,100.301,1.0
Pulau Pinang,Kawasan Perindustrian Bayan Lepas II,HIST_5303933_BAYAN_LEPAS_2,2015,,Coastal,mqims 2013-2015.pdf,,LEGACY,,,
Pulau Pinang,Kawasan Perindustrian Bayan Lepas III,HIST_5302939_BAYAN_LEPAS_3,2015,53.88,Coastal,mqims 2013-2015.pdf,Moderate,LEGACY,,,
Pulau Pinang,Pantai Bersih,MMPC003,2015,52.63,Coastal,mqims 2013-2015.pdf,Moderate,MODERN,5.44167,100.378,1.0
Pulau Pinang,Pantai Miami,MMPC004,2015,69.18,Coastal,mqims 2013-2015.pdf,Moderate,MODERN,5.47923,100.268,1.0
Pulau Pinang,Pantai Pasir Panjang,MMPC005,2015,70.46,Coastal,mqims 2013-2015.pdf,Moderate,MODERN,5.29722,100.183,1.0
Pulau Pinang,Batu Feringgi (Casuarina),MMPC006,2015,66.07,Coastal,mqims 2013-2015.pdf,Moderate,MODERN,5.46944,100.242,1.0
Pulau Pinang,Luar Pantai Teluk Bahang,MMPC007,2015,65.36,Coastal,mqims 2013-2015.pdf,Moderate,MODERN,5.462,100.213,1.0
Pulau Pinang,Persiaran Gurney,MMPC008,2015,48.03,Coastal,mqims 2013-2015.pdf,Poor,MODERN,5.4373,100.313,1.0
Pulau Pinang,Rumah Pam Baru Perai,MMPC009,2013,50.53,Coastal,mqims 2013-2015.pdf,Moderate,MODERN,5.35417,100.387,1.0
Pulau Pinang,Rumah Pam Lama Perai,MMPC010,2013,51.02,Coastal,mqims 2013-2015.pdf,Moderate,MODERN,5.33445,100.31,1.0
Pulau Pinang,Selat PP Selatan (Jelutong),MMPC011,2013,60.52,Coastal,mqims 2013-2015.pdf,Moderate,MODERN,5.39108,100.329,1.0
Pulau Pinang,Tanjung Bungah,MMPC012,2013,51.91,Coastal,mqims 2013-2015.pdf,Moderate,MODERN,5.46742,100.281,1.0
Pulau Pinang,Teluk Tempoyak,MMPC013,2013,57.0,Coastal,mqims 2013-2015.pdf,Moderate,MODERN,5.46856,100.294,1.0
Pulau Pinang,Batu Maung,MMPC014,2013,72.34,Coastal,mqims 2013-2015.pdf,Moderate,MODERN,5.287831,100.292314,1.0
Perak,Pantai Pasir Bogak,MMAC001,2013,51.75,Coastal,mqims 2013-2015.pdf,Moderate,MODERN,4.21176,100.551,1.0
Perak,Pantai Teluk Dalam,MMAC002,2013,65.64,Coastal,mqims 2013-2015.pdf,Moderate,MODERN,4.25,100.556,1.0
Perak,Pantai Teluk Batik,MMAC003,2013,63.86,Coastal,mqims 2013-2015.pdf,Moderate,MODERN,4.18732,100.606,1.0
Perak,Pantai Tanjung Batu,MMAC004,2013,56.32,Coastal,mqims 2013-2015.pdf,Moderate,MODERN,4.42659,100.595,1.0
Perak,Pantai Pasir Panjang,MMAC008,2013,64.09,Coastal,mqims 2013-2015.pdf,Moderate,MODERN,4.34797,100.568,1.0
Selangor,Pantai Bagan Lalang,MMBC001,2013,86.08,Coastal,mqims 2013-2015.pdf,Good,MODERN,2.6054,101.687,1.0
Selangor,Pantai Morib,MMBC002,2013,53.76,Coastal,mqims 2013-2015.pdf,Moderate,MODERN,2.75,101.439,1.0
Selangor,Selat Pulau Babi,MMBC003,2013,65.21,Coastal,mqims 2013-2015.pdf,Moderate,MODERN,3.00766,101.273,1.0
Selangor,Selat Klang Utara,MMBC004,2013,64.28,Coastal,mqims 2013-2015.pdf,Moderate,MODERN,3.02818,101.351,1.0
N. Sembilan,Bagan Pinang,MMNC001,2013,67.9,Coastal,mqims 2013-2015.pdf,Moderate,MODERN,2.50823,101.828,1.0
N. Sembilan,Telok Sinting,MMNC002,2013,72.29,Coastal,mqims 2013-2015.pdf,Moderate,MODERN,2.41522,101.941,1.0
N. Sembilan,Port Dickson Bandar,MMNC003,2013,75.97,Coastal,mqims 2013-2015.pdf,Moderate,MODERN,2.52001,101.798,1.0
N. Sembilan,Port Dickson Batu 4,MMNC004,2013,68.6,Coastal,mqims 2013-2015.pdf,Moderate,MODERN,2.49971,101.837,1.0
N. Sembilan,Port Dickson Batu 5,MMNC005,2013,68.41,Coastal,mqims 2013-2015.pdf,Moderate,MODERN,2.49585,101.838,1.0
N. Sembilan,Port Dickson Batu 6,MMNC006,2013,73.31,Coastal,mqims 2013-2015.pdf,Moderate,MODERN,2.48079,101.847,1.0
N. Sembilan,Port Dickson Batu 7,MMNC007,2013,71.36,Coastal,mqims 2013-2015.pdf,Moderate,MODERN,2.46123,101.851,1.0
N. Sembilan,Port Dickson Batu 8,MMNC008,2013,94.06,Coastal,mqims 2013-2015.pdf,Excellent,MODERN,2.45415,101.854,1.0
N. Sembilan,Port Dickson Batu 10,MMNC009,2013,94.4,Coastal,mqims 2013-2015.pdf,Excellent,MODERN,2.41706,101.856,1.0
N. Sembilan,Port Dickson Janakuasa TNB,MMNC010,2013,74.92,Coastal,mqims 2013-2015.pdf,Moderate,MODERN,2.54237,101.798,1.0
N. Sembilan,Telok Pelanduk,MMNC011,2013,91.62,Coastal,mqims 2013-2015.pdf,Excellent,MODERN,2.41663,101.892,1.0
N. Sembilan,Pantai Cermin,MMNC012,2013,92.36,Coastal,mqims 2013-2015.pdf,Excellent,MODERN,2.41499,101.861,1.0
Pulau Pinang,Rumah Pam Baru Perai,MMPC009,2014,55.45,Coastal,mqims 2013-2015.pdf,Moderate,MODERN,5.35417,100.387,1.0
Pulau Pinang,Rumah Pam Lama Perai,MMPC010,2014,59.73,Coastal,mqims 2013-2015.pdf,Moderate,MODERN,5.33445,100.31,1.0
Pulau Pinang,Selat PP Selatan (Jelutong),MMPC011,2014,51.73,Coastal,mqims 2013-2015.pdf,Moderate,MODERN,5.39108,100.329,1.0
Pulau Pinang,Tanjung Bungah,MMPC012,2014,67.36,Coastal,mqims 2013-2015.pdf,Moderate,MODERN,5.46742,100.281,1.0
Pulau Pinang,Teluk Tempoyak,MMPC013,2014,61.87,Coastal,mqims 2013-2015.pdf,Moderate,MODERN,5.46856,100.294,1.0
Pulau Pinang,Batu Maung,MMPC014,2014,57.26,Coastal,mqims 2013-2015.pdf,Moderate,MODERN,5.287831,100.292314,1.0
Perak,Pantai Pasir Bogak,MMAC001,2014,80.41,Coastal,mqims 2013-2015.pdf,Good,MODERN,4.21176,100.551,1.0
Perak,Pantai Teluk Dalam,MMAC002,2014,70.01,Coastal,mqims 2013-2015.pdf,Moderate,MODERN,4.25,100.556,1.0
Perak,Pantai Teluk Batik,MMAC003,2014,71.11,Coastal,mqims 2013-2015.pdf,Moderate,MODERN,4.18732,100.606,1.0
Perak,Pantai Tanjung Batu,MMAC004,2014,84.07,Coastal,mqims 2013-2015.pdf,Good,MODERN,4.42659,100.595,1.0
Perak,Pantai Pasir Panjang,MMAC008,2014,85.58,Coastal,mqims 2013-2015.pdf,Good,MODERN,4.34797,100.568,1.0
Selangor,Pantai Bagan Lalang,MMBC001,2014,85.49,Coastal,mqims 2013-2015.pdf,Good,MODERN,2.6054,101.687,1.0
Selangor,Pantai Morib,MMBC002,2014,87.97,Coastal,mqims 2013-2015.pdf,Good,MODERN,2.75,101.439,1.0
Selangor,Selat Pulau Babi,MMBC003,2014,93.51,Coastal,mqims 2013-2015.pdf,Excellent,MODERN,3.00766,101.273,1.0
Selangor,Selat Klang Utara,MMBC004,2014,94.96,Coastal,mqims 2013-2015.pdf,Excellent,MODERN,3.02818,101.351,1.0
N. Sembilan,Bagan Pinang,MMNC001,2014,92.75,Coastal,mqims 2013-2015.pdf,Excellent,MODERN,2.50823,101.828,1.0
N. Sembilan,Telok Sinting,MMNC002,2014,88.84,Coastal,mqims 2013-2015.pdf,Good,MODERN,2.41522,101.941,1.0
N. Sembilan,Port Dickson Bandar,MMNC003,2014,70.39,Coastal,mqims 2013-2015.pdf,Moderate,MODERN,2.52001,101.798,1.0
N. Sembilan,Port Dickson Batu 4,MMNC004,2014,93.92,Coastal,mqims 2013-2015.pdf,Excellent,MODERN,2.49971,101.837,1.0
N. Sembilan,Port Dickson Batu 5,MMNC005,2014,67.31,Coastal,mqims 2013-2015.pdf,Moderate,MODERN,2.49585,101.838,1.0
N. Sembilan,Port Dickson Batu 6,MMNC006,2014,81.68,Coastal,mqims 2013-2015.pdf,Good,MODERN,2.48079,101.847,1.0
N. Sembilan,Port Dickson Batu 7,MMNC007,2014,90.13,Coastal,mqims 2013-2015.pdf,Excellent,MODERN,2.46123,101.851,1.0
N. Sembilan,Port Dickson Batu 8,MMNC008,2014,93.86,Coastal,mqims 2013-2015.pdf,Excellent,MODERN,2.45415,101.854,1.0
N. Sembilan,Port Dickson Batu 10,MMNC009,2014,90.1,Coastal,mqims 2013-2015.pdf,Excellent,MODERN,2.41706,101.856,1.0
N. Sembilan,Port Dickson Janakuasa TNB,MMNC010,2014,91.99,Coastal,mqims 2013-2015.pdf,Excellent,MODERN,2.54237,101.798,1.0
N. Sembilan,Telok Pelanduk,MMNC011,2014,91.5,Coastal,mqims 2013-2015.pdf,Excellent,MODERN,2.41663,101.892,1.0
N. Sembilan,Pantai Cermin,MMNC012,2014,88.47,Coastal,mqims 2013-2015.pdf,Good,MODERN,2.41499,101.861,1.0
Pulau Pinang,Rumah Pam Baru Perai,MMPC009,2015,52.8,Coastal,mqims 2013-2015.pdf,Moderate,MODERN,5.35417,100.387,1.0
Pulau Pinang,Rumah Pam Lama Perai,MMPC010,2015,55.26,Coastal,mqims 2013-2015.pdf,Moderate,MODERN,5.33445,100.31,1.0
Pulau Pinang,Selat PP Selatan (Jelutong),MMPC011,2015,49.68,Coastal,mqims 2013-2015.pdf,Poor,MODERN,5.39108,100.329,1.0
Pulau Pinang,Tanjung Bungah,MMPC012,2015,61.82,Coastal,mqims 2013-2015.pdf,Moderate,MODERN,5.46742,100.281,1.0
Pulau Pinang,Teluk Tempoyak,MMPC013,2015,52.55,Coastal,mqims 2013-2015.pdf,Moderate,MODERN,5.46856,100.294,1.0
Pulau Pinang,Batu Maung,MMPC014,2015,52.83,Coastal,mqims 2013-2015.pdf,Moderate,MODERN,5.287831,100.292314,1.0
Perak,Pantai Pasir Bogak,MMAC001,2015,55.97,Coastal,mqims 2013-2015.pdf,Moderate,MODERN,4.21176,100.551,1.0
Perak,Pantai Teluk Dalam,MMAC002,2015,54.45,Coastal,mqims 2013-2015.pdf,Moderate,MODERN,4.25,100.556,1.0
Perak,Pantai Teluk Batik,MMAC003,2015,73.0,Coastal,mqims 2013-2015.pdf,Moderate,MODERN,4.18732,100.606,1.0
Perak,Pantai Tanjung Batu,MMAC004,2015,69.34,Coastal,mqims 2013-2015.pdf,Moderate,MODERN,4.42659,100.595,1.0
Perak,Pantai Pasir Panjang,MMAC008,2015,51.97,Coastal,mqims 2013-2015.pdf,Moderate,MODERN,4.34797,100.568,1.0
Selangor,Pantai Bagan Lalang,MMBC001,2015,89.27,Coastal,mqims 2013-2015.pdf,Good,MODERN,2.6054,101.687,1.0
Selangor,Pantai Morib,MMBC002,2015,70.1,Coastal,mqims 2013-2015.pdf,Moderate,MODERN,2.75,101.439,1.0
Selangor,Selat Pulau Babi,MMBC003,2015,87.15,Coastal,mqims 2013-2015.pdf,Good,MODERN,3.00766,101.273,1.0
Selangor,Selat Klang Utara,MMBC004,2015,68.11,Coastal,mqims 2013-2015.pdf,Moderate,MODERN,3.02818,101.351,1.0
N. Sembilan,Bagan Pinang,MMNC001,2015,87.97,Coastal,mqims 2013-2015.pdf,Good,MODERN,2.50823,101.828,1.0
N. Sembilan,Telok Sinting,MMNC002,2015,90.65,Coastal,mqims 2013-2015.pdf,Excellent,MODERN,2.41522,101.941,1.0
N. Sembilan,Port Dickson Bandar,MMNC003,2015,84.1,Coastal,mqims 2013-2015.pdf,Good,MODERN,2.52001,101.798,1.0
N. Sembilan,Port Dickson Batu 4,MMNC004,2015,91.61,Coastal,mqims 2013-2015.pdf,Excellent,MODERN,2.49971,101.837,1.0
N. Sembilan,Port Dickson Batu 5,MMNC005,2015,88.16,Coastal,mqims 2013-2015.pdf,Good,MODERN,2.49585,101.838,1.0
N. Sembilan,Port Dickson Batu 6,MMNC006,2015,88.8,Coastal,mqims 2013-2015.pdf,Good,MODERN,2.48079,101.847,1.0
N. Sembilan,Port Dickson Batu 7,MMNC007,2015,86.85,Coastal,mqims 2013-2015.pdf,Good,MODERN,2.46123,101.851,1.0
N. Sembilan,Port Dickson Batu 8,MMNC008,2015,77.94,Coastal,mqims 2013-2015.pdf,Moderate,MODERN,2.45415,101.854,1.0
N. Sembilan,Port Dickson Batu 10,MMNC009,2015,93.11,Coastal,mqims 2013-2015.pdf,Excellent,MODERN,2.41706,101.856,1.0
N. Sembilan,Port Dickson Janakuasa TNB,MMNC010,2015,79.48,Coastal,mqims 2013-2015.pdf,Moderate,MODERN,2.54237,101.798,1.0
N. Sembilan,Telok Pelanduk,MMNC011,2015,93.6,Coastal,mqims 2013-2015.pdf,Excellent,MODERN,2.41663,101.892,1.0
N. Sembilan,Pantai Cermin,MMNC012,2015,89.62,Coastal,mqims 2013-2015.pdf,Good,MODERN,2.41499,101.861,1.0
Melaka,Pantai Rombang,MMMC001,2013,45.21,Coastal,mqims 2013-2015.pdf,Poor,MODERN,2.22728,102.148,1.0
Melaka,Pantai Kundur,MMMC002,2013,46.15,Coastal,mqims 2013-2015.pdf,Poor,MODERN,2.24319,102.14,1.0
Melaka,Pantai Tanjung Bidara,MMMC003,2013,44.08,Coastal,mqims 2013-2015.pdf,Poor,MODERN,2.29075,102.088,1.0
Melaka,Teluk Gong,MMMC004,2013,45.18,Coastal,mqims 2013-2015.pdf,Poor,MODERN,2.33983,102.056,1.0
Melaka,Pulau Melaka Point A(i),MMMC005,2013,42.39,Coastal,mqims 2013-2015.pdf,Poor,MODERN,2.17992,102.243,1.0
Melaka,Pulau Melaka Point A(ii),MMMC006,2013,40.67,Coastal,mqims 2013-2015.pdf,Poor,MODERN,2.17644,102.252,1.0
Melaka,Pulau Melaka Point B(i),MMMC007,2013,41.95,Coastal,mqims 2013-2015.pdf,Poor,MODERN,2.18332,102.248,1.0
Melaka,Pulau Melaka Point B(ii),MMMC008,2013,42.32,Coastal,mqims 2013-2015.pdf,Poor,MODERN,2.1813,102.255,1.0
Johor,Tanjung Bin,MMJC001,2013,88.26,Coastal,mqims 2013-2015.pdf,Good,MODERN,1.32456,103.557,1.0
Johor,Pelabuhan Tanjung Pelepas,MMJC002,2013,85.67,Coastal,mqims 2013-2015.pdf,Good,MODERN,1.35361,103.543,1.0
Johor,Hadapan Jabatan Laut,MMJC003,2013,78.9,Coastal,mqims 2013-2015.pdf,Moderate,MODERN,1.38275,103.535,1.0
Johor,Pantai Stulang Laut,MMJC004,2013,61.19,Coastal,mqims 2013-2015.pdf,Moderate,MODERN,1.46722,103.779,1.0
Johor,Jeti Teluk Jawa,MMJC005,2013,65.03,Coastal,mqims 2013-2015.pdf,Moderate,MODERN,1.47354,103.848,1.0
Johor,Pelabuhan Pasir Gudang,MMJC006,2013,63.94,Coastal,mqims 2013-2015.pdf,Moderate,MODERN,1.43255,103.899,1.0
Johor,Hadapan HSAJB,MMJC007,2013,63.48,Coastal,mqims 2013-2015.pdf,Moderate,MODERN,1.45644,103.746,1.0
Johor,Pantai Lido,MMJC008,2013,64.32,Coastal,mqims 2013-2015.pdf,Moderate,MODERN,1.46556,103.725,1.0
Johor,Pantai Teluk Mahkota,MMJC009,2013,82.96,Coastal,mqims 2013-2015.pdf,Good,MODERN,1.89781,104.105,1.0
Johor,Pantai Tanjung Leman,MMJC010,2013,83.06,Coastal,mqims 2013-2015.pdf,Good,MODERN,2.14528,104.007,1.0
Johor,Pantai Sri Pantai,MMJC011,2013,59.57,Coastal,mqims 2013-2015.pdf,Moderate,MODERN,2.37917,103.889,1.0
Johor,Tanjung Merak,MMJC012,2013,49.56,Coastal,mqims 2013-2015.pdf,Poor,MODERN,1.36275,104.11,1.0
Johor,Tanjung Pengelih,MMJC013,2013,76.2,Coastal,mqims 2013-2015.pdf,Moderate,MODERN,1.37075,104.089,1.0
Johor,Pantai Tanjong Stapa,MMJC014,2013,57.47,Coastal,mqims 2013-2015.pdf,Moderate,MODERN,1.3425,104.136,1.0
Johor,Pantai Teluk Gorek,MMJC015,2013,60.72,Coastal,mqims 2013-2015.pdf,Moderate,MODERN,2.5825,103.805,1.0
Johor,Pantai Air Papan,MMJC016,2013,79.08,Coastal,mqims 2013-2015.pdf,Moderate,MODERN,2.51806,103.833,1.0
Johor,Jeti Kukup,MMJC017,2013,58.52,Coastal,mqims 2013-2015.pdf,Moderate,MODERN,1.325,103.441,1.0
Johor,Jeti Tanjong Belungkor,HIST_1440963_JETI_TANJONG_BELUNGKOR,2013,80.31,Coastal,mqims 2013-2015.pdf,Good,LEGACY,,,
Johor,Pasir Gogok,MMJC018,2013,71.97,Coastal,mqims 2013-2015.pdf,Moderate,MODERN,1.41744,104.1,1.0
Melaka,Pantai Rombang,MMMC001,2014,55.15,Coastal,mqims 2013-2015.pdf,Moderate,MODERN,2.22728,102.148,1.0
Melaka,Pantai Kundur,MMMC002,2014,55.51,Coastal,mqims 2013-2015.pdf,Moderate,MODERN,2.24319,102.14,1.0
Melaka,Pantai Tanjung Bidara,MMMC003,2014,52.04,Coastal,mqims 2013-2015.pdf,Moderate,MODERN,2.29075,102.088,1.0
Melaka,Teluk Gong,MMMC004,2014,51.58,Coastal,mqims 2013-2015.pdf,Moderate,MODERN,2.33983,102.056,1.0
Melaka,Pulau Melaka Point A(i),MMMC005,2014,,Coastal,mqims 2013-2015.pdf,,MODERN,2.17992,102.243,1.0
Melaka,Pulau Melaka Point A(ii),MMMC006,2014,,Coastal,mqims 2013-2015.pdf,,MODERN,2.17644,102.252,1.0
Melaka,Pulau Melaka Point B(i),MMMC007,2014,,Coastal,mqims 2013-2015.pdf,,MODERN,2.18332,102.248,1.0
Melaka,Pulau Melaka Point B(ii),MMMC008,2014,,Coastal,mqims 2013-2015.pdf,,MODERN,2.1813,102.255,1.0
Johor,Tanjung Bin,MMJC001,2014,90.21,Coastal,mqims 2013-2015.pdf,Excellent,MODERN,1.32456,103.557,1.0
Johor,Pelabuhan Tanjung Pelepas,MMJC002,2014,85.79,Coastal,mqims 2013-2015.pdf,Good,MODERN,1.35361,103.543,1.0
Johor,Hadapan Jabatan Laut,MMJC003,2014,87.11,Coastal,mqims 2013-2015.pdf,Good,MODERN,1.38275,103.535,1.0
Johor,Pantai Stulang Laut,MMJC004,2014,61.0,Coastal,mqims 2013-2015.pdf,Moderate,MODERN,1.46722,103.779,1.0
Johor,Jeti Teluk Jawa,MMJC005,2014,84.28,Coastal,mqims 2013-2015.pdf,Good,MODERN,1.47354,103.848,1.0
Johor,Pelabuhan Pasir Gudang,MMJC006,2014,64.62,Coastal,mqims 2013-2015.pdf,Moderate,MODERN,1.43255,103.899,1.0
Johor,Hadapan HSAJB,MMJC007,2014,55.74,Coastal,mqims 2013-2015.pdf,Moderate,MODERN,1.45644,103.746,1.0
Johor,Pantai Lido,MMJC008,2014,63.25,Coastal,mqims 2013-2015.pdf,Moderate,MODERN,1.46556,103.725,1.0
Johor,Pantai Teluk Mahkota,MMJC009,2014,85.51,Coastal,mqims 2013-2015.pdf,Good,MODERN,1.89781,104.105,1.0
Johor,Pantai Tanjung Leman,MMJC010,2014,87.85,Coastal,mqims 2013-2015.pdf,Good,MODERN,2.14528,104.007,1.0
Johor,Pantai Sri Pantai,MMJC011,2014,87.81,Coastal,mqims 2013-2015.pdf,Good,MODERN,2.37917,103.889,1.0
Johor,Tanjung Merak,MMJC012,2014,61.98,Coastal,mqims 2013-2015.pdf,Moderate,MODERN,1.36275,104.11,1.0
Johor,Tanjung Pengelih,MMJC013,2014,85.38,Coastal,mqims 2013-2015.pdf,Good,MODERN,1.37075,104.089,1.0
Johor,Pantai Tanjong Stapa,MMJC014,2014,57.22,Coastal,mqims 2013-2015.pdf,Moderate,MODERN,1.3425,104.136,1.0
Johor,Pantai Teluk Gorek,MMJC015,2014,79.89,Coastal,mqims 2013-2015.pdf,Moderate,MODERN,2.5825,103.805,1.0
Johor,Pantai Air Papan,MMJC016,2014,86.86,Coastal,mqims 2013-2015.pdf,Good,MODERN,2.51806,103.833,1.0
Johor,Jeti Kukup,MMJC017,2014,64.52,Coastal,mqims 2013-2015.pdf,Moderate,MODERN,1.325,103.441,1.0
Johor,Jeti Tanjong Belungkor,HIST_1440963_JETI_TANJONG_BELUNGKOR,2014,87.92,Coastal,mqims 2013-2015.pdf,Good,LEGACY,,,
Johor,Pasir Gogok,MMJC018,2014,79.73,Coastal,mqims 2013-2015.pdf,Moderate,MODERN,1.41744,104.1,1.0
Melaka,Pantai Rombang,MMMC001,2015,58.84,Coastal,mqims 2013-2015.pdf,Moderate,MODERN,2.22728,102.148,1.0
Melaka,Pantai Kundur,MMMC002,2015,55.38,Coastal,mqims 2013-2015.pdf,Moderate,MODERN,2.24319,102.14,1.0
Melaka,Pantai Tanjung Bidara,MMMC003,2015,53.5,Coastal,mqims 2013-2015.pdf,Moderate,MODERN,2.29075,102.088,1.0
Melaka,Teluk Gong,MMMC004,2015,55.56,Coastal,mqims 2013-2015.pdf,Moderate,MODERN,2.33983,102.056,1.0
Melaka,Pulau Melaka Point A(i),MMMC005,2015,78.57,Coastal,mqims 2013-2015.pdf,Moderate,MODERN,2.17992,102.243,1.0
Melaka,Pulau Melaka Point A(ii),MMMC006,2015,,Coastal,mqims 2013-2015.pdf,,MODERN,2.17644,102.252,1.0
Melaka,Pulau Melaka Point B(i),MMMC007,2015,84.38,Coastal,mqims 2013-2015.pdf,Good,MODERN,2.18332,102.248,1.0
Melaka,Pulau Melaka Point B(ii),MMMC008,2015,,Coastal,mqims 2013-2015.pdf,,MODERN,2.1813,102.255,1.0
Johor,Tanjung Bin,MMJC001,2015,90.25,Coastal,mqims 2013-2015.pdf,Excellent,MODERN,1.32456,103.557,1.0
Johor,Pelabuhan Tanjung Pelepas,MMJC002,2015,89.61,Coastal,mqims 2013-2015.pdf,Good,MODERN,1.35361,103.543,1.0
Johor,Hadapan Jabatan Laut,MMJC003,2015,62.51,Coastal,mqims 2013-2015.pdf,Moderate,MODERN,1.38275,103.535,1.0
Johor,Pantai Stulang Laut,MMJC004,2015,58.56,Coastal,mqims 2013-2015.pdf,Moderate,MODERN,1.46722,103.779,1.0
Johor,Jeti Teluk Jawa,MMJC005,2015,64.59,Coastal,mqims 2013-2015.pdf,Moderate,MODERN,1.47354,103.848,1.0
Johor,Pelabuhan Pasir Gudang,MMJC006,2015,75.37,Coastal,mqims 2013-2015.pdf,Moderate,MODERN,1.43255,103.899,1.0
Johor,Hadapan HSAJB,MMJC007,2015,64.08,Coastal,mqims 2013-2015.pdf,Moderate,MODERN,1.45644,103.746,1.0
Johor,Pantai Lido,MMJC008,2015,59.16,Coastal,mqims 2013-2015.pdf,Moderate,MODERN,1.46556,103.725,1.0
Johor,Pantai Teluk Mahkota,MMJC009,2015,85.58,Coastal,mqims 2013-2015.pdf,Good,MODERN,1.89781,104.105,1.0
Johor,Pantai Tanjung Leman,MMJC010,2015,88.85,Coastal,mqims 2013-2015.pdf,Good,MODERN,2.14528,104.007,1.0
Johor,Pantai Sri Pantai,MMJC011,2015,87.93,Coastal,mqims 2013-2015.pdf,Good,MODERN,2.37917,103.889,1.0
Johor,Tanjung Merak,MMJC012,2015,73.3,Coastal,mqims 2013-2015.pdf,Moderate,MODERN,1.36275,104.11,1.0
Johor,Tanjung Pengelih,MMJC013,2015,88.54,Coastal,mqims 2013-2015.pdf,Good,MODERN,1.37075,104.089,1.0
Johor,Pantai Tanjong Stapa,MMJC014,2015,88.08,Coastal,mqims 2013-2015.pdf,Good,MODERN,1.3425,104.136,1.0
Johor,Pantai Teluk Gorek,MMJC015,2015,89.11,Coastal,mqims 2013-2015.pdf,Good,MODERN,2.5825,103.805,1.0
Johor,Pantai Air Papan,MMJC016,2015,89.75,Coastal,mqims 2013-2015.pdf,Good,MODERN,2.51806,103.833,1.0
Johor,Jeti Kukup,MMJC017,2015,62.22,Coastal,mqims 2013-2015.pdf,Moderate,MODERN,1.325,103.441,1.0
Johor,Jeti Tanjong Belungkor,HIST_1440963_JETI_TANJONG_BELUNGKOR,2015,84.34,Coastal,mqims 2013-2015.pdf,Good,LEGACY,,,
Johor,Pasir Gogok,MMJC018,2015,89.48,Coastal,mqims 2013-2015.pdf,Good,MODERN,1.41744,104.1,1.0
Johor,Tanjung Buai,MMJC019,2013,60.45,Coastal,mqims 2013-2015.pdf,Moderate,MODERN,1.49669,104.045,1.0
Johor,Pantai Desaru,MMJC020,2013,82.91,Coastal,mqims 2013-2015.pdf,Good,MODERN,1.54667,104.261,1.0
Johor,Tanjung Sepang,MMJC021,2013,81.78,Coastal,mqims 2013-2015.pdf,Good,MODERN,1.39192,104.108,1.0
Johor,Tanjung Penyusup,MMJC022,2013,82.02,Coastal,mqims 2013-2015.pdf,Good,MODERN,1.37025,104.28,1.0
Johor,Pantai Sungai Lurus,MMJC023,2013,64.81,Coastal,mqims 2013-2015.pdf,Moderate,MODERN,1.72833,103.029,1.0
Johor,Punggur,MMJC024,2013,49.47,Coastal,mqims 2013-2015.pdf,Poor,MODERN,1.68472,103.098,1.0
Pahang,Pantai Cherating (Club Med),MMCC001,2013,73.92,Coastal,mqims 2013-2015.pdf,Moderate,MODERN,4.14197,103.409,1.0
Pahang,Pantai Cherating (Club Med),MMCC002,2013,73.83,Coastal,mqims 2013-2015.pdf,Moderate,MODERN,4.12786,103.406,1.0
Pahang,Pantai Cherating (Legend),MMCC003,2013,73.76,Coastal,mqims 2013-2015.pdf,Moderate,MODERN,4.11167,103.386,1.0
Pahang,Pantai Cherating (Legend),MMCC004,2013,73.96,Coastal,mqims 2013-2015.pdf,Moderate,MODERN,4.10461,103.386,1.0
Pahang,Pantai Muhibbah Balok,MMCC005,2013,72.82,Coastal,mqims 2013-2015.pdf,Moderate,MODERN,3.94163,103.385,1.0
Pahang,Pantai Muhibbah Balok,MMCC006,2013,71.03,Coastal,mqims 2013-2015.pdf,Moderate,MODERN,3.92353,103.375,1.0
Pahang,Pantai Batu Hitam,MMCC007,2013,73.09,Coastal,mqims 2013-2015.pdf,Moderate,MODERN,3.886,103.368,1.0
Pahang,Pantai Batu Hitam,MMCC008,2013,73.87,Coastal,mqims 2013-2015.pdf,Moderate,MODERN,3.89031,103.369,1.0
Pahang,Pantai Berserah,MMCC009,2013,73.62,Coastal,mqims 2013-2015.pdf,Moderate,MODERN,3.88228,103.368,1.0
Pahang,Pantai Berserah,MMCC010,2013,73.84,Coastal,mqims 2013-2015.pdf,Moderate,MODERN,3.876,103.369,1.0
Pahang,Pantai Teluk Cempedak,MMCC011,2013,73.96,Coastal,mqims 2013-2015.pdf,Moderate,MODERN,3.81667,103.374,1.0
Pahang,Pantai Teluk Cempedak,MMCC012,2013,73.89,Coastal,mqims 2013-2015.pdf,Moderate,MODERN,3.81019,103.374,1.0
Pahang,Pantai Teluk Gelora,MMCC013,2013,55.8,Coastal,mqims 2013-2015.pdf,Moderate,MODERN,3.80303,103.364,1.0
Pahang,Pantai Teluk Gelora,MMCC014,2013,61.48,Coastal,mqims 2013-2015.pdf,Moderate,MODERN,3.80278,103.351,1.0
Pahang,Pantai Sepat,MMCC015,2013,73.52,Coastal,mqims 2013-2015.pdf,Moderate,MODERN,3.7015,103.339,1.0
Pahang,Pantai Sepat (B),MMCC016,2013,73.89,Coastal,mqims 2013-2015.pdf,Moderate,MODERN,3.69886,103.34,1.0
Pahang,Pantai Legenda (A),MMCC017,2013,73.62,Coastal,mqims 2013-2015.pdf,Moderate,MODERN,3.61798,103.413,1.0
Pahang,Pantai Legenda (B),MMCC018,2013,73.62,Coastal,mqims 2013-2015.pdf,Moderate,MODERN,3.55029,103.467,1.0
Pahang,Pantai Kuala Api-Api,MMCC019,2013,72.9,Coastal,mqims 2013-2015.pdf,Moderate,MODERN,3.28119,103.433,1.0
Pahang,Pantai Tanjung Batu,MMCC020,2013,72.65,Coastal,mqims 2013-2015.pdf,Moderate,MODERN,3.20503,103.447,1.0
Johor,Tanjung Buai,MMJC019,2014,89.89,Coastal,mqims 2013-2015.pdf,Good,MODERN,1.49669,104.045,1.0
Johor,Pantai Desaru,MMJC020,2014,71.54,Coastal,mqims 2013-2015.pdf,Moderate,MODERN,1.54667,104.261,1.0
Johor,Tanjung Sepang,MMJC021,2014,83.51,Coastal,mqims 2013-2015.pdf,Good,MODERN,1.39192,104.108,1.0
Johor,Tanjung Penyusup,MMJC022,2014,77.08,Coastal,mqims 2013-2015.pdf,Moderate,MODERN,1.37025,104.28,1.0
Johor,Pantai Sungai Lurus,MMJC023,2014,86.68,Coastal,mqims 2013-2015.pdf,Good,MODERN,1.72833,103.029,1.0
Johor,Punggur,MMJC024,2014,52.74,Coastal,mqims 2013-2015.pdf,Moderate,MODERN,1.68472,103.098,1.0
Pahang,Pantai Cherating (Club Med),MMCC001,2014,91.11,Coastal,mqims 2013-2015.pdf,Excellent,MODERN,4.14197,103.409,1.0
Pahang,Pantai Cherating (Club Med),MMCC002,2014,94.11,Coastal,mqims 2013-2015.pdf,Excellent,MODERN,4.12786,103.406,1.0
Pahang,Pantai Cherating (Legend),MMCC003,2014,67.36,Coastal,mqims 2013-2015.pdf,Moderate,MODERN,4.11167,103.386,1.0
Pahang,Pantai Cherating (Legend),MMCC004,2014,92.74,Coastal,mqims 2013-2015.pdf,Excellent,MODERN,4.10461,103.386,1.0
Pahang,Pantai Muhibbah Balok,MMCC005,2014,87.45,Coastal,mqims 2013-2015.pdf,Good,MODERN,3.94163,103.385,1.0
Pahang,Pantai Muhibbah Balok,MMCC006,2014,86.44,Coastal,mqims 2013-2015.pdf,Good,MODERN,3.92353,103.375,1.0
Pahang,Pantai Batu Hitam,MMCC007,2014,93.94,Coastal,mqims 2013-2015.pdf,Excellent,MODERN,3.886,103.368,1.0
Pahang,Pantai Batu Hitam,MMCC008,2014,91.21,Coastal,mqims 2013-2015.pdf,Excellent,MODERN,3.89031,103.369,1.0
Pahang,Pantai Berserah,MMCC009,2014,93.92,Coastal,mqims 2013-2015.pdf,Excellent,MODERN,3.88228,103.368,1.0
Pahang,Pantai Berserah,MMCC010,2014,71.49,Coastal,mqims 2013-2015.pdf,Moderate,MODERN,3.876,103.369,1.0
Pahang,Pantai Teluk Cempedak,MMCC011,2014,93.36,Coastal,mqims 2013-2015.pdf,Excellent,MODERN,3.81667,103.374,1.0
Pahang,Pantai Teluk Cempedak,MMCC012,2014,94.29,Coastal,mqims 2013-2015.pdf,Excellent,MODERN,3.81019,103.374,1.0
Pahang,Pantai Teluk Gelora,MMCC013,2014,71.47,Coastal,mqims 2013-2015.pdf,Moderate,MODERN,3.80303,103.364,1.0
Pahang,Pantai Teluk Gelora,MMCC014,2014,78.43,Coastal,mqims 2013-2015.pdf,Moderate,MODERN,3.80278,103.351,1.0
Pahang,Pantai Sepat,MMCC015,2014,93.66,Coastal,mqims 2013-2015.pdf,Excellent,MODERN,3.7015,103.339,1.0
Pahang,Pantai Sepat (B),MMCC016,2014,94.29,Coastal,mqims 2013-2015.pdf,Excellent,MODERN,3.69886,103.34,1.0
Pahang,Pantai Legenda (A),MMCC017,2014,94.25,Coastal,mqims 2013-2015.pdf,Excellent,MODERN,3.61798,103.413,1.0
Pahang,Pantai Legenda (B),MMCC018,2014,94.2,Coastal,mqims 2013-2015.pdf,Excellent,MODERN,3.55029,103.467,1.0
Pahang,Pantai Kuala Api-Api,MMCC019,2014,93.21,Coastal,mqims 2013-2015.pdf,Excellent,MODERN,3.28119,103.433,1.0
Pahang,Pantai Tanjung Batu,MMCC020,2014,93.03,Coastal,mqims 2013-2015.pdf,Excellent,MODERN,3.20503,103.447,1.0
Johor,Tanjung Buai,MMJC019,2015,88.39,Coastal,mqims 2013-2015.pdf,Good,MODERN,1.49669,104.045,1.0
Johor,Pantai Desaru,MMJC020,2015,65.6,Coastal,mqims 2013-2015.pdf,Moderate,MODERN,1.54667,104.261,1.0
Johor,Tanjung Sepang,MMJC021,2015,64.57,Coastal,mqims 2013-2015.pdf,Moderate,MODERN,1.39192,104.108,1.0
Johor,Tanjung Penyusup,MMJC022,2015,62.72,Coastal,mqims 2013-2015.pdf,Moderate,MODERN,1.37025,104.28,1.0
Johor,Pantai Sungai Lurus,MMJC023,2015,64.68,Coastal,mqims 2013-2015.pdf,Moderate,MODERN,1.72833,103.029,1.0
Johor,Punggur,MMJC024,2015,87.55,Coastal,mqims 2013-2015.pdf,Good,MODERN,1.68472,103.098,1.0
Pahang,Pantai Cherating (Club Med),MMCC001,2015,85.03,Coastal,mqims 2013-2015.pdf,Good,MODERN,4.14197,103.409,1.0
Pahang,Pantai Cherating (Club Med),MMCC002,2015,85.22,Coastal,mqims 2013-2015.pdf,Good,MODERN,4.12786,103.406,1.0
Pahang,Pantai Cherating (Legend),MMCC003,2015,87.51,Coastal,mqims 2013-2015.pdf,Good,MODERN,4.11167,103.386,1.0
Pahang,Pantai Cherating (Legend),MMCC004,2015,87.95,Coastal,mqims 2013-2015.pdf,Good,MODERN,4.10461,103.386,1.0
Pahang,Pantai Muhibbah Balok,MMCC005,2015,77.6,Coastal,mqims 2013-2015.pdf,Moderate,MODERN,3.94163,103.385,1.0
Pahang,Pantai Muhibbah Balok,MMCC006,2015,75.96,Coastal,mqims 2013-2015.pdf,Moderate,MODERN,3.92353,103.375,1.0
Pahang,Pantai Batu Hitam,MMCC007,2015,85.1,Coastal,mqims 2013-2015.pdf,Good,MODERN,3.886,103.368,1.0
Pahang,Pantai Batu Hitam,MMCC008,2015,87.43,Coastal,mqims 2013-2015.pdf,Good,MODERN,3.89031,103.369,1.0
Pahang,Pantai Berserah,MMCC009,2015,90.27,Coastal,mqims 2013-2015.pdf,Excellent,MODERN,3.88228,103.368,1.0
Pahang,Pantai Berserah,MMCC010,2015,78.41,Coastal,mqims 2013-2015.pdf,Moderate,MODERN,3.876,103.369,1.0
Pahang,Pantai Teluk Cempedak,MMCC011,2015,78.44,Coastal,mqims 2013-2015.pdf,Moderate,MODERN,3.81667,103.374,1.0
Pahang,Pantai Teluk Cempedak,MMCC012,2015,67.43,Coastal,mqims 2013-2015.pdf,Moderate,MODERN,3.81019,103.374,1.0
Pahang,Pantai Teluk Gelora,MMCC013,2015,62.3,Coastal,mqims 2013-2015.pdf,Moderate,MODERN,3.80303,103.364,1.0
Pahang,Pantai Teluk Gelora,MMCC014,2015,64.6,Coastal,mqims 2013-2015.pdf,Moderate,MODERN,3.80278,103.351,1.0
Pahang,Pantai Sepat,MMCC015,2015,62.05,Coastal,mqims 2013-2015.pdf,Moderate,MODERN,3.7015,103.339,1.0
Pahang,Pantai Sepat (B),MMCC016,2015,85.58,Coastal,mqims 2013-2015.pdf,Good,MODERN,3.69886,103.34,1.0
Pahang,Pantai Legenda (A),MMCC017,2015,82.83,Coastal,mqims 2013-2015.pdf,Good,MODERN,3.61798,103.413,1.0
Pahang,Pantai Legenda (B),MMCC018,2015,64.31,Coastal,mqims 2013-2015.pdf,Moderate,MODERN,3.55029,103.467,1.0
Pahang,Pantai Kuala Api-Api,MMCC019,2015,66.17,Coastal,mqims 2013-2015.pdf,Moderate,MODERN,3.28119,103.433,1.0
Pahang,Pantai Tanjung Batu,MMCC020,2015,83.32,Coastal,mqims 2013-2015.pdf,Good,MODERN,3.20503,103.447,1.0
Terengganu,Pantai Batu Buruk,MMTC001,2013,66.87,Coastal,mqims 2013-2015.pdf,Moderate,MODERN,5.32654,103.156,1.0
Terengganu,Pantai Bukit Keluang,MMTC002,2013,63.44,Coastal,mqims 2013-2015.pdf,Moderate,MODERN,5.80676,102.61,1.0
Terengganu,Pantai Chendering,MMTC003,2013,66.03,Coastal,mqims 2013-2015.pdf,Moderate,MODERN,5.27104,103.189,1.0
Terengganu,Pantai Rantau Abang,MMTC004,2013,68.06,Coastal,mqims 2013-2015.pdf,Moderate,MODERN,4.87237,103.393,1.0
Terengganu,KIPC Utara,MMTC005,2013,65.02,Coastal,mqims 2013-2015.pdf,Moderate,MODERN,4.61285,103.452,1.0
Terengganu,KIPC Tengah,MMTC006,2013,64.23,Coastal,mqims 2013-2015.pdf,Moderate,MODERN,4.58227,103.466,1.0
Terengganu,KIPC Selatan,MMTC007,2013,69.81,Coastal,mqims 2013-2015.pdf,Moderate,MODERN,4.5536,103.477,1.0
Kelantan,Pantai Seri Tujuh,MMDC001,2013,66.22,Coastal,mqims 2013-2015.pdf,Moderate,MODERN,6.22804,102.117,1.0
Kelantan,Pantai Cahaya Bulan,MMDC002,2013,66.0,Coastal,mqims 2013-2015.pdf,Moderate,MODERN,6.19646,102.277,1.0
Kelantan,Pantai Sabak,MMDC003,2013,58.87,Coastal,mqims 2013-2015.pdf,Moderate,MODERN,6.17962,102.322,1.0
Kelantan,Pantai Irama Bachok,MMDC004,2013,56.77,Coastal,mqims 2013-2015.pdf,Moderate,MODERN,6.06686,102.4,1.0
Kelantan,Pantai Bisikan Bayu,MMDC005,2013,50.28,Coastal,mqims 2013-2015.pdf,Moderate,MODERN,5.86259,102.518,1.0
Sarawak,Pantai Sematan,MMQC001,2013,59.58,Coastal,mqims 2013-2015.pdf,Moderate,MODERN,1.82722,109.775,1.0
Sarawak,Pantai Pandan,MMQC002,2013,57.94,Coastal,mqims 2013-2015.pdf,Moderate,MODERN,1.76553,109.865,1.0
Sarawak,Pantai Pasir Putih,MMQC003,2013,44.04,Coastal,mqims 2013-2015.pdf,Poor,MODERN,1.66153,110.487,1.0
Sarawak,Pantai Bako,MMQC004,2013,69.65,Coastal,mqims 2013-2015.pdf,Moderate,MODERN,1.71806,110.442,1.0
Sarawak,Pantai Damai,MMQC005,2013,58.34,Coastal,mqims 2013-2015.pdf,Moderate,MODERN,1.75026,110.308,1.0
Sarawak,Pantai Tanjung Kembang,MMQC006,2013,69.32,Coastal,mqims 2013-2015.pdf,Moderate,MODERN,1.82444,111.096,1.0
Sarawak,Pantai Harmoni Mukah,MMQC007,2013,53.42,Coastal,mqims 2013-2015.pdf,Moderate,MODERN,2.90972,112.056,1.0
Sarawak,Pantai Tanjung Batu,MMQC008,2013,62.49,Coastal,mqims 2013-2015.pdf,Moderate,MODERN,3.21064,113.043,1.0
Sarawak,Pantai Likau,MMQC009,2013,51.99,Coastal,mqims 2013-2015.pdf,Moderate,MODERN,3.34426,113.148,1.0
Sarawak,Pantai Emas,MMQC010,2013,63.45,Coastal,mqims 2013-2015.pdf,Moderate,MODERN,3.44106,113.224,1.0
Sarawak,Pantai Piasau,MMQC011,2013,54.53,Coastal,mqims 2013-2015.pdf,Moderate,MODERN,4.43787,113.994,1.0
Sarawak,Pantai Brighton,MMQC012,2013,54.84,Coastal,mqims 2013-2015.pdf,Moderate,MODERN,4.37878,113.97,1.0
Sarawak,Pantai Esplaned,MMQC013,2013,54.97,Coastal,mqims 2013-2015.pdf,Moderate,MODERN,4.32458,113.961,1.0
Sarawak,Pantai Beraya,MMQC014,2013,70.12,Coastal,mqims 2013-2015.pdf,Moderate,MODERN,4.19248,113.877,1.0
Sarawak,Pantai Bungai,MMQC015,2013,53.41,Coastal,mqims 2013-2015.pdf,Moderate,MODERN,4.06457,113.782,1.0
Sarawak,Pantai Belawai,MMQC016,2013,76.91,Coastal,mqims 2013-2015.pdf,Moderate,MODERN,2.22094,111.208,1.0
Terengganu,Pantai Batu Buruk,MMTC001,2014,66.63,Coastal,mqims 2013-2015.pdf,Moderate,MODERN,5.32654,103.156,1.0
Terengganu,Pantai Bukit Keluang,MMTC002,2014,69.87,Coastal,mqims 2013-2015.pdf,Moderate,MODERN,5.80676,102.61,1.0
Terengganu,Pantai Chendering,MMTC003,2014,69.84,Coastal,mqims 2013-2015.pdf,Moderate,MODERN,5.27104,103.189,1.0
Terengganu,Pantai Rantau Abang,MMTC004,2014,70.35,Coastal,mqims 2013-2015.pdf,Moderate,MODERN,4.87237,103.393,1.0
Terengganu,KIPC Utara,MMTC005,2014,62.22,Coastal,mqims 2013-2015.pdf,Moderate,MODERN,4.61285,103.452,1.0
Terengganu,KIPC Tengah,MMTC006,2014,63.6,Coastal,mqims 2013-2015.pdf,Moderate,MODERN,4.58227,103.466,1.0
Terengganu,KIPC Selatan,MMTC007,2014,66.53,Coastal,mqims 2013-2015.pdf,Moderate,MODERN,4.5536,103.477,1.0
Kelantan,Pantai Seri Tujuh,MMDC001,2014,71.1,Coastal,mqims 2013-2015.pdf,Moderate,MODERN,6.22804,102.117,1.0
Kelantan,Pantai Cahaya Bulan,MMDC002,2014,74.47,Coastal,mqims 2013-2015.pdf,Moderate,MODERN,6.19646,102.277,1.0
Kelantan,Pantai Sabak,MMDC003,2014,72.13,Coastal,mqims 2013-2015.pdf,Moderate,MODERN,6.17962,102.322,1.0
Kelantan,Pantai Irama Bachok,MMDC004,2014,69.29,Coastal,mqims 2013-2015.pdf,Moderate,MODERN,6.06686,102.4,1.0
Kelantan,Pantai Bisikan Bayu,MMDC005,2014,67.44,Coastal,mqims 2013-2015.pdf,Moderate,MODERN,5.86259,102.518,1.0
Sarawak,Pantai Sematan,MMQC001,2014,91.47,Coastal,mqims 2013-2015.pdf,Excellent,MODERN,1.82722,109.775,1.0
Sarawak,Pantai Pandan,MMQC002,2014,94.47,Coastal,mqims 2013-2015.pdf,Excellent,MODERN,1.76553,109.865,1.0
Sarawak,Pantai Pasir Putih,MMQC003,2014,67.36,Coastal,mqims 2013-2015.pdf,Moderate,MODERN,1.66153,110.487,1.0
Sarawak,Pantai Bako,MMQC004,2014,94.29,Coastal,mqims 2013-2015.pdf,Excellent,MODERN,1.71806,110.442,1.0
Sarawak,Pantai Damai,MMQC005,2014,91.29,Coastal,mqims 2013-2015.pdf,Excellent,MODERN,1.75026,110.308,1.0
Sarawak,Pantai Tanjung Kembang,MMQC006,2014,73.99,Coastal,mqims 2013-2015.pdf,Moderate,MODERN,1.82444,111.096,1.0
Sarawak,Pantai Harmoni Mukah,MMQC007,2014,53.87,Coastal,mqims 2013-2015.pdf,Moderate,MODERN,2.90972,112.056,1.0
Sarawak,Pantai Tanjung Batu,MMQC008,2014,70.29,Coastal,mqims 2013-2015.pdf,Moderate,MODERN,3.21064,113.043,1.0
Sarawak,Pantai Likau,MMQC009,2014,63.19,Coastal,mqims 2013-2015.pdf,Moderate,MODERN,3.34426,113.148,1.0
Sarawak,Pantai Emas,MMQC010,2014,63.77,Coastal,mqims 2013-2015.pdf,Moderate,MODERN,3.44106,113.224,1.0
Sarawak,Pantai Piasau,MMQC011,2014,88.55,Coastal,mqims 2013-2015.pdf,Good,MODERN,4.43787,113.994,1.0
Sarawak,Pantai Brighton,MMQC012,2014,91.43,Coastal,mqims 2013-2015.pdf,Excellent,MODERN,4.37878,113.97,1.0
Sarawak,Pantai Esplaned,MMQC013,2014,89.63,Coastal,mqims 2013-2015.pdf,Good,MODERN,4.32458,113.961,1.0
Sarawak,Pantai Beraya,MMQC014,2014,89.42,Coastal,mqims 2013-2015.pdf,Good,MODERN,4.19248,113.877,1.0
Sarawak,Pantai Bungai,MMQC015,2014,91.11,Coastal,mqims 2013-2015.pdf,Excellent,MODERN,4.06457,113.782,1.0
Sarawak,Pantai Belawai,MMQC016,2014,65.92,Coastal,mqims 2013-2015.pdf,Moderate,MODERN,2.22094,111.208,1.0
Terengganu,Pantai Batu Buruk,MMTC001,2015,58.57,Coastal,mqims 2013-2015.pdf,Moderate,MODERN,5.32654,103.156,1.0
Terengganu,Pantai Bukit Keluang,MMTC002,2015,52.5,Coastal,mqims 2013-2015.pdf,Moderate,MODERN,5.80676,102.61,1.0
Terengganu,Pantai Chendering,MMTC003,2015,53.93,Coastal,mqims 2013-2015.pdf,Moderate,MODERN,5.27104,103.189,1.0
Terengganu,Pantai Rantau Abang,MMTC004,2015,60.72,Coastal,mqims 2013-2015.pdf,Moderate,MODERN,4.87237,103.393,1.0
Terengganu,KIPC Utara,MMTC005,2015,62.63,Coastal,mqims 2013-2015.pdf,Moderate,MODERN,4.61285,103.452,1.0
Terengganu,KIPC Tengah,MMTC006,2015,73.57,Coastal,mqims 2013-2015.pdf,Moderate,MODERN,4.58227,103.466,1.0
Terengganu,KIPC Selatan,MMTC007,2015,75.99,Coastal,mqims 2013-2015.pdf,Moderate,MODERN,4.5536,103.477,1.0
Kelantan,Pantai Seri Tujuh,MMDC001,2015,63.01,Coastal,mqims 2013-2015.pdf,Moderate,MODERN,6.22804,102.117,1.0
Kelantan,Pantai Cahaya Bulan,MMDC002,2015,61.56,Coastal,mqims 2013-2015.pdf,Moderate,MODERN,6.19646,102.277,1.0
Kelantan,Pantai Sabak,MMDC003,2015,61.66,Coastal,mqims 2013-2015.pdf,Moderate,MODERN,6.17962,102.322,1.0
Kelantan,Pantai Irama Bachok,MMDC004,2015,62.24,Coastal,mqims 2013-2015.pdf,Moderate,MODERN,6.06686,102.4,1.0
Kelantan,Pantai Bisikan Bayu,MMDC005,2015,64.01,Coastal,mqims 2013-2015.pdf,Moderate,MODERN,5.86259,102.518,1.0
Sarawak,Pantai Sematan,MMQC001,2015,76.37,Coastal,mqims 2013-2015.pdf,Moderate,MODERN,1.82722,109.775,1.0
Sarawak,Pantai Pandan,MMQC002,2015,87.0,Coastal,mqims 2013-2015.pdf,Good,MODERN,1.76553,109.865,1.0
Sarawak,Pantai Pasir Putih,MMQC003,2015,67.73,Coastal,mqims 2013-2015.pdf,Moderate,MODERN,1.66153,110.487,1.0
Sarawak,Pantai Bako,MMQC004,2015,88.54,Coastal,mqims 2013-2015.pdf,Good,MODERN,1.71806,110.442,1.0
Sarawak,Pantai Damai,MMQC005,2015,76.13,Coastal,mqims 2013-2015.pdf,Moderate,MODERN,1.75026,110.308,1.0
Sarawak,Pantai Tanjung Kembang,MMQC006,2015,87.39,Coastal,mqims 2013-2015.pdf,Good,MODERN,1.82444,111.096,1.0
Sarawak,Pantai Harmoni Mukah,MMQC007,2015,54.68,Coastal,mqims 2013-2015.pdf,Moderate,MODERN,2.90972,112.056,1.0
Sarawak,Pantai Tanjung Batu,MMQC008,2015,67.28,Coastal,mqims 2013-2015.pdf,Moderate,MODERN,3.21064,113.043,1.0
Sarawak,Pantai Likau,MMQC009,2015,89.02,Coastal,mqims 2013-2015.pdf,Good,MODERN,3.34426,113.148,1.0
Sarawak,Pantai Emas,MMQC010,2015,88.93,Coastal,mqims 2013-2015.pdf,Good,MODERN,3.44106,113.224,1.0
Sarawak,Pantai Piasau,MMQC011,2015,82.17,Coastal,mqims 2013-2015.pdf,Good,MODERN,4.43787,113.994,1.0
Sarawak,Pantai Brighton,MMQC012,2015,94.0,Coastal,mqims 2013-2015.pdf,Excellent,MODERN,4.37878,113.97,1.0
Sarawak,Pantai Esplaned,MMQC013,2015,97.11,Coastal,mqims 2013-2015.pdf,Excellent,MODERN,4.32458,113.961,1.0
Sarawak,Pantai Beraya,MMQC014,2015,97.32,Coastal,mqims 2013-2015.pdf,Excellent,MODERN,4.19248,113.877,1.0
Sarawak,Pantai Bungai,MMQC015,2015,82.96,Coastal,mqims 2013-2015.pdf,Good,MODERN,4.06457,113.782,1.0
Sarawak,Pantai Belawai,MMQC016,2015,83.8,Coastal,mqims 2013-2015.pdf,Good,MODERN,2.22094,111.208,1.0
Sabah,Pantai Teluk Brunei 1,MMSC001,2013,71.27,Coastal,mqims 2013-2015.pdf,Moderate,MODERN,5.14579,115.52,1.0
Sabah,Pantai Teluk Brunei 2,MMSC002,2013,70.87,Coastal,mqims 2013-2015.pdf,Moderate,MODERN,5.11798,115.528,1.0
Sabah,Pantai Teluk Brunei 3,MMSC003,2013,69.26,Coastal,mqims 2013-2015.pdf,Moderate,MODERN,5.16107,115.496,1.0
Sabah,Pantai Teluk Brunei 4,MMSC004,2013,73.17,Coastal,mqims 2013-2015.pdf,Moderate,MODERN,5.17585,115.472,1.0
Sabah,Pantai Teluk Brunei 5,MMSC005,2013,73.94,Coastal,mqims 2013-2015.pdf,Moderate,MODERN,5.20352,115.435,1.0
Sabah,Pantai Teluk Brunei 6,MMSC006,2013,74.56,Coastal,mqims 2013-2015.pdf,Moderate,MODERN,5.09419,115.527,1.0
Sabah,Borneo Golf Seawater,MMSC007,2013,79.01,Coastal,mqims 2013-2015.pdf,Moderate,MODERN,5.55,115.784,1.0
Sabah,Pantai Manis Papar,MMSC008,2013,81.64,Coastal,mqims 2013-2015.pdf,Good,MODERN,5.74425,115.893,1.0
Sabah,Pantai Melinsung,MMSC009,2013,78.52,Coastal,mqims 2013-2015.pdf,Moderate,MODERN,5.80474,115.975,1.0
Sabah,Pantai Tanjung Aru (Rest Lido),MMSC024,2013,77.54,Coastal,mqims 2013-2015.pdf,Moderate,MODERN,5.91084,116.008,1.0
Sabah,Pantai Tanjung Aru (Roll Skating),MMSC010,2013,76.46,Coastal,mqims 2013-2015.pdf,Moderate,MODERN,5.93302,116.017,1.0
Sabah,Pantai Tanjung Aru (No. 3),MMSC011,2013,65.33,Coastal,mqims 2013-2015.pdf,Moderate,MODERN,5.88876,116.015,1.0
Sabah,Pantai Lok Kawi,MMSC012,2013,67.48,Coastal,mqims 2013-2015.pdf,Moderate,MODERN,5.86013,116.027,1.0
Sabah,Pantai Dalit Tuaran,MMSC013,2013,70.89,Coastal,mqims 2013-2015.pdf,Moderate,MODERN,6.18875,116.166,1.0
Sabah,Mangrove Paradise,MMSC014,2013,77.51,Coastal,mqims 2013-2015.pdf,Moderate,MODERN,6.25857,116.221,1.0
Sabah,Pantai Sabandar,MMSC015,2013,72.57,Coastal,mqims 2013-2015.pdf,Moderate,MODERN,6.20353,116.175,1.0
Sabah,Pantai Bak-Bak Kudat,MMSC016,2013,81.06,Coastal,mqims 2013-2015.pdf,Good,MODERN,6.94565,116.842,1.0
Sabah,Pasir Putih Sandakan,MMSC017,2013,73.89,Coastal,mqims 2013-2015.pdf,Moderate,MODERN,5.82423,118.086,1.0
Sabah,Pantai TLDM,MMSC018,2013,75.2,Coastal,mqims 2013-2015.pdf,Moderate,MODERN,5.83896,118.127,1.0
Sabah,Pantai Batu Sapi,MMSC019,2013,74.9,Coastal,mqims 2013-2015.pdf,Moderate,MODERN,5.79512,118.04,1.0
Sabah,Pantai Ulu Tungku,MMSC020,2013,72.82,Coastal,mqims 2013-2015.pdf,Moderate,MODERN,5.01293,118.89,1.0
Sabah,Pantai Sarina Kunak,MMSC021,2013,72.77,Coastal,mqims 2013-2015.pdf,Moderate,MODERN,4.66139,118.284,1.0
Sabah,Pantai Kg. Lamak,MMSC022,2013,71.67,Coastal,mqims 2013-2015.pdf,Moderate,MODERN,4.969972,118.236731,1.0
Sabah,Pantai Tinagat,MMSC023,2013,74.51,Coastal,mqims 2013-2015.pdf,Moderate,MODERN,4.22278,117.984,1.0
Labuan,Pulau Papan,MMLC001,2013,65.92,Coastal,mqims 2013-2015.pdf,Moderate,MODERN,5.2549,115.268,1.0
Labuan,Kiamsam,MMLC002,2013,61.69,Coastal,mqims 2013-2015.pdf,Moderate,MODERN,5.25526,115.175,1.0
Labuan,Sungai Pagar,MMLC003,2013,63.05,Coastal,mqims 2013-2015.pdf,Moderate,MODERN,5.27341,115.167,1.0
Labuan,Layang-Layangan,MMLC004,2013,62.22,Coastal,mqims 2013-2015.pdf,Moderate,MODERN,5.33422,115.193,1.0
Labuan,Tanjung Aru,MMLC005,2013,66.59,Coastal,mqims 2013-2015.pdf,Moderate,MODERN,5.3506,115.244,1.0
Sabah,Pantai Teluk Brunei 1,MMSC001,2014,80.05,Coastal,mqims 2013-2015.pdf,Good,MODERN,5.14579,115.52,1.0
Sabah,Pantai Teluk Brunei 2,MMSC002,2014,79.1,Coastal,mqims 2013-2015.pdf,Moderate,MODERN,5.11798,115.528,1.0
Sabah,Pantai Teluk Brunei 3,MMSC003,2014,73.19,Coastal,mqims 2013-2015.pdf,Moderate,MODERN,5.16107,115.496,1.0
Sabah,Pantai Teluk Brunei 4,MMSC004,2014,75.8,Coastal,mqims 2013-2015.pdf,Moderate,MODERN,5.17585,115.472,1.0
Sabah,Pantai Teluk Brunei 5,MMSC005,2014,71.05,Coastal,mqims 2013-2015.pdf,Moderate,MODERN,5.20352,115.435,1.0
Sabah,Pantai Teluk Brunei 6,MMSC006,2014,80.37,Coastal,mqims 2013-2015.pdf,Good,MODERN,5.09419,115.527,1.0
Sabah,Borneo Golf Seawater,MMSC007,2014,80.38,Coastal,mqims 2013-2015.pdf,Good,MODERN,5.55,115.784,1.0
Sabah,Pantai Manis Papar,MMSC008,2014,81.01,Coastal,mqims 2013-2015.pdf,Good,MODERN,5.74425,115.893,1.0
Sabah,Pantai Melinsung,MMSC009,2014,77.45,Coastal,mqims 2013-2015.pdf,Moderate,MODERN,5.80474,115.975,1.0
Sabah,Pantai Tanjung Aru (Rest Lido),MMSC024,2014,82.39,Coastal,mqims 2013-2015.pdf,Good,MODERN,5.91084,116.008,1.0
Sabah,Pantai Tanjung Aru (Roll Skating),MMSC010,2014,70.13,Coastal,mqims 2013-2015.pdf,Moderate,MODERN,5.93302,116.017,1.0
Sabah,Pantai Tanjung Aru (No. 3),MMSC011,2014,67.59,Coastal,mqims 2013-2015.pdf,Moderate,MODERN,5.88876,116.015,1.0
Sabah,Pantai Lok Kawi,MMSC012,2014,59.14,Coastal,mqims 2013-2015.pdf,Moderate,MODERN,5.86013,116.027,1.0
Sabah,Pantai Dalit Tuaran,MMSC013,2014,85.15,Coastal,mqims 2013-2015.pdf,Good,MODERN,6.18875,116.166,1.0
Sabah,Mangrove Paradise,MMSC014,2014,86.21,Coastal,mqims 2013-2015.pdf,Good,MODERN,6.25857,116.221,1.0
Sabah,Pantai Sabandar,MMSC015,2014,83.07,Coastal,mqims 2013-2015.pdf,Good,MODERN,6.20353,116.175,1.0
Sabah,Pantai Bak-Bak Kudat,MMSC016,2014,85.11,Coastal,mqims 2013-2015.pdf,Good,MODERN,6.94565,116.842,1.0
Sabah,Pasir Putih Sandakan,MMSC017,2014,83.49,Coastal,mqims 2013-2015.pdf,Good,MODERN,5.82423,118.086,1.0
Sabah,Pantai TLDM,MMSC018,2014,81.66,Coastal,mqims 2013-2015.pdf,Good,MODERN,5.83896,118.127,1.0
Sabah,Pantai Batu Sapi,MMSC019,2014,83.05,Coastal,mqims 2013-2015.pdf,Good,MODERN,5.79512,118.04,1.0
Sabah,Pantai Ulu Tungku,MMSC020,2014,83.94,Coastal,mqims 2013-2015.pdf,Good,MODERN,5.01293,118.89,1.0
Sabah,Pantai Sarina Kunak,MMSC021,2014,83.69,Coastal,mqims 2013-2015.pdf,Good,MODERN,4.66139,118.284,1.0
Sabah,Pantai Kg. Lamak,MMSC022,2014,,Coastal,mqims 2013-2015.pdf,,MODERN,4.969972,118.236731,1.0
Sabah,Pantai Tinagat,MMSC023,2014,83.5,Coastal,mqims 2013-2015.pdf,Good,MODERN,4.22278,117.984,1.0
Labuan,Pulau Papan,MMLC001,2014,51.08,Coastal,mqims 2013-2015.pdf,Moderate,MODERN,5.2549,115.268,1.0
Labuan,Kiamsam,MMLC002,2014,67.74,Coastal,mqims 2013-2015.pdf,Moderate,MODERN,5.25526,115.175,1.0
Labuan,Sungai Pagar,MMLC003,2014,79.75,Coastal,mqims 2013-2015.pdf,Moderate,MODERN,5.27341,115.167,1.0
Labuan,Layang-Layangan,MMLC004,2014,79.49,Coastal,mqims 2013-2015.pdf,Moderate,MODERN,5.33422,115.193,1.0
Labuan,Tanjung Aru,MMLC005,2014,75.93,Coastal,mqims 2013-2015.pdf,Moderate,MODERN,5.3506,115.244,1.0
Sabah,Pantai Teluk Brunei 1,MMSC001,2015,82.27,Coastal,mqims 2013-2015.pdf,Good,MODERN,5.14579,115.52,1.0
Sabah,Pantai Teluk Brunei 2,MMSC002,2015,83.66,Coastal,mqims 2013-2015.pdf,Good,MODERN,5.11798,115.528,1.0
Sabah,Pantai Teluk Brunei 3,MMSC003,2015,85.93,Coastal,mqims 2013-2015.pdf,Good,MODERN,5.16107,115.496,1.0
Sabah,Pantai Teluk Brunei 4,MMSC004,2015,86.68,Coastal,mqims 2013-2015.pdf,Good,MODERN,5.17585,115.472,1.0
Sabah,Pantai Teluk Brunei 5,MMSC005,2015,85.9,Coastal,mqims 2013-2015.pdf,Good,MODERN,5.20352,115.435,1.0
Sabah,Pantai Teluk Brunei 6,MMSC006,2015,83.74,Coastal,mqims 2013-2015.pdf,Good,MODERN,5.09419,115.527,1.0
Sabah,Borneo Golf Seawater,MMSC007,2015,79.0,Coastal,mqims 2013-2015.pdf,Moderate,MODERN,5.55,115.784,1.0
Sabah,Pantai Manis Papar,MMSC008,2015,83.86,Coastal,mqims 2013-2015.pdf,Good,MODERN,5.74425,115.893,1.0
Sabah,Pantai Melinsung,MMSC009,2015,83.08,Coastal,mqims 2013-2015.pdf,Good,MODERN,5.80474,115.975,1.0
Sabah,Pantai Tanjung Aru (Rest Lido),MMSC024,2015,68.15,Coastal,mqims 2013-2015.pdf,Moderate,MODERN,5.91084,116.008,1.0
Sabah,Pantai Tanjung Aru (Roll Skating),MMSC010,2015,67.09,Coastal,mqims 2013-2015.pdf,Moderate,MODERN,5.93302,116.017,1.0
Sabah,Pantai Tanjung Aru (No. 3),MMSC011,2015,66.39,Coastal,mqims 2013-2015.pdf,Moderate,MODERN,5.88876,116.015,1.0
Sabah,Pantai Lok Kawi,MMSC012,2015,69.3,Coastal,mqims 2013-2015.pdf,Moderate,MODERN,5.86013,116.027,1.0
Sabah,Pantai Dalit Tuaran,MMSC013,2015,70.73,Coastal,mqims 2013-2015.pdf,Moderate,MODERN,6.18875,116.166,1.0
Sabah,Mangrove Paradise,MMSC014,2015,67.12,Coastal,mqims 2013-2015.pdf,Moderate,MODERN,6.25857,116.221,1.0
Sabah,Pantai Sabandar,MMSC015,2015,68.84,Coastal,mqims 2013-2015.pdf,Moderate,MODERN,6.20353,116.175,1.0
Sabah,Pantai Bak-Bak Kudat,MMSC016,2015,65.47,Coastal,mqims 2013-2015.pdf,Moderate,MODERN,6.94565,116.842,1.0
Sabah,Pasir Putih Sandakan,MMSC017,2015,84.12,Coastal,mqims 2013-2015.pdf,Good,MODERN,5.82423,118.086,1.0
Sabah,Pantai TLDM,MMSC018,2015,87.84,Coastal,mqims 2013-2015.pdf,Good,MODERN,5.83896,118.127,1.0
Sabah,Pantai Batu Sapi,MMSC019,2015,84.66,Coastal,mqims 2013-2015.pdf,Good,MODERN,5.79512,118.04,1.0
Sabah,Pantai Ulu Tungku,MMSC020,2015,84.7,Coastal,mqims 2013-2015.pdf,Good,MODERN,5.01293,118.89,1.0
Sabah,Pantai Sarina Kunak,MMSC021,2015,82.82,Coastal,mqims 2013-2015.pdf,Good,MODERN,4.66139,118.284,1.0
Sabah,Pantai Kg. Lamak,MMSC022,2015,82.64,Coastal,mqims 2013-2015.pdf,Good,MODERN,4.969972,118.236731,1.0
Sabah,Pantai Tinagat,MMSC023,2015,82.05,Coastal,mqims 2013-2015.pdf,Good,MODERN,4.22278,117.984,1.0
Labuan,Pulau Papan,MMLC001,2015,76.37,Coastal,mqims 2013-2015.pdf,Moderate,MODERN,5.2549,115.268,1.0
Labuan,Kiamsam,MMLC002,2015,77.3,Coastal,mqims 2013-2015.pdf,Moderate,MODERN,5.25526,115.175,1.0
Labuan,Sungai Pagar,MMLC003,2015,77.91,Coastal,mqims 2013-2015.pdf,Moderate,MODERN,5.27341,115.167,1.0
Labuan,Layang-Layangan,MMLC004,2015,76.44,Coastal,mqims 2013-2015.pdf,Moderate,MODERN,5.33422,115.193,1.0
Labuan,Tanjung Aru,MMLC005,2015,78.49,Coastal,mqims 2013-2015.pdf,Moderate,MODERN,5.3506,115.244,1.0
Perlis,Kuala Sungai Baru,MMRE001,2013,55.87,Estuary,mqims 2013-2015.pdf,Moderate,MODERN,6.40007,100.119,1.0
Perlis,Kuala Sungai Perlis,MMRE002,2013,48.76,Estuary,mqims 2013-2015.pdf,Poor,MODERN,6.33242,100.15,1.0
Kedah,Kuala Kedah,MMKE001,2013,84.21,Estuary,mqims 2013-2015.pdf,Good,MODERN,6.10482,100.282,1.0
Kedah,Kuala Jerlun,MMKE002,2013,74.29,Estuary,mqims 2013-2015.pdf,Moderate,MODERN,6.2105,100.238,1.0
Pulau Pinang,Kuala Sungai Jawi,MMPE001,2013,50.49,Estuary,mqims 2013-2015.pdf,Moderate,MODERN,5.28056,100.417,1.0
Pulau Pinang,Kuala Sungai Juru,MMPE002,2013,49.72,Estuary,mqims 2013-2015.pdf,Poor,MODERN,5.33889,100.406,1.0
Pulau Pinang,Kuala Sungai Kerian,MMPE003,2013,80.43,Estuary,mqims 2013-2015.pdf,Good,MODERN,5.17034,100.424,1.0
Pulau Pinang,Kuala Sungai Pinang,MMPE004,2013,50.97,Estuary,mqims 2013-2015.pdf,Moderate,MODERN,5.4,100.335,1.0
Pulau Pinang,Kuala Sungai Perai,MMPE005,2013,61.88,Estuary,mqims 2013-2015.pdf,Moderate,MODERN,5.38333,100.367,1.0
Pulau Pinang,Kuala Sungai Tengah,MMPE006,2013,63.34,Estuary,mqims 2013-2015.pdf,Moderate,MODERN,5.21139,100.425,1.0
Pulau Pinang,Kuala Sungai Pinang (Balik Pulau),MMPE007,2013,37.63,Estuary,mqims 2013-2015.pdf,Poor,MODERN,5.39155,100.186,1.0
Perak,Kuala Sungai Manjung,MMAE001,2013,60.32,Estuary,mqims 2013-2015.pdf,Moderate,MODERN,4.24841,100.594,1.0
Perak,Kuala Sungai Gula,MMAE002,2013,50.92,Estuary,mqims 2013-2015.pdf,Moderate,MODERN,4.92269,100.467,1.0
Perak,Kuala Sungai Kurau,MMAE003,2013,67.63,Estuary,mqims 2013-2015.pdf,Moderate,MODERN,4.99481,100.415,1.0
Perak,Kuala Sungai Tanjung Piandang,MMAE004,2013,52.25,Estuary,mqims 2013-2015.pdf,Moderate,MODERN,5.07661,100.374,1.0
Perak,Kuala Sungai Sepetang,MMAE005,2013,32.33,Estuary,mqims 2013-2015.pdf,Poor,MODERN,4.7756,100.588,1.0
Perak,Kuala Sungai Perak,MMAE006,2013,66.08,Estuary,mqims 2013-2015.pdf,Moderate,MODERN,4.00002,100.756,1.0
Perlis,Kuala Sungai Baru,MMRE001,2014,76.48,Estuary,mqims 2013-2015.pdf,Moderate,MODERN,6.40007,100.119,1.0
Perlis,Kuala Sungai Perlis,MMRE002,2014,59.25,Estuary,mqims 2013-2015.pdf,Moderate,MODERN,6.33242,100.15,1.0
Kedah,Kuala Kedah,MMKE001,2014,53.46,Estuary,mqims 2013-2015.pdf,Moderate,MODERN,6.10482,100.282,1.0
Kedah,Kuala Jerlun,MMKE002,2014,65.21,Estuary,mqims 2013-2015.pdf,Moderate,MODERN,6.2105,100.238,1.0
Pulau Pinang,Kuala Sungai Jawi,MMPE001,2014,58.35,Estuary,mqims 2013-2015.pdf,Moderate,MODERN,5.28056,100.417,1.0
Pulau Pinang,Kuala Sungai Juru,MMPE002,2014,63.62,Estuary,mqims 2013-2015.pdf,Moderate,MODERN,5.33889,100.406,1.0
Pulau Pinang,Kuala Sungai Kerian,MMPE003,2014,61.57,Estuary,mqims 2013-2015.pdf,Moderate,MODERN,5.17034,100.424,1.0
Pulau Pinang,Kuala Sungai Pinang,MMPE004,2014,50.66,Estuary,mqims 2013-2015.pdf,Moderate,MODERN,5.4,100.335,1.0
Pulau Pinang,Kuala Sungai Perai,MMPE005,2014,53.06,Estuary,mqims 2013-2015.pdf,Moderate,MODERN,5.38333,100.367,1.0
Pulau Pinang,Kuala Sungai Tengah,MMPE006,2014,60.95,Estuary,mqims 2013-2015.pdf,Moderate,MODERN,5.21139,100.425,1.0
Pulau Pinang,Kuala Sungai Pinang (Balik Pulau),MMPE007,2014,67.78,Estuary,mqims 2013-2015.pdf,Moderate,MODERN,5.39155,100.186,1.0
Perak,Kuala Sungai Manjung,MMAE001,2014,70.13,Estuary,mqims 2013-2015.pdf,Moderate,MODERN,4.24841,100.594,1.0
Perak,Kuala Sungai Gula,MMAE002,2014,68.9,Estuary,mqims 2013-2015.pdf,Moderate,MODERN,4.92269,100.467,1.0
Perak,Kuala Sungai Kurau,MMAE003,2014,56.98,Estuary,mqims 2013-2015.pdf,Moderate,MODERN,4.99481,100.415,1.0
Perak,Kuala Sungai Tanjung Piandang,MMAE004,2014,75.74,Estuary,mqims 2013-2015.pdf,Moderate,MODERN,5.07661,100.374,1.0
Perak,Kuala Sungai Sepetang,MMAE005,2014,53.51,Estuary,mqims 2013-2015.pdf,Moderate,MODERN,4.7756,100.588,1.0
Perak,Kuala Sungai Perak,MMAE006,2014,62.01,Estuary,mqims 2013-2015.pdf,Moderate,MODERN,4.00002,100.756,1.0
Perlis,Kuala Sungai Baru,MMRE001,2015,56.12,Estuary,mqims 2013-2015.pdf,Moderate,MODERN,6.40007,100.119,1.0
Perlis,Kuala Sungai Perlis,MMRE002,2015,53.96,Estuary,mqims 2013-2015.pdf,Moderate,MODERN,6.33242,100.15,1.0
Kedah,Kuala Kedah,MMKE001,2015,50.46,Estuary,mqims 2013-2015.pdf,Moderate,MODERN,6.10482,100.282,1.0
Kedah,Kuala Jerlun,MMKE002,2015,59.02,Estuary,mqims 2013-2015.pdf,Moderate,MODERN,6.2105,100.238,1.0
Pulau Pinang,Kuala Sungai Jawi,MMPE001,2015,49.63,Estuary,mqims 2013-2015.pdf,Poor,MODERN,5.28056,100.417,1.0
Pulau Pinang,Kuala Sungai Juru,MMPE002,2015,59.4,Estuary,mqims 2013-2015.pdf,Moderate,MODERN,5.33889,100.406,1.0
Pulau Pinang,Kuala Sungai Kerian,MMPE003,2015,60.38,Estuary,mqims 2013-2015.pdf,Moderate,MODERN,5.17034,100.424,1.0
Pulau Pinang,Kuala Sungai Pinang,MMPE004,2015,47.28,Estuary,mqims 2013-2015.pdf,Poor,MODERN,5.4,100.335,1.0
Pulau Pinang,Kuala Sungai Perai,MMPE005,2015,56.22,Estuary,mqims 2013-2015.pdf,Moderate,MODERN,5.38333,100.367,1.0
Pulau Pinang,Kuala Sungai Tengah,MMPE006,2015,67.81,Estuary,mqims 2013-2015.pdf,Moderate,MODERN,5.21139,100.425,1.0
Pulau Pinang,Kuala Sungai Pinang (Balik Pulau),MMPE007,2015,46.17,Estuary,mqims 2013-2015.pdf,Poor,MODERN,5.39155,100.186,1.0
Perak,Kuala Sungai Manjung,MMAE001,2015,67.56,Estuary,mqims 2013-2015.pdf,Moderate,MODERN,4.24841,100.594,1.0
Perak,Kuala Sungai Gula,MMAE002,2015,60.95,Estuary,mqims 2013-2015.pdf,Moderate,MODERN,4.92269,100.467,1.0
Perak,Kuala Sungai Kurau,MMAE003,2015,73.47,Estuary,mqims 2013-2015.pdf,Moderate,MODERN,4.99481,100.415,1.0
Perak,Kuala Sungai Tanjung Piandang,MMAE004,2015,73.57,Estuary,mqims 2013-2015.pdf,Moderate,MODERN,5.07661,100.374,1.0
Perak,Kuala Sungai Sepetang,MMAE005,2015,66.87,Estuary,mqims 2013-2015.pdf,Moderate,MODERN,4.7756,100.588,1.0
Perak,Kuala Sungai Perak,MMAE006,2015,70.96,Estuary,mqims 2013-2015.pdf,Moderate,MODERN,4.00002,100.756,1.0
Selangor,Kuala Sungai Sepang,MMBE001,2013,88.35,Estuary,mqims 2013-2015.pdf,Good,MODERN,2.59575,101.713,1.0
Selangor,Kuala Sungai Sepang (Kecil),MMBE002,2013,89.61,Estuary,mqims 2013-2015.pdf,Good,MODERN,2.60987,101.685,1.0
Selangor,Kuala Sungai Sepang (Kawalan),MMBE003,2013,72.81,Estuary,mqims 2013-2015.pdf,Moderate,MODERN,2.59749,101.69,1.0
Selangor,Kuala Sungai Langat (Jugra),MMBE004,2013,53.62,Estuary,mqims 2013-2015.pdf,Moderate,MODERN,2.8024,101.407,1.0
Selangor,Kuala Sungai Klang,MMBE005,2013,50.83,Estuary,mqims 2013-2015.pdf,Moderate,MODERN,3.00191,101.389,1.0
Selangor,Kuala Sungai Langat (Lumut),MMBE006,2013,61.85,Estuary,mqims 2013-2015.pdf,Moderate,MODERN,2.9668,101.309,1.0
Selangor,Kuala Sungai Buloh,MMBE007,2013,53.82,Estuary,mqims 2013-2015.pdf,Moderate,MODERN,3.25504,101.3,1.0
Selangor,Kuala Sungai Selangor,MMBE008,2013,51.01,Estuary,mqims 2013-2015.pdf,Moderate,MODERN,3.33333,101.225,1.0
Selangor,Kuala Sungai Tengi,MMBE009,2013,47.95,Estuary,mqims 2013-2015.pdf,Poor,MODERN,3.39618,101.167,1.0
Selangor,Kuala Sungai Bernam,MMBE010,2013,70.11,Estuary,mqims 2013-2015.pdf,Moderate,MODERN,3.85,100.817,1.0
N. Sembilan,Kuala Sungai Linggi,MMNE001,2013,75.46,Estuary,mqims 2013-2015.pdf,Moderate,MODERN,2.39101,101.973,1.0
N. Sembilan,Kuala Sungai Lukut,MMNE002,2013,66.78,Estuary,mqims 2013-2015.pdf,Moderate,MODERN,2.57802,101.788,1.0
Melaka,Kuala Sungai Melaka,MMME001,2013,35.12,Estuary,mqims 2013-2015.pdf,Poor,MODERN,2.18572,102.242,1.0
Melaka,Kuala Sungai Sri Melaka,MMME002,2013,34.0,Estuary,mqims 2013-2015.pdf,Poor,MODERN,2.20647,102.198,1.0
Melaka,Kuala Sungai Merlimau,MMME003,2013,35.41,Estuary,mqims 2013-2015.pdf,Poor,MODERN,2.12689,102.414,1.0
Melaka,Kuala Sungai Kesang,MMME004,2013,45.29,Estuary,mqims 2013-2015.pdf,Poor,MODERN,2.09814,102.489,1.0
Melaka,Kuala Sungai Sebatu,MMME005,2013,45.37,Estuary,mqims 2013-2015.pdf,Poor,MODERN,2.10753,102.462,1.0
Johor,Kuala Sungai Segget,MMJE001,2013,59.46,Estuary,mqims 2013-2015.pdf,Moderate,MODERN,1.45583,103.766,1.0
Johor,Kuala Sungai Skudai,HIST_1437922,2013,66.47,Estuary,mqims 2013-2015.pdf,Moderate,LEGACY,,,
Johor,Kuala Sungai Melayu,HIST_1437946,2013,83.38,Estuary,mqims 2013-2015.pdf,Good,LEGACY,,,
Johor,Kuala Sungai Tebrau,HIST_1438943,2013,59.89,Estuary,mqims 2013-2015.pdf,Moderate,LEGACY,,,
Johor,Kuala Sungai Kim-Kim,HIST_1439965_KUALA_SUNGAI_KIM_KIM,2013,49.41,Estuary,mqims 2013-2015.pdf,Poor,LEGACY,,,
Johor,Kuala Sungai Johor,MMJE003,2013,75.62,Estuary,mqims 2013-2015.pdf,Moderate,MODERN,1.48444,104.023,1.0
Johor,Kuala Sungai Batu Pahat,MMJE004,2013,59.46,Estuary,mqims 2013-2015.pdf,Moderate,MODERN,1.81451,102.89,1.0
Johor,Kuala Sungai Muar,MMJE005,2013,66.47,Estuary,mqims 2013-2015.pdf,Moderate,MODERN,2.05212,102.552,1.0
Johor,Kuala Sungai Mersing,MMJE006,2013,83.38,Estuary,mqims 2013-2015.pdf,Good,MODERN,2.43681,103.842,1.0
Selangor,Kuala Sungai Sepang,MMBE001,2014,71.62,Estuary,mqims 2013-2015.pdf,Moderate,MODERN,2.59575,101.713,1.0
Selangor,Kuala Sungai Sepang (Kecil),MMBE002,2014,68.14,Estuary,mqims 2013-2015.pdf,Moderate,MODERN,2.60987,101.685,1.0
Selangor,Kuala Sungai Sepang (Kawalan),MMBE003,2014,81.15,Estuary,mqims 2013-2015.pdf,Good,MODERN,2.59749,101.69,1.0
Selangor,Kuala Sungai Langat (Jugra),MMBE004,2014,69.84,Estuary,mqims 2013-2015.pdf,Moderate,MODERN,2.8024,101.407,1.0
Selangor,Kuala Sungai Klang,MMBE005,2014,95.64,Estuary,mqims 2013-2015.pdf,Excellent,MODERN,3.00191,101.389,1.0
Selangor,Kuala Sungai Langat (Lumut),MMBE006,2014,93.71,Estuary,mqims 2013-2015.pdf,Excellent,MODERN,2.9668,101.309,1.0
Selangor,Kuala Sungai Buloh,MMBE007,2014,64.43,Estuary,mqims 2013-2015.pdf,Moderate,MODERN,3.25504,101.3,1.0
Selangor,Kuala Sungai Selangor,MMBE008,2014,90.87,Estuary,mqims 2013-2015.pdf,Excellent,MODERN,3.33333,101.225,1.0
Selangor,Kuala Sungai Tengi,MMBE009,2014,68.06,Estuary,mqims 2013-2015.pdf,Moderate,MODERN,3.39618,101.167,1.0
Selangor,Kuala Sungai Bernam,MMBE010,2014,67.16,Estuary,mqims 2013-2015.pdf,Moderate,MODERN,3.85,100.817,1.0
N. Sembilan,Kuala Sungai Linggi,MMNE001,2014,93.77,Estuary,mqims 2013-2015.pdf,Excellent,MODERN,2.39101,101.973,1.0
N. Sembilan,Kuala Sungai Lukut,MMNE002,2014,91.78,Estuary,mqims 2013-2015.pdf,Excellent,MODERN,2.57802,101.788,1.0
Melaka,Kuala Sungai Melaka,MMME001,2014,59.64,Estuary,mqims 2013-2015.pdf,Moderate,MODERN,2.18572,102.242,1.0
Melaka,Kuala Sungai Sri Melaka,MMME002,2014,59.55,Estuary,mqims 2013-2015.pdf,Moderate,MODERN,2.20647,102.198,1.0
Melaka,Kuala Sungai Merlimau,MMME003,2014,62.57,Estuary,mqims 2013-2015.pdf,Moderate,MODERN,2.12689,102.414,1.0
Melaka,Kuala Sungai Kesang,MMME004,2014,68.74,Estuary,mqims 2013-2015.pdf,Moderate,MODERN,2.09814,102.489,1.0
Melaka,Kuala Sungai Sebatu,MMME005,2014,61.48,Estuary,mqims 2013-2015.pdf,Moderate,MODERN,2.10753,102.462,1.0
Johor,Kuala Sungai Segget,MMJE001,2014,61.58,Estuary,mqims 2013-2015.pdf,Moderate,MODERN,1.45583,103.766,1.0
Johor,Kuala Sungai Skudai,HIST_1437922,2014,64.21,Estuary,mqims 2013-2015.pdf,Moderate,LEGACY,,,
Johor,Kuala Sungai Melayu,HIST_1437946,2014,82.71,Estuary,mqims 2013-2015.pdf,Good,LEGACY,,,
Johor,Kuala Sungai Tebrau,HIST_1438943,2014,51.23,Estuary,mqims 2013-2015.pdf,Moderate,LEGACY,,,
Johor,Kuala Sungai Kim-Kim,HIST_1439965_KUALA_SUNGAI_KIM_KIM,2014,64.89,Estuary,mqims 2013-2015.pdf,Moderate,LEGACY,,,
Johor,Kuala Sungai Johor,MMJE003,2014,64.89,Estuary,mqims 2013-2015.pdf,Moderate,MODERN,1.48444,104.023,1.0
Johor,Kuala Sungai Batu Pahat,MMJE004,2014,61.58,Estuary,mqims 2013-2015.pdf,Moderate,MODERN,1.81451,102.89,1.0
Johor,Kuala Sungai Muar,MMJE005,2014,64.21,Estuary,mqims 2013-2015.pdf,Moderate,MODERN,2.05212,102.552,1.0
Johor,Kuala Sungai Mersing,MMJE006,2014,82.71,Estuary,mqims 2013-2015.pdf,Good,MODERN,2.43681,103.842,1.0
Selangor,Kuala Sungai Sepang,MMBE001,2015,78.04,Estuary,mqims 2013-2015.pdf,Moderate,MODERN,2.59575,101.713,1.0
Selangor,Kuala Sungai Sepang (Kecil),MMBE002,2015,92.31,Estuary,mqims 2013-2015.pdf,Excellent,MODERN,2.60987,101.685,1.0
Selangor,Kuala Sungai Sepang (Kawalan),MMBE003,2015,86.88,Estuary,mqims 2013-2015.pdf,Good,MODERN,2.59749,101.69,1.0
Selangor,Kuala Sungai Langat (Jugra),MMBE004,2015,55.07,Estuary,mqims 2013-2015.pdf,Moderate,MODERN,2.8024,101.407,1.0
Selangor,Kuala Sungai Klang,MMBE005,2015,67.65,Estuary,mqims 2013-2015.pdf,Moderate,MODERN,3.00191,101.389,1.0
Selangor,Kuala Sungai Langat (Lumut),MMBE006,2015,67.5,Estuary,mqims 2013-2015.pdf,Moderate,MODERN,2.9668,101.309,1.0
Selangor,Kuala Sungai Buloh,MMBE007,2015,66.9,Estuary,mqims 2013-2015.pdf,Moderate,MODERN,3.25504,101.3,1.0
Selangor,Kuala Sungai Selangor,MMBE008,2015,90.85,Estuary,mqims 2013-2015.pdf,Excellent,MODERN,3.33333,101.225,1.0
Selangor,Kuala Sungai Tengi,MMBE009,2015,67.87,Estuary,mqims 2013-2015.pdf,Moderate,MODERN,3.39618,101.167,1.0
Selangor,Kuala Sungai Bernam,MMBE010,2015,55.15,Estuary,mqims 2013-2015.pdf,Moderate,MODERN,3.85,100.817,1.0
N. Sembilan,Kuala Sungai Linggi,MMNE001,2015,81.8,Estuary,mqims 2013-2015.pdf,Good,MODERN,2.39101,101.973,1.0
N. Sembilan,Kuala Sungai Lukut,MMNE002,2015,68.28,Estuary,mqims 2013-2015.pdf,Moderate,MODERN,2.57802,101.788,1.0
Melaka,Kuala Sungai Melaka,MMME001,2015,55.61,Estuary,mqims 2013-2015.pdf,Moderate,MODERN,2.18572,102.242,1.0
Melaka,Kuala Sungai Sri Melaka,MMME002,2015,52.71,Estuary,mqims 2013-2015.pdf,Moderate,MODERN,2.20647,102.198,1.0
Melaka,Kuala Sungai Merlimau,MMME003,2015,86.19,Estuary,mqims 2013-2015.pdf,Good,MODERN,2.12689,102.414,1.0
Melaka,Kuala Sungai Kesang,MMME004,2015,77.06,Estuary,mqims 2013-2015.pdf,Moderate,MODERN,2.09814,102.489,1.0
Melaka,Kuala Sungai Sebatu,MMME005,2015,58.62,Estuary,mqims 2013-2015.pdf,Moderate,MODERN,2.10753,102.462,1.0
Johor,Kuala Sungai Segget,MMJE001,2015,59.96,Estuary,mqims 2013-2015.pdf,Moderate,MODERN,1.45583,103.766,1.0
Johor,Kuala Sungai Skudai,HIST_1437922,2015,87.73,Estuary,mqims 2013-2015.pdf,Good,LEGACY,,,
Johor,Kuala Sungai Melayu,HIST_1437946,2015,88.96,Estuary,mqims 2013-2015.pdf,Good,LEGACY,,,
Johor,Kuala Sungai Tebrau,HIST_1438943,2015,84.41,Estuary,mqims 2013-2015.pdf,Good,LEGACY,,,
Johor,Kuala Sungai Kim-Kim,HIST_1439965_KUALA_SUNGAI_KIM_KIM,2015,81.78,Estuary,mqims 2013-2015.pdf,Good,LEGACY,,,
Johor,Kuala Sungai Johor,MMJE003,2015,89.6,Estuary,mqims 2013-2015.pdf,Good,MODERN,1.48444,104.023,1.0
Johor,Kuala Sungai Batu Pahat,MMJE004,2015,59.96,Estuary,mqims 2013-2015.pdf,Moderate,MODERN,1.81451,102.89,1.0
Johor,Kuala Sungai Muar,MMJE005,2015,87.73,Estuary,mqims 2013-2015.pdf,Good,MODERN,2.05212,102.552,1.0
Johor,Kuala Sungai Mersing,MMJE006,2015,88.96,Estuary,mqims 2013-2015.pdf,Good,MODERN,2.43681,103.842,1.0
Terengganu,Kuala Sungai Besut,MMTE001,2013,61.3,Estuary,mqims 2013-2015.pdf,Moderate,MODERN,5.83411,102.558,1.0
Terengganu,Kuala Sungai Dungun,MMTE002,2013,49.72,Estuary,mqims 2013-2015.pdf,Poor,MODERN,4.78108,103.428,1.0
Terengganu,Kuala Sungai Ibai,MMTE003,2013,51.26,Estuary,mqims 2013-2015.pdf,Moderate,MODERN,5.28899,103.176,1.0
Terengganu,Kuala Sungai Kerteh,MMTE004,2013,52.34,Estuary,mqims 2013-2015.pdf,Moderate,MODERN,4.51441,103.456,1.0
Terengganu,Kuala Sungai Marang,MMTE005,2013,70.04,Estuary,mqims 2013-2015.pdf,Moderate,MODERN,5.20944,103.214,1.0
Terengganu,Kuala Sungai Paka,MMTE006,2013,59.15,Estuary,mqims 2013-2015.pdf,Moderate,MODERN,4.655,103.444,1.0
Terengganu,Kuala Sungai Setiu,MMTE007,2013,61.1,Estuary,mqims 2013-2015.pdf,Moderate,MODERN,5.65189,102.764,1.0
Terengganu,Kuala Sungai Terengganu,MMTE008,2013,63.64,Estuary,mqims 2013-2015.pdf,Moderate,MODERN,5.33979,103.152,1.0
Terengganu,Kuala Sungai Kemaman/ Chukai,MMTE009,2013,49.06,Estuary,mqims 2013-2015.pdf,Poor,MODERN,4.22637,103.447,1.0
Terengganu,"Tioxide Utara (Kg. Bukit Kuang, Kijal)",MMTE010,2013,64.84,Estuary,mqims 2013-2015.pdf,Moderate,MODERN,4.27831,103.479,1.0
Terengganu,"Tioxide Tengah (Pupuk Semangat, Kijal)",MMTE011,2013,66.61,Estuary,mqims 2013-2015.pdf,Moderate,MODERN,4.2705,103.478,1.0
Terengganu,"Tioxide Selatan (KSB, T. Kalong)",MMTE012,2013,66.52,Estuary,mqims 2013-2015.pdf,Moderate,MODERN,4.25114,103.466,1.0
Terengganu,Pulau Duyung,MMTE013,2013,64.8,Estuary,mqims 2013-2015.pdf,Moderate,MODERN,5.33489,103.129,1.0
Kelantan,Kuala Sungai Golok,MMDE001,2013,64.02,Estuary,mqims 2013-2015.pdf,Moderate,MODERN,6.23286,102.09,1.0
Kelantan,Kuala Sungai Kelantan,MMDE002,2013,53.9,Estuary,mqims 2013-2015.pdf,Moderate,MODERN,6.21685,102.237,1.0
Kelantan,Kuala Sungai Pengkalan Chepa,MMDE003,2013,54.67,Estuary,mqims 2013-2015.pdf,Moderate,MODERN,6.18574,102.303,1.0
Kelantan,Kuala Sungai Pengkalan Datu,MMDE004,2013,51.07,Estuary,mqims 2013-2015.pdf,Moderate,MODERN,6.16928,102.344,1.0
Kelantan,Kuala Sungai Kemasin,MMDE005,2013,50.9,Estuary,mqims 2013-2015.pdf,Moderate,MODERN,6.13006,102.371,1.0
Sarawak,Kuala Sungai Semantan,MMQE001,2013,55.06,Estuary,mqims 2013-2015.pdf,Moderate,MODERN,1.81153,109.781,1.0
Sarawak,Kuala Sungai Sarawak,MMQE002,2013,51.47,Estuary,mqims 2013-2015.pdf,Moderate,MODERN,1.64103,110.49,1.0
Sarawak,Kuala Sungai Bako,MMQE003,2013,53.91,Estuary,mqims 2013-2015.pdf,Moderate,MODERN,1.68306,110.423,1.0
Sarawak,Kuala Sungai Santubong,MMQE004,2013,66.57,Estuary,mqims 2013-2015.pdf,Moderate,MODERN,1.70127,110.297,1.0
Sarawak,Kuala Batang Krian (Kabong),MMQE005,2013,53.09,Estuary,mqims 2013-2015.pdf,Moderate,MODERN,1.78889,111.099,1.0
Sarawak,Kuala Batang Rejang,MMQE006,2013,86.75,Estuary,mqims 2013-2015.pdf,Good,MODERN,2.12278,111.189,1.0
Sarawak,Kuala Mukah,MMQE007,2013,34.57,Estuary,mqims 2013-2015.pdf,Poor,MODERN,2.91466,112.095,1.0
Terengganu,Kuala Sungai Besut,MMTE001,2014,70.72,Estuary,mqims 2013-2015.pdf,Moderate,MODERN,5.83411,102.558,1.0
Terengganu,Kuala Sungai Dungun,MMTE002,2014,54.17,Estuary,mqims 2013-2015.pdf,Moderate,MODERN,4.78108,103.428,1.0
Terengganu,Kuala Sungai Ibai,MMTE003,2014,70.65,Estuary,mqims 2013-2015.pdf,Moderate,MODERN,5.28899,103.176,1.0
Terengganu,Kuala Sungai Kerteh,MMTE004,2014,58.43,Estuary,mqims 2013-2015.pdf,Moderate,MODERN,4.51441,103.456,1.0
Terengganu,Kuala Sungai Marang,MMTE005,2014,67.68,Estuary,mqims 2013-2015.pdf,Moderate,MODERN,5.20944,103.214,1.0
Terengganu,Kuala Sungai Paka,MMTE006,2014,66.24,Estuary,mqims 2013-2015.pdf,Moderate,MODERN,4.655,103.444,1.0
Terengganu,Kuala Sungai Setiu,MMTE007,2014,70.04,Estuary,mqims 2013-2015.pdf,Moderate,MODERN,5.65189,102.764,1.0
Terengganu,Kuala Sungai Terengganu,MMTE008,2014,57.95,Estuary,mqims 2013-2015.pdf,Moderate,MODERN,5.33979,103.152,1.0
Terengganu,Kuala Sungai Kemaman/ Chukai,MMTE009,2014,59.64,Estuary,mqims 2013-2015.pdf,Moderate,MODERN,4.22637,103.447,1.0
Terengganu,"Tioxide Utara (Kg. Bukit Kuang, Kijal)",MMTE010,2014,66.36,Estuary,mqims 2013-2015.pdf,Moderate,MODERN,4.27831,103.479,1.0
Terengganu,"Tioxide Tengah (Pupuk Semangat, Kijal)",MMTE011,2014,70.08,Estuary,mqims 2013-2015.pdf,Moderate,MODERN,4.2705,103.478,1.0
Terengganu,"Tioxide Selatan (KSB, T. Kalong)",MMTE012,2014,69.01,Estuary,mqims 2013-2015.pdf,Moderate,MODERN,4.25114,103.466,1.0
Terengganu,Pulau Duyung,MMTE013,2014,50.09,Estuary,mqims 2013-2015.pdf,Moderate,MODERN,5.33489,103.129,1.0
Kelantan,Kuala Sungai Golok,MMDE001,2014,52.34,Estuary,mqims 2013-2015.pdf,Moderate,MODERN,6.23286,102.09,1.0
Kelantan,Kuala Sungai Kelantan,MMDE002,2014,51.26,Estuary,mqims 2013-2015.pdf,Moderate,MODERN,6.21685,102.237,1.0
Kelantan,Kuala Sungai Pengkalan Chepa,MMDE003,2014,54.89,Estuary,mqims 2013-2015.pdf,Moderate,MODERN,6.18574,102.303,1.0
Kelantan,Kuala Sungai Pengkalan Datu,MMDE004,2014,60.4,Estuary,mqims 2013-2015.pdf,Moderate,MODERN,6.16928,102.344,1.0
Kelantan,Kuala Sungai Kemasin,MMDE005,2014,67.15,Estuary,mqims 2013-2015.pdf,Moderate,MODERN,6.13006,102.371,1.0
Sarawak,Kuala Sungai Semantan,MMQE001,2014,95.23,Estuary,mqims 2013-2015.pdf,Excellent,MODERN,1.81153,109.781,1.0
Sarawak,Kuala Sungai Sarawak,MMQE002,2014,80.57,Estuary,mqims 2013-2015.pdf,Good,MODERN,1.64103,110.49,1.0
Sarawak,Kuala Sungai Bako,MMQE003,2014,65.94,Estuary,mqims 2013-2015.pdf,Moderate,MODERN,1.68306,110.423,1.0
Sarawak,Kuala Sungai Santubong,MMQE004,2014,75.42,Estuary,mqims 2013-2015.pdf,Moderate,MODERN,1.70127,110.297,1.0
Sarawak,Kuala Batang Krian (Kabong),MMQE005,2014,79.26,Estuary,mqims 2013-2015.pdf,Moderate,MODERN,1.78889,111.099,1.0
Sarawak,Kuala Batang Rejang,MMQE006,2014,82.83,Estuary,mqims 2013-2015.pdf,Good,MODERN,2.12278,111.189,1.0
Sarawak,Kuala Mukah,MMQE007,2014,51.26,Estuary,mqims 2013-2015.pdf,Moderate,MODERN,2.91466,112.095,1.0
Terengganu,Kuala Sungai Besut,MMTE001,2015,64.29,Estuary,mqims 2013-2015.pdf,Moderate,MODERN,5.83411,102.558,1.0
Terengganu,Kuala Sungai Dungun,MMTE002,2015,55.45,Estuary,mqims 2013-2015.pdf,Moderate,MODERN,4.78108,103.428,1.0
Terengganu,Kuala Sungai Ibai,MMTE003,2015,63.7,Estuary,mqims 2013-2015.pdf,Moderate,MODERN,5.28899,103.176,1.0
Terengganu,Kuala Sungai Kerteh,MMTE004,2015,54.87,Estuary,mqims 2013-2015.pdf,Moderate,MODERN,4.51441,103.456,1.0
Terengganu,Kuala Sungai Marang,MMTE005,2015,63.99,Estuary,mqims 2013-2015.pdf,Moderate,MODERN,5.20944,103.214,1.0
Terengganu,Kuala Sungai Paka,MMTE006,2015,69.21,Estuary,mqims 2013-2015.pdf,Moderate,MODERN,4.655,103.444,1.0
Terengganu,Kuala Sungai Setiu,MMTE007,2015,62.71,Estuary,mqims 2013-2015.pdf,Moderate,MODERN,5.65189,102.764,1.0
Terengganu,Kuala Sungai Terengganu,MMTE008,2015,72.33,Estuary,mqims 2013-2015.pdf,Moderate,MODERN,5.33979,103.152,1.0
Terengganu,Kuala Sungai Kemaman/ Chukai,MMTE009,2015,54.65,Estuary,mqims 2013-2015.pdf,Moderate,MODERN,4.22637,103.447,1.0
Terengganu,"Tioxide Utara (Kg. Bukit Kuang, Kijal)",MMTE010,2015,63.49,Estuary,mqims 2013-2015.pdf,Moderate,MODERN,4.27831,103.479,1.0
Terengganu,"Tioxide Tengah (Pupuk Semangat, Kijal)",MMTE011,2015,62.99,Estuary,mqims 2013-2015.pdf,Moderate,MODERN,4.2705,103.478,1.0
Terengganu,"Tioxide Selatan (KSB, T. Kalong)",MMTE012,2015,53.15,Estuary,mqims 2013-2015.pdf,Moderate,MODERN,4.25114,103.466,1.0
Terengganu,Pulau Duyung,MMTE013,2015,48.69,Estuary,mqims 2013-2015.pdf,Poor,MODERN,5.33489,103.129,1.0
Kelantan,Kuala Sungai Golok,MMDE001,2015,57.71,Estuary,mqims 2013-2015.pdf,Moderate,MODERN,6.23286,102.09,1.0
Kelantan,Kuala Sungai Kelantan,MMDE002,2015,52.64,Estuary,mqims 2013-2015.pdf,Moderate,MODERN,6.21685,102.237,1.0
Kelantan,Kuala Sungai Pengkalan Chepa,MMDE003,2015,63.96,Estuary,mqims 2013-2015.pdf,Moderate,MODERN,6.18574,102.303,1.0
Kelantan,Kuala Sungai Pengkalan Datu,MMDE004,2015,63.16,Estuary,mqims 2013-2015.pdf,Moderate,MODERN,6.16928,102.344,1.0
Kelantan,Kuala Sungai Kemasin,MMDE005,2015,58.29,Estuary,mqims 2013-2015.pdf,Moderate,MODERN,6.13006,102.371,1.0
Sarawak,Kuala Sungai Semantan,MMQE001,2015,80.93,Estuary,mqims 2013-2015.pdf,Good,MODERN,1.81153,109.781,1.0
Sarawak,Kuala Sungai Sarawak,MMQE002,2015,62.94,Estuary,mqims 2013-2015.pdf,Moderate,MODERN,1.64103,110.49,1.0
Sarawak,Kuala Sungai Bako,MMQE003,2015,69.21,Estuary,mqims 2013-2015.pdf,Moderate,MODERN,1.68306,110.423,1.0
Sarawak,Kuala Sungai Santubong,MMQE004,2015,87.22,Estuary,mqims 2013-2015.pdf,Good,MODERN,1.70127,110.297,1.0
Sarawak,Kuala Batang Krian (Kabong),MMQE005,2015,64.72,Estuary,mqims 2013-2015.pdf,Moderate,MODERN,1.78889,111.099,1.0
Sarawak,Kuala Batang Rejang,MMQE006,2015,82.31,Estuary,mqims 2013-2015.pdf,Good,MODERN,2.12278,111.189,1.0
Sarawak,Kuala Mukah,MMQE007,2015,70.05,Estuary,mqims 2013-2015.pdf,Moderate,MODERN,2.91466,112.095,1.0
Sarawak,Kuala Batang Kemena,MMQE008,2013,63.94,Estuary,mqims 2013-2015.pdf,Moderate,MODERN,3.1815,113.029,1.0
Sarawak,Kuala Tanjung Similajau,MMQE009,2013,63.98,Estuary,mqims 2013-2015.pdf,Moderate,MODERN,3.51792,113.301,1.0
Sarawak,Kuala Sungai Panipah,MMQE010,2013,88.78,Estuary,mqims 2013-2015.pdf,Good,MODERN,3.46967,113.261,1.0
Sarawak,Kuala Pantai Nyalau,MMQE011,2013,90.1,Estuary,mqims 2013-2015.pdf,Excellent,MODERN,3.64283,113.383,1.0
Sarawak,Kuala Sungai Baram,MMQE012,2013,64.13,Estuary,mqims 2013-2015.pdf,Moderate,MODERN,4.597,113.969,1.0
Sarawak,Kuala Sungai Miri,MMQE013,2013,64.63,Estuary,mqims 2013-2015.pdf,Moderate,MODERN,4.39932,113.978,1.0
Sabah,Kuala Penyu,MMSE001,2013,77.68,Estuary,mqims 2013-2015.pdf,Moderate,MODERN,5.57273,115.605,1.0
Sabah,Muara Sungai Inanam,MMSE002,2013,59.15,Estuary,mqims 2013-2015.pdf,Moderate,MODERN,6.01272,116.11,1.0
Sarawak,Kuala Batang Kemena,MMQE008,2014,64.2,Estuary,mqims 2013-2015.pdf,Moderate,MODERN,3.1815,113.029,1.0
Sarawak,Kuala Tanjung Similajau,MMQE009,2014,85.68,Estuary,mqims 2013-2015.pdf,Good,MODERN,3.51792,113.301,1.0
Sarawak,Kuala Sungai Panipah,MMQE010,2014,89.47,Estuary,mqims 2013-2015.pdf,Good,MODERN,3.46967,113.261,1.0
Sarawak,Kuala Pantai Nyalau,MMQE011,2014,55.67,Estuary,mqims 2013-2015.pdf,Moderate,MODERN,3.64283,113.383,1.0
Sarawak,Kuala Sungai Baram,MMQE012,2014,96.2,Estuary,mqims 2013-2015.pdf,Excellent,MODERN,4.597,113.969,1.0
Sarawak,Kuala Sungai Miri,MMQE013,2014,84.73,Estuary,mqims 2013-2015.pdf,Good,MODERN,4.39932,113.978,1.0
Sabah,Kuala Penyu,MMSE001,2014,82.0,Estuary,mqims 2013-2015.pdf,Good,MODERN,5.57273,115.605,1.0
Sabah,Muara Sungai Inanam,MMSE002,2014,60.16,Estuary,mqims 2013-2015.pdf,Moderate,MODERN,6.01272,116.11,1.0
Sarawak,Kuala Batang Kemena,MMQE008,2015,77.23,Estuary,mqims 2013-2015.pdf,Moderate,MODERN,3.1815,113.029,1.0
Sarawak,Kuala Tanjung Similajau,MMQE009,2015,90.37,Estuary,mqims 2013-2015.pdf,Excellent,MODERN,3.51792,113.301,1.0
Sarawak,Kuala Sungai Panipah,MMQE010,2015,91.49,Estuary,mqims 2013-2015.pdf,Excellent,MODERN,3.46967,113.261,1.0
Sarawak,Kuala Pantai Nyalau,MMQE011,2015,93.69,Estuary,mqims 2013-2015.pdf,Excellent,MODERN,3.64283,113.383,1.0
Sarawak,Kuala Sungai Baram,MMQE012,2015,97.62,Estuary,mqims 2013-2015.pdf,Excellent,MODERN,4.597,113.969,1.0
Sarawak,Kuala Sungai Miri,MMQE013,2015,72.23,Estuary,mqims 2013-2015.pdf,Moderate,MODERN,4.39932,113.978,1.0
Sabah,Kuala Penyu,MMSE001,2015,65.1,Estuary,mqims 2013-2015.pdf,Moderate,MODERN,5.57273,115.605,1.0
Sabah,Muara Sungai Inanam,MMSE002,2015,88.78,Estuary,mqims 2013-2015.pdf,Good,MODERN,6.01272,116.11,1.0
Kedah,Singa Besar,MMKR001,2013,74.45,Island,mqims 2013-2015.pdf,Moderate,MODERN,6.22604,99.7354,1.0
Kedah,Dayang Bunting,MMKR002,2013,75.91,Island,mqims 2013-2015.pdf,Moderate,MODERN,6.20725,99.7803,1.0
Kedah,Payar,MMKM001,2013,83.73,Island,mqims 2013-2015.pdf,Good,MODERN,6.06353,100.042,1.0
Kedah,Kaca,MMKM002,2013,85.84,Island,mqims 2013-2015.pdf,Good,MODERN,6.07172,100.052,1.0
Kedah,Pantai Kuah,MMKD001,2013,74.45,Island,mqims 2013-2015.pdf,Moderate,MODERN,6.30881,99.8511,1.0
Kedah,Pantai Chenang,MMKD002,2013,83.07,Island,mqims 2013-2015.pdf,Good,MODERN,6.30267,99.7166,1.0
Kedah,Tanjung Rhu,MMKD003,2013,69.05,Island,mqims 2013-2015.pdf,Moderate,MODERN,6.45681,99.8218,1.0
Kedah,Teluk Ewa,MMKD004,2013,81.15,Island,mqims 2013-2015.pdf,Good,MODERN,6.43425,99.755,1.0
Kedah,Segantang,MMKM003,2013,84.69,Island,mqims 2013-2015.pdf,Good,MODERN,6.04353,99.9261,1.0
Kedah,Perak,MMKP004,2013,,Island,mqims 2013-2015.pdf,,MODERN,5.68145,98.936,1.0
Pulau Pinang,Batu Maung,MMPD001,2013,49.71,Island,mqims 2013-2015.pdf,Poor,MODERN,5.28524,100.292,1.0
Pulau Pinang,Padang Kota,MMPD002,2013,50.5,Island,mqims 2013-2015.pdf,Moderate,MODERN,5.41921,100.346,1.0
Pulau Pinang,Aman,MMPR001,2013,83.95,Island,mqims 2013-2015.pdf,Good,MODERN,5.26743,100.394,1.0
Pulau Pinang,Jerejak,MMPR002,2013,75.63,Island,mqims 2013-2015.pdf,Moderate,MODERN,5.33333,100.317,1.0
Pulau Pinang,Kendi,MMPR003,2013,73.86,Island,mqims 2013-2015.pdf,Moderate,MODERN,5.23038,100.182,1.0
Pulau Pinang,Rimau,MMPR004,2013,85.96,Island,mqims 2013-2015.pdf,Good,MODERN,5.24415,100.273,1.0
Pulau Pinang,Teluk Bahang,MMPD003,2013,51.06,Island,mqims 2013-2015.pdf,Moderate,MODERN,5.46083,100.214,1.0
Pulau Pinang,Gedong,MMPR005,2013,84.97,Island,mqims 2013-2015.pdf,Good,MODERN,5.27346,100.39,1.0
Perak,Pantai Teluk Gedong,MMAR001,2013,54.52,Island,mqims 2013-2015.pdf,Moderate,MODERN,4.19421,100.581,1.0
Perak,Pantai Puteri Dewi,MMAR002,2013,74.58,Island,mqims 2013-2015.pdf,Moderate,MODERN,4.25314,100.544,1.0
Perak,Pangkor Laut,MMAR003,2013,72.07,Island,mqims 2013-2015.pdf,Moderate,MODERN,4.20159,100.547,1.0
Perak,Sembilan,MMAR004,2013,80.45,Island,mqims 2013-2015.pdf,Good,MODERN,4.00853,100.544,1.0
Perak,Tukun Perak,MMAP001,2013,82.35,Island,mqims 2013-2015.pdf,Good,MODERN,4.11689,100.561,1.0
Selangor,Ketam,MMBR001,2013,87.7,Island,mqims 2013-2015.pdf,Good,MODERN,3.018,101.258,1.0
Selangor,Angsa,MMBR002,2013,92.07,Island,mqims 2013-2015.pdf,Excellent,MODERN,3.18556,101.219,1.0
Selangor,Lumut,MMBR003,2013,56.73,Island,mqims 2013-2015.pdf,Moderate,MODERN,2.9985,101.362,1.0
N. Sembilan,Arang,MMNP001,2013,81.24,Island,mqims 2013-2015.pdf,Good,MODERN,2.51647,101.795,1.0
Kedah,Singa Besar,MMKR001,2014,83.28,Island,mqims 2013-2015.pdf,Good,MODERN,6.22604,99.7354,1.0
Kedah,Dayang Bunting,MMKR002,2014,89.65,Island,mqims 2013-2015.pdf,Good,MODERN,6.20725,99.7803,1.0
Kedah,Payar,MMKM001,2014,79.74,Island,mqims 2013-2015.pdf,Moderate,MODERN,6.06353,100.042,1.0
Kedah,Kaca,MMKM002,2014,82.98,Island,mqims 2013-2015.pdf,Good,MODERN,6.07172,100.052,1.0
Kedah,Pantai Kuah,MMKD001,2014,75.11,Island,mqims 2013-2015.pdf,Moderate,MODERN,6.30881,99.8511,1.0
Kedah,Pantai Chenang,MMKD002,2014,86.55,Island,mqims 2013-2015.pdf,Good,MODERN,6.30267,99.7166,1.0
Kedah,Tanjung Rhu,MMKD003,2014,86.38,Island,mqims 2013-2015.pdf,Good,MODERN,6.45681,99.8218,1.0
Kedah,Teluk Ewa,MMKD004,2014,67.38,Island,mqims 2013-2015.pdf,Moderate,MODERN,6.43425,99.755,1.0
Kedah,Segantang,MMKM003,2014,84.43,Island,mqims 2013-2015.pdf,Good,MODERN,6.04353,99.9261,1.0
Kedah,Perak,MMKP004,2014,,Island,mqims 2013-2015.pdf,,MODERN,5.68145,98.936,1.0
Pulau Pinang,Batu Maung,MMPD001,2014,70.4,Island,mqims 2013-2015.pdf,Moderate,MODERN,5.28524,100.292,1.0
Pulau Pinang,Padang Kota,MMPD002,2014,51.21,Island,mqims 2013-2015.pdf,Moderate,MODERN,5.41921,100.346,1.0
Pulau Pinang,Aman,MMPR001,2014,61.84,Island,mqims 2013-2015.pdf,Moderate,MODERN,5.26743,100.394,1.0
Pulau Pinang,Jerejak,MMPR002,2014,54.8,Island,mqims 2013-2015.pdf,Moderate,MODERN,5.33333,100.317,1.0
Pulau Pinang,Kendi,MMPR003,2014,67.01,Island,mqims 2013-2015.pdf,Moderate,MODERN,5.23038,100.182,1.0
Pulau Pinang,Rimau,MMPR004,2014,61.24,Island,mqims 2013-2015.pdf,Moderate,MODERN,5.24415,100.273,1.0
Pulau Pinang,Teluk Bahang,MMPD003,2014,,Island,mqims 2013-2015.pdf,,MODERN,5.46083,100.214,1.0
Pulau Pinang,Gedong,MMPR005,2014,57.46,Island,mqims 2013-2015.pdf,Moderate,MODERN,5.27346,100.39,1.0
Perak,Pantai Teluk Gedong,MMAR001,2014,70.8,Island,mqims 2013-2015.pdf,Moderate,MODERN,4.19421,100.581,1.0
Perak,Pantai Puteri Dewi,MMAR002,2014,50.44,Island,mqims 2013-2015.pdf,Moderate,MODERN,4.25314,100.544,1.0
Perak,Pangkor Laut,MMAR003,2014,66.78,Island,mqims 2013-2015.pdf,Moderate,MODERN,4.20159,100.547,1.0
Perak,Sembilan,MMAR004,2014,70.3,Island,mqims 2013-2015.pdf,Moderate,MODERN,4.00853,100.544,1.0
Perak,Tukun Perak,MMAP001,2014,73.17,Island,mqims 2013-2015.pdf,Moderate,MODERN,4.11689,100.561,1.0
Selangor,Ketam,MMBR001,2014,93.63,Island,mqims 2013-2015.pdf,Excellent,MODERN,3.018,101.258,1.0
Selangor,Angsa,MMBR002,2014,93.08,Island,mqims 2013-2015.pdf,Excellent,MODERN,3.18556,101.219,1.0
Selangor,Lumut,MMBR003,2014,61.03,Island,mqims 2013-2015.pdf,Moderate,MODERN,2.9985,101.362,1.0
N. Sembilan,Arang,MMNP001,2014,68.56,Island,mqims 2013-2015.pdf,Moderate,MODERN,2.51647,101.795,1.0
Kedah,Singa Besar,MMKR001,2015,73.83,Island,mqims 2013-2015.pdf,Moderate,MODERN,6.22604,99.7354,1.0
Kedah,Dayang Bunting,MMKR002,2015,71.27,Island,mqims 2013-2015.pdf,Moderate,MODERN,6.20725,99.7803,1.0
Kedah,Payar,MMKM001,2015,73.65,Island,mqims 2013-2015.pdf,Moderate,MODERN,6.06353,100.042,1.0
Kedah,Kaca,MMKM002,2015,75.03,Island,mqims 2013-2015.pdf,Moderate,MODERN,6.07172,100.052,1.0
Kedah,Pantai Kuah,MMKD001,2015,69.31,Island,mqims 2013-2015.pdf,Moderate,MODERN,6.30881,99.8511,1.0
Kedah,Pantai Chenang,MMKD002,2015,73.55,Island,mqims 2013-2015.pdf,Moderate,MODERN,6.30267,99.7166,1.0
Kedah,Tanjung Rhu,MMKD003,2015,88.66,Island,mqims 2013-2015.pdf,Good,MODERN,6.45681,99.8218,1.0
Kedah,Teluk Ewa,MMKD004,2015,74.22,Island,mqims 2013-2015.pdf,Moderate,MODERN,6.43425,99.755,1.0
Kedah,Segantang,MMKM003,2015,75.09,Island,mqims 2013-2015.pdf,Moderate,MODERN,6.04353,99.9261,1.0
Kedah,Perak,MMKP004,2015,72.47,Island,mqims 2013-2015.pdf,Moderate,MODERN,5.68145,98.936,1.0
Pulau Pinang,Batu Maung,MMPD001,2015,52.83,Island,mqims 2013-2015.pdf,Moderate,MODERN,5.28524,100.292,1.0
Pulau Pinang,Padang Kota,MMPD002,2015,47.21,Island,mqims 2013-2015.pdf,Poor,MODERN,5.41921,100.346,1.0
Pulau Pinang,Aman,MMPR001,2015,69.87,Island,mqims 2013-2015.pdf,Moderate,MODERN,5.26743,100.394,1.0
Pulau Pinang,Jerejak,MMPR002,2015,68.19,Island,mqims 2013-2015.pdf,Moderate,MODERN,5.33333,100.317,1.0
Pulau Pinang,Kendi,MMPR003,2015,72.24,Island,mqims 2013-2015.pdf,Moderate,MODERN,5.23038,100.182,1.0
Pulau Pinang,Rimau,MMPR004,2015,72.27,Island,mqims 2013-2015.pdf,Moderate,MODERN,5.24415,100.273,1.0
Pulau Pinang,Teluk Bahang,MMPD003,2015,,Island,mqims 2013-2015.pdf,,MODERN,5.46083,100.214,1.0
Pulau Pinang,Gedong,MMPR005,2015,66.26,Island,mqims 2013-2015.pdf,Moderate,MODERN,5.27346,100.39,1.0
Perak,Pantai Teluk Gedong,MMAR001,2015,68.72,Island,mqims 2013-2015.pdf,Moderate,MODERN,4.19421,100.581,1.0
Perak,Pantai Puteri Dewi,MMAR002,2015,68.35,Island,mqims 2013-2015.pdf,Moderate,MODERN,4.25314,100.544,1.0
Perak,Pangkor Laut,MMAR003,2015,63.63,Island,mqims 2013-2015.pdf,Moderate,MODERN,4.20159,100.547,1.0
Perak,Sembilan,MMAR004,2015,63.31,Island,mqims 2013-2015.pdf,Moderate,MODERN,4.00853,100.544,1.0
Perak,Tukun Perak,MMAP001,2015,62.43,Island,mqims 2013-2015.pdf,Moderate,MODERN,4.11689,100.561,1.0
Selangor,Ketam,MMBR001,2015,54.29,Island,mqims 2013-2015.pdf,Moderate,MODERN,3.018,101.258,1.0
Selangor,Angsa,MMBR002,2015,59.07,Island,mqims 2013-2015.pdf,Moderate,MODERN,3.18556,101.219,1.0
Selangor,Lumut,MMBR003,2015,58.36,Island,mqims 2013-2015.pdf,Moderate,MODERN,2.9985,101.362,1.0
N. Sembilan,Arang,MMNP001,2015,92.86,Island,mqims 2013-2015.pdf,Excellent,MODERN,2.51647,101.795,1.0
Melaka,Upeh (Point A),MMMR001,2013,43.76,Island,mqims 2013-2015.pdf,Poor,MODERN,2.19489,102.205,1.0
Melaka,Upeh (Point B),MMMR002,2013,41.08,Island,mqims 2013-2015.pdf,Poor,MODERN,2.18975,102.203,1.0
Melaka,Besar (Point A),MMMR003,2013,56.27,Island,mqims 2013-2015.pdf,Moderate,MODERN,2.11669,102.332,1.0
Melaka,Besar (Point B),MMMR004,2013,46.81,Island,mqims 2013-2015.pdf,Poor,MODERN,2.10672,102.322,1.0
Melaka,Undan (Point A),MMMR005,2013,47.02,Island,mqims 2013-2015.pdf,Poor,MODERN,2.04894,102.332,1.0
Melaka,Undan (Point B),MMMR006,2013,55.18,Island,mqims 2013-2015.pdf,Moderate,MODERN,2.04728,102.335,1.0
Johor,Setindan,MMJR001,2013,85.8,Island,mqims 2013-2015.pdf,Good,MODERN,2.47664,103.858,1.0
Johor,Babi Tengah,MMJR002,2013,86.92,Island,mqims 2013-2015.pdf,Good,MODERN,2.47549,103.955,1.0
Johor,Dayang,MMJM001,2013,87.03,Island,mqims 2013-2015.pdf,Good,MODERN,2.47022,104.504,1.0
Johor,Nanga Besar,MMJM002,2013,86.64,Island,mqims 2013-2015.pdf,Good,MODERN,2.27064,104.129,1.0
Johor,Sibu Tengah,MMJM003,2013,86.35,Island,mqims 2013-2015.pdf,Good,MODERN,2.18192,104.096,1.0
Johor,Pemanggil,MMJM004,2013,85.95,Island,mqims 2013-2015.pdf,Good,MODERN,2.56908,104.326,1.0
Johor,Kukup,MMJP001,2013,82.27,Island,mqims 2013-2015.pdf,Good,MODERN,1.32831,103.437,1.0
Johor,Pisang,MMJP002,2013,84.29,Island,mqims 2013-2015.pdf,Good,MODERN,1.46828,103.263,1.0
Pahang,Tioman (Teluk Salang),MMCM001,2013,71.84,Island,mqims 2013-2015.pdf,Moderate,MODERN,2.775,104.117,1.0
Pahang,Tioman (Kg. Nipah),MMCM002,2013,73.89,Island,mqims 2013-2015.pdf,Moderate,MODERN,2.87637,104.152,1.0
Pahang,Tulai,MMCM003,2013,73.99,Island,mqims 2013-2015.pdf,Moderate,MODERN,2.90532,104.107,1.0
Pahang,Labas,MMCM004,2013,73.88,Island,mqims 2013-2015.pdf,Moderate,MODERN,2.89506,104.047,1.0
Pahang,Cebeh,MMCM005,2013,73.9,Island,mqims 2013-2015.pdf,Moderate,MODERN,2.93018,104.099,1.0
Pahang,Sepui,MMCM006,2013,73.9,Island,mqims 2013-2015.pdf,Moderate,MODERN,2.88598,104.067,1.0
Pahang,Sembilang,MMCM007,2013,73.91,Island,mqims 2013-2015.pdf,Moderate,MODERN,2.67006,103.91,1.0
Pahang,Seri Buat,MMCM008,2013,73.89,Island,mqims 2013-2015.pdf,Moderate,MODERN,2.70019,103.898,1.0
Pahang,Tokong Bahara,MMCM009,2013,74.0,Island,mqims 2013-2015.pdf,Moderate,MODERN,2.66424,104.065,1.0
Melaka,Upeh (Point A),MMMR001,2014,60.28,Island,mqims 2013-2015.pdf,Moderate,MODERN,2.19489,102.205,1.0
Melaka,Upeh (Point B),MMMR002,2014,57.2,Island,mqims 2013-2015.pdf,Moderate,MODERN,2.18975,102.203,1.0
Melaka,Besar (Point A),MMMR003,2014,64.11,Island,mqims 2013-2015.pdf,Moderate,MODERN,2.11669,102.332,1.0
Melaka,Besar (Point B),MMMR004,2014,58.73,Island,mqims 2013-2015.pdf,Moderate,MODERN,2.10672,102.322,1.0
Melaka,Undan (Point A),MMMR005,2014,58.74,Island,mqims 2013-2015.pdf,Moderate,MODERN,2.04894,102.332,1.0
Melaka,Undan (Point B),MMMR006,2014,71.01,Island,mqims 2013-2015.pdf,Moderate,MODERN,2.04728,102.335,1.0
Johor,Setindan,MMJR001,2014,88.51,Island,mqims 2013-2015.pdf,Good,MODERN,2.47664,103.858,1.0
Johor,Babi Tengah,MMJR002,2014,89.74,Island,mqims 2013-2015.pdf,Good,MODERN,2.47549,103.955,1.0
Johor,Dayang,MMJM001,2014,88.76,Island,mqims 2013-2015.pdf,Good,MODERN,2.47022,104.504,1.0
Johor,Nanga Besar,MMJM002,2014,87.65,Island,mqims 2013-2015.pdf,Good,MODERN,2.27064,104.129,1.0
Johor,Sibu Tengah,MMJM003,2014,88.92,Island,mqims 2013-2015.pdf,Good,MODERN,2.18192,104.096,1.0
Johor,Pemanggil,MMJM004,2014,88.68,Island,mqims 2013-2015.pdf,Good,MODERN,2.56908,104.326,1.0
Johor,Kukup,MMJP001,2014,81.08,Island,mqims 2013-2015.pdf,Good,MODERN,1.32831,103.437,1.0
Johor,Pisang,MMJP002,2014,87.52,Island,mqims 2013-2015.pdf,Good,MODERN,1.46828,103.263,1.0
Pahang,Tioman (Teluk Salang),MMCM001,2014,85.77,Island,mqims 2013-2015.pdf,Good,MODERN,2.775,104.117,1.0
Pahang,Tioman (Kg. Nipah),MMCM002,2014,85.52,Island,mqims 2013-2015.pdf,Good,MODERN,2.87637,104.152,1.0
Pahang,Tulai,MMCM003,2014,84.52,Island,mqims 2013-2015.pdf,Good,MODERN,2.90532,104.107,1.0
Pahang,Labas,MMCM004,2014,86.44,Island,mqims 2013-2015.pdf,Good,MODERN,2.89506,104.047,1.0
Pahang,Cebeh,MMCM005,2014,85.27,Island,mqims 2013-2015.pdf,Good,MODERN,2.93018,104.099,1.0
Pahang,Sepui,MMCM006,2014,85.63,Island,mqims 2013-2015.pdf,Good,MODERN,2.88598,104.067,1.0
Pahang,Sembilang,MMCM007,2014,85.76,Island,mqims 2013-2015.pdf,Good,MODERN,2.67006,103.91,1.0
Pahang,Seri Buat,MMCM008,2014,86.56,Island,mqims 2013-2015.pdf,Good,MODERN,2.70019,103.898,1.0
Pahang,Tokong Bahara,MMCM009,2014,85.71,Island,mqims 2013-2015.pdf,Good,MODERN,2.66424,104.065,1.0
Melaka,Upeh (Point A),MMMR001,2015,56.67,Island,mqims 2013-2015.pdf,Moderate,MODERN,2.19489,102.205,1.0
Melaka,Upeh (Point B),MMMR002,2015,54.93,Island,mqims 2013-2015.pdf,Moderate,MODERN,2.18975,102.203,1.0
Melaka,Besar (Point A),MMMR003,2015,62.65,Island,mqims 2013-2015.pdf,Moderate,MODERN,2.11669,102.332,1.0
Melaka,Besar (Point B),MMMR004,2015,56.93,Island,mqims 2013-2015.pdf,Moderate,MODERN,2.10672,102.322,1.0
Melaka,Undan (Point A),MMMR005,2015,54.46,Island,mqims 2013-2015.pdf,Moderate,MODERN,2.04894,102.332,1.0
Melaka,Undan (Point B),MMMR006,2015,56.7,Island,mqims 2013-2015.pdf,Moderate,MODERN,2.04728,102.335,1.0
Johor,Setindan,MMJR001,2015,89.46,Island,mqims 2013-2015.pdf,Good,MODERN,2.47664,103.858,1.0
Johor,Babi Tengah,MMJR002,2015,89.43,Island,mqims 2013-2015.pdf,Good,MODERN,2.47549,103.955,1.0
Johor,Dayang,MMJM001,2015,90.05,Island,mqims 2013-2015.pdf,Excellent,MODERN,2.47022,104.504,1.0
Johor,Nanga Besar,MMJM002,2015,89.56,Island,mqims 2013-2015.pdf,Good,MODERN,2.27064,104.129,1.0
Johor,Sibu Tengah,MMJM003,2015,89.66,Island,mqims 2013-2015.pdf,Good,MODERN,2.18192,104.096,1.0
Johor,Pemanggil,MMJM004,2015,89.35,Island,mqims 2013-2015.pdf,Good,MODERN,2.56908,104.326,1.0
Johor,Kukup,MMJP001,2015,87.01,Island,mqims 2013-2015.pdf,Good,MODERN,1.32831,103.437,1.0
Johor,Pisang,MMJP002,2015,89.05,Island,mqims 2013-2015.pdf,Good,MODERN,1.46828,103.263,1.0
Pahang,Tioman (Teluk Salang),MMCM001,2015,76.92,Island,mqims 2013-2015.pdf,Moderate,MODERN,2.775,104.117,1.0
Pahang,Tioman (Kg. Nipah),MMCM002,2015,83.01,Island,mqims 2013-2015.pdf,Good,MODERN,2.87637,104.152,1.0
Pahang,Tulai,MMCM003,2015,88.79,Island,mqims 2013-2015.pdf,Good,MODERN,2.90532,104.107,1.0
Pahang,Labas,MMCM004,2015,85.22,Island,mqims 2013-2015.pdf,Good,MODERN,2.89506,104.047,1.0
Pahang,Cebeh,MMCM005,2015,85.38,Island,mqims 2013-2015.pdf,Good,MODERN,2.93018,104.099,1.0
Pahang,Sepui,MMCM006,2015,79.94,Island,mqims 2013-2015.pdf,Moderate,MODERN,2.88598,104.067,1.0
Pahang,Sembilang,MMCM007,2015,58.56,Island,mqims 2013-2015.pdf,Moderate,MODERN,2.67006,103.91,1.0
Pahang,Seri Buat,MMCM008,2015,57.06,Island,mqims 2013-2015.pdf,Moderate,MODERN,2.70019,103.898,1.0
Pahang,Tokong Bahara,MMCM009,2015,75.91,Island,mqims 2013-2015.pdf,Moderate,MODERN,2.66424,104.065,1.0
Terengganu,Gemia,MMTR001,2013,61.96,Island,mqims 2013-2015.pdf,Moderate,MODERN,5.23106,103.261,1.0
Terengganu,Perhentian Besar (South),MMTM001,2013,69.03,Island,mqims 2013-2015.pdf,Moderate,MODERN,5.89448,102.736,1.0
Terengganu,Perhentian Besar (West),MMTM002,2013,67.88,Island,mqims 2013-2015.pdf,Moderate,MODERN,5.88931,102.751,1.0
Terengganu,Perhentian Kecil,MMTM003,2013,64.88,Island,mqims 2013-2015.pdf,Moderate,MODERN,5.91792,102.725,1.0
Terengganu,Redang (North),MMTM004,2013,66.65,Island,mqims 2013-2015.pdf,Moderate,MODERN,5.77561,103.037,1.0
Terengganu,Redang (South),MMTM005,2013,68.87,Island,mqims 2013-2015.pdf,Moderate,MODERN,5.75253,103.003,1.0
Terengganu,Lang Tengah,MMTM006,2013,65.89,Island,mqims 2013-2015.pdf,Moderate,MODERN,5.79247,102.89,1.0
Terengganu,Pinang,MMTM007,2013,68.11,Island,mqims 2013-2015.pdf,Moderate,MODERN,5.74797,103.003,1.0
Terengganu,Ekor Tebu,MMTM008,2013,67.51,Island,mqims 2013-2015.pdf,Moderate,MODERN,5.74044,103.029,1.0
Terengganu,Lima,MMTM009,2013,66.19,Island,mqims 2013-2015.pdf,Moderate,MODERN,5.76986,103.059,1.0
Terengganu,Kapas,MMTM010,2013,67.89,Island,mqims 2013-2015.pdf,Moderate,MODERN,5.21697,103.26,1.0
Kelantan,Panjang,MMDP001,2013,65.2,Island,mqims 2013-2015.pdf,Moderate,MODERN,6.207,102.258,1.0
Kelantan,Kundur,MMDP002,2013,69.22,Island,mqims 2013-2015.pdf,Moderate,MODERN,6.18946,102.292,1.0
Sarawak,Satang,MMQP001,2013,58.98,Island,mqims 2013-2015.pdf,Moderate,MODERN,1.77766,110.165,1.0
Sarawak,Talang-Talang Kecil,MMQP002,2013,70.35,Island,mqims 2013-2015.pdf,Moderate,MODERN,1.89347,109.767,1.0
Sarawak,Talang-Talang Besar,MMQP003,2013,70.87,Island,mqims 2013-2015.pdf,Moderate,MODERN,1.91103,109.777,1.0
Sabah,Gaya,MMSR001,2013,67.05,Island,mqims 2013-2015.pdf,Moderate,MODERN,6.01346,116.051,1.0
Sabah,Mabul,MMSR002,2013,82.35,Island,mqims 2013-2015.pdf,Good,MODERN,4.24877,118.633,1.0
Sabah,Sipadan (N),MMSR003,2013,81.39,Island,mqims 2013-2015.pdf,Good,MODERN,4.11766,118.628,1.0
Sabah,Sipadan (W),MMSR004,2013,67.73,Island,mqims 2013-2015.pdf,Moderate,MODERN,4.11417,118.626,1.0
Sabah,Sapi,MMSM001,2013,69.67,Island,mqims 2013-2015.pdf,Moderate,MODERN,6.00727,116.01,1.0
Sabah,Manukan,MMSR005,2013,69.13,Island,mqims 2013-2015.pdf,Moderate,MODERN,5.97335,116.005,1.0
Sabah,Tiga,MMSR006,2013,77.13,Island,mqims 2013-2015.pdf,Moderate,MODERN,5.71661,115.651,1.0
Sabah,Kalampunian Besar,MMSM002,2013,66.79,Island,mqims 2013-2015.pdf,Moderate,MODERN,5.74821,115.676,1.0
Sabah,Kapalai,MMSR007,2013,81.32,Island,mqims 2013-2015.pdf,Good,MODERN,4.22746,118.684,1.0
Sabah,Molleangan Besar,MMSR008,2013,86.61,Island,mqims 2013-2015.pdf,Good,MODERN,7.08223,117.044,1.0
Sabah,Banggi (South),MMSR009,2013,84.16,Island,mqims 2013-2015.pdf,Good,MODERN,7.11169,117.088,1.0
Sabah,Banggi (East),MMSR010,2013,85.67,Island,mqims 2013-2015.pdf,Good,MODERN,7.13697,117.107,1.0
Sabah,Balambangan,MMSR011,2013,84.95,Island,mqims 2013-2015.pdf,Good,MODERN,7.23201,116.913,1.0
Sabah,Selingan,MMSP001,2013,68.34,Island,mqims 2013-2015.pdf,Moderate,MODERN,6.17535,118.059,1.0
Terengganu,Gemia,MMTR001,2014,66.94,Island,mqims 2013-2015.pdf,Moderate,MODERN,5.23106,103.261,1.0
Terengganu,Perhentian Besar (South),MMTM001,2014,69.42,Island,mqims 2013-2015.pdf,Moderate,MODERN,5.89448,102.736,1.0
Terengganu,Perhentian Besar (West),MMTM002,2014,69.18,Island,mqims 2013-2015.pdf,Moderate,MODERN,5.88931,102.751,1.0
Terengganu,Perhentian Kecil,MMTM003,2014,70.52,Island,mqims 2013-2015.pdf,Moderate,MODERN,5.91792,102.725,1.0
Terengganu,Redang (North),MMTM004,2014,72.94,Island,mqims 2013-2015.pdf,Moderate,MODERN,5.77561,103.037,1.0
Terengganu,Redang (South),MMTM005,2014,72.14,Island,mqims 2013-2015.pdf,Moderate,MODERN,5.75253,103.003,1.0
Terengganu,Lang Tengah,MMTM006,2014,69.79,Island,mqims 2013-2015.pdf,Moderate,MODERN,5.79247,102.89,1.0
Terengganu,Pinang,MMTM007,2014,71.15,Island,mqims 2013-2015.pdf,Moderate,MODERN,5.74797,103.003,1.0
Terengganu,Ekor Tebu,MMTM008,2014,69.21,Island,mqims 2013-2015.pdf,Moderate,MODERN,5.74044,103.029,1.0
Terengganu,Lima,MMTM009,2014,73.52,Island,mqims 2013-2015.pdf,Moderate,MODERN,5.76986,103.059,1.0
Terengganu,Kapas,MMTM010,2014,67.29,Island,mqims 2013-2015.pdf,Moderate,MODERN,5.21697,103.26,1.0
Kelantan,Panjang,MMDP001,2014,67.07,Island,mqims 2013-2015.pdf,Moderate,MODERN,6.207,102.258,1.0
Kelantan,Kundur,MMDP002,2014,70.43,Island,mqims 2013-2015.pdf,Moderate,MODERN,6.18946,102.292,1.0
Sarawak,Satang,MMQP001,2014,83.36,Island,mqims 2013-2015.pdf,Good,MODERN,1.77766,110.165,1.0
Sarawak,Talang-Talang Kecil,MMQP002,2014,84.7,Island,mqims 2013-2015.pdf,Good,MODERN,1.89347,109.767,1.0
Sarawak,Talang-Talang Besar,MMQP003,2014,84.5,Island,mqims 2013-2015.pdf,Good,MODERN,1.91103,109.777,1.0
Sabah,Gaya,MMSR001,2014,81.83,Island,mqims 2013-2015.pdf,Good,MODERN,6.01346,116.051,1.0
Sabah,Mabul,MMSR002,2014,53.86,Island,mqims 2013-2015.pdf,Moderate,MODERN,4.24877,118.633,1.0
Sabah,Sipadan (N),MMSR003,2014,58.91,Island,mqims 2013-2015.pdf,Moderate,MODERN,4.11766,118.628,1.0
Sabah,Sipadan (W),MMSR004,2014,79.41,Island,mqims 2013-2015.pdf,Moderate,MODERN,4.11417,118.626,1.0
Sabah,Sapi,MMSM001,2014,81.27,Island,mqims 2013-2015.pdf,Good,MODERN,6.00727,116.01,1.0
Sabah,Manukan,MMSR005,2014,80.44,Island,mqims 2013-2015.pdf,Good,MODERN,5.97335,116.005,1.0
Sabah,Tiga,MMSR006,2014,81.8,Island,mqims 2013-2015.pdf,Good,MODERN,5.71661,115.651,1.0
Sabah,Kalampunian Besar,MMSM002,2014,84.67,Island,mqims 2013-2015.pdf,Good,MODERN,5.74821,115.676,1.0
Sabah,Kapalai,MMSR007,2014,81.22,Island,mqims 2013-2015.pdf,Good,MODERN,4.22746,118.684,1.0
Sabah,Molleangan Besar,MMSR008,2014,79.48,Island,mqims 2013-2015.pdf,Moderate,MODERN,7.08223,117.044,1.0
Sabah,Banggi (South),MMSR009,2014,76.84,Island,mqims 2013-2015.pdf,Moderate,MODERN,7.11169,117.088,1.0
Sabah,Banggi (East),MMSR010,2014,79.39,Island,mqims 2013-2015.pdf,Moderate,MODERN,7.13697,117.107,1.0
Sabah,Balambangan,MMSR011,2014,77.52,Island,mqims 2013-2015.pdf,Moderate,MODERN,7.23201,116.913,1.0
Sabah,Selingan,MMSP001,2014,55.98,Island,mqims 2013-2015.pdf,Moderate,MODERN,6.17535,118.059,1.0
Terengganu,Gemia,MMTR001,2015,58.69,Island,mqims 2013-2015.pdf,Moderate,MODERN,5.23106,103.261,1.0
Terengganu,Perhentian Besar (South),MMTM001,2015,59.82,Island,mqims 2013-2015.pdf,Moderate,MODERN,5.89448,102.736,1.0
Terengganu,Perhentian Besar (West),MMTM002,2015,57.6,Island,mqims 2013-2015.pdf,Moderate,MODERN,5.88931,102.751,1.0
Terengganu,Perhentian Kecil,MMTM003,2015,59.28,Island,mqims 2013-2015.pdf,Moderate,MODERN,5.91792,102.725,1.0
Terengganu,Redang (North),MMTM004,2015,58.58,Island,mqims 2013-2015.pdf,Moderate,MODERN,5.77561,103.037,1.0
Terengganu,Redang (South),MMTM005,2015,58.46,Island,mqims 2013-2015.pdf,Moderate,MODERN,5.75253,103.003,1.0
Terengganu,Lang Tengah,MMTM006,2015,71.52,Island,mqims 2013-2015.pdf,Moderate,MODERN,5.79247,102.89,1.0
Terengganu,Pinang,MMTM007,2015,59.11,Island,mqims 2013-2015.pdf,Moderate,MODERN,5.74797,103.003,1.0
Terengganu,Ekor Tebu,MMTM008,2015,60.7,Island,mqims 2013-2015.pdf,Moderate,MODERN,5.74044,103.029,1.0
Terengganu,Lima,MMTM009,2015,59.12,Island,mqims 2013-2015.pdf,Moderate,MODERN,5.76986,103.059,1.0
Terengganu,Kapas,MMTM010,2015,58.42,Island,mqims 2013-2015.pdf,Moderate,MODERN,5.21697,103.26,1.0
Kelantan,Panjang,MMDP001,2015,65.49,Island,mqims 2013-2015.pdf,Moderate,MODERN,6.207,102.258,1.0
Kelantan,Kundur,MMDP002,2015,63.22,Island,mqims 2013-2015.pdf,Moderate,MODERN,6.18946,102.292,1.0
Sarawak,Satang,MMQP001,2015,75.17,Island,mqims 2013-2015.pdf,Moderate,MODERN,1.77766,110.165,1.0
Sarawak,Talang-Talang Kecil,MMQP002,2015,87.37,Island,mqims 2013-2015.pdf,Good,MODERN,1.89347,109.767,1.0
Sarawak,Talang-Talang Besar,MMQP003,2015,90.76,Island,mqims 2013-2015.pdf,Excellent,MODERN,1.91103,109.777,1.0
Sabah,Gaya,MMSR001,2015,85.6,Island,mqims 2013-2015.pdf,Good,MODERN,6.01346,116.051,1.0
Sabah,Mabul,MMSR002,2015,71.43,Island,mqims 2013-2015.pdf,Moderate,MODERN,4.24877,118.633,1.0
Sabah,Sipadan (N),MMSR003,2015,70.7,Island,mqims 2013-2015.pdf,Moderate,MODERN,4.11766,118.628,1.0
Sabah,Sipadan (W),MMSR004,2015,70.87,Island,mqims 2013-2015.pdf,Moderate,MODERN,4.11417,118.626,1.0
Sabah,Sapi,MMSM001,2015,84.01,Island,mqims 2013-2015.pdf,Good,MODERN,6.00727,116.01,1.0
Sabah,Manukan,MMSR005,2015,84.48,Island,mqims 2013-2015.pdf,Good,MODERN,5.97335,116.005,1.0
Sabah,Tiga,MMSR006,2015,82.56,Island,mqims 2013-2015.pdf,Good,MODERN,5.71661,115.651,1.0
Sabah,Kalampunian Besar,MMSM002,2015,83.8,Island,mqims 2013-2015.pdf,Good,MODERN,5.74821,115.676,1.0
Sabah,Kapalai,MMSR007,2015,70.17,Island,mqims 2013-2015.pdf,Moderate,MODERN,4.22746,118.684,1.0
Sabah,Molleangan Besar,MMSR008,2015,83.2,Island,mqims 2013-2015.pdf,Good,MODERN,7.08223,117.044,1.0
Sabah,Banggi (South),MMSR009,2015,82.57,Island,mqims 2013-2015.pdf,Good,MODERN,7.11169,117.088,1.0
Sabah,Banggi (East),MMSR010,2015,83.43,Island,mqims 2013-2015.pdf,Good,MODERN,7.13697,117.107,1.0
Sabah,Balambangan,MMSR011,2015,84.44,Island,mqims 2013-2015.pdf,Good,MODERN,7.23201,116.913,1.0
Sabah,Selingan,MMSP001,2015,66.87,Island,mqims 2013-2015.pdf,Moderate,MODERN,6.17535,118.059,1.0
Sabah,Gulisan,MMSP002,2013,81.4,Island,mqims 2013-2015.pdf,Good,MODERN,6.14957,118.056,1.0
Sabah,Bakungan Kecil,MMSP003,2013,84.07,Island,mqims 2013-2015.pdf,Good,MODERN,6.16391,118.109,1.0
Sabah,Mantanani Besar,MMSR012,2013,83.41,Island,mqims 2013-2015.pdf,Good,MODERN,6.70493,116.358,1.0
Labuan,Kuraman,MMLM001,2013,81.63,Island,mqims 2013-2015.pdf,Good,MODERN,5.21875,115.14,1.0
Labuan,Rusukan Besar,MMLM002,2013,84.15,Island,mqims 2013-2015.pdf,Good,MODERN,5.19,115.142,1.0
Labuan,Rusukan Kecil,MMLM003,2013,81.68,Island,mqims 2013-2015.pdf,Good,MODERN,5.20178,115.148,1.0
Labuan,Pohon Batu,MMLD001,2013,78.08,Island,mqims 2013-2015.pdf,Moderate,MODERN,5.38053,115.229,1.0
Labuan,Water Front,MMLD002,2013,72.81,Island,mqims 2013-2015.pdf,Moderate,MODERN,5.27275,115.249,1.0
Labuan,Lubuk Temiang,MMLD003,2013,79.85,Island,mqims 2013-2015.pdf,Moderate,MODERN,5.37187,115.248,1.0
Labuan,Ranca-Ranca,MMLD004,2013,88.04,Island,mqims 2013-2015.pdf,Good,MODERN,5.24192,115.24,1.0
Sabah,Gulisan,MMSP002,2014,59.89,Island,mqims 2013-2015.pdf,Moderate,MODERN,6.14957,118.056,1.0
Sabah,Bakungan Kecil,MMSP003,2014,54.4,Island,mqims 2013-2015.pdf,Moderate,MODERN,6.16391,118.109,1.0
Sabah,Mantanani Besar,MMSR012,2014,83.08,Island,mqims 2013-2015.pdf,Good,MODERN,6.70493,116.358,1.0
Labuan,Kuraman,MMLM001,2014,97.79,Island,mqims 2013-2015.pdf,Excellent,MODERN,5.21875,115.14,1.0
Labuan,Rusukan Besar,MMLM002,2014,94.87,Island,mqims 2013-2015.pdf,Excellent,MODERN,5.19,115.142,1.0
Labuan,Rusukan Kecil,MMLM003,2014,93.58,Island,mqims 2013-2015.pdf,Excellent,MODERN,5.20178,115.148,1.0
Labuan,Pohon Batu,MMLD001,2014,97.94,Island,mqims 2013-2015.pdf,Excellent,MODERN,5.38053,115.229,1.0
Labuan,Water Front,MMLD002,2014,97.65,Island,mqims 2013-2015.pdf,Excellent,MODERN,5.27275,115.249,1.0
Labuan,Lubuk Temiang,MMLD003,2014,97.79,Island,mqims 2013-2015.pdf,Excellent,MODERN,5.37187,115.248,1.0
Labuan,Ranca-Ranca,MMLD004,2014,91.44,Island,mqims 2013-2015.pdf,Excellent,MODERN,5.24192,115.24,1.0
Sabah,Gulisan,MMSP002,2015,87.0,Island,mqims 2013-2015.pdf,Good,MODERN,6.14957,118.056,1.0
Sabah,Bakungan Kecil,MMSP003,2015,50.73,Island,mqims 2013-2015.pdf,Moderate,MODERN,6.16391,118.109,1.0
Sabah,Mantanani Besar,MMSR012,2015,82.18,Island,mqims 2013-2015.pdf,Good,MODERN,6.70493,116.358,1.0
Labuan,Kuraman,MMLM001,2015,68.67,Island,mqims 2013-2015.pdf,Moderate,MODERN,5.21875,115.14,1.0
Labuan,Rusukan Besar,MMLM002,2015,66.46,Island,mqims 2013-2015.pdf,Moderate,MODERN,5.19,115.142,1.0
Labuan,Rusukan Kecil,MMLM003,2015,66.22,Island,mqims 2013-2015.pdf,Moderate,MODERN,5.20178,115.148,1.0
Labuan,Pohon Batu,MMLD001,2015,67.65,Island,mqims 2013-2015.pdf,Moderate,MODERN,5.38053,115.229,1.0
Labuan,Water Front,MMLD002,2015,64.47,Island,mqims 2013-2015.pdf,Moderate,MODERN,5.27275,115.249,1.0
Labuan,Lubuk Temiang,MMLD003,2015,65.77,Island,mqims 2013-2015.pdf,Moderate,MODERN,5.37187,115.248,1.0
Labuan,Ranca-Ranca,MMLD004,2015,66.63,Island,mqims 2013-2015.pdf,Moderate,MODERN,5.24192,115.24,1.0
Kedah,Pantai Merdeka,MMKC001,2016,76.0,Coastal,mqims 2016-2020.pdf,Moderate,MODERN,5.66976,100.369,1.0
Kedah,Langkawi Island Resort,MMKC002,2016,66.0,Coastal,mqims 2016-2020.pdf,Moderate,MODERN,6.29669,99.861,1.0
Kedah,Pantai Kok,MMKC003,2016,66.0,Coastal,mqims 2016-2020.pdf,Moderate,MODERN,6.36607,99.6791,1.0
Kedah,Pantai Kuah,MMKC004,2016,71.0,Coastal,mqims 2016-2020.pdf,Moderate,MODERN,6.313553,99.851419,1.0
Kedah,Pantai Pasir Tengkorak,MMKC005,2016,68.0,Coastal,mqims 2016-2020.pdf,Moderate,MODERN,6.43123,99.7261,1.0
Kedah,Pantai Teluk Burau,MMKC006,2016,64.0,Coastal,mqims 2016-2020.pdf,Moderate,MODERN,6.36391,99.6685,1.0
Kedah,Pantai Teluk Nibong,MMKC007,2016,63.0,Coastal,mqims 2016-2020.pdf,Moderate,MODERN,6.36022,99.7022,1.0
Kedah,Pantai Tengah,MMKC008,2016,60.0,Coastal,mqims 2016-2020.pdf,Moderate,MODERN,6.27975,99.7275,1.0
Kedah,Pantai Beras Basah*,MMKC009,2016,,Coastal,mqims 2016-2020.pdf,,MODERN,6.23086,99.718,1.0
Pulau Pinang,Gertak Sanggul,MMPC001,2016,53.0,Coastal,mqims 2016-2020.pdf,Moderate,MODERN,5.27732,100.194,1.0
Pulau Pinang,Kawasan Perindustrian Bayan Lepas 1,MMPC002,2016,,Coastal,mqims 2016-2020.pdf,,MODERN,5.30951,100.301,1.0
Pulau Pinang,Kawasan Perindustrian Bayan Lepas 2**,HIST_5303933_BAYAN_LEPAS_2,2016,,Coastal,mqims 2016-2020.pdf,,LEGACY,,,
Pulau Pinang,Kawasan Perindustrian Bayan Lepas 3**,HIST_5302939_BAYAN_LEPAS_3,2016,50.0,Coastal,mqims 2016-2020.pdf,Moderate,LEGACY,,,
Pulau Pinang,Pantai Bersih,MMPC003,2016,76.0,Coastal,mqims 2016-2020.pdf,Moderate,MODERN,5.44167,100.378,1.0
Pulau Pinang,Pantai Miami,MMPC004,2016,61.0,Coastal,mqims 2016-2020.pdf,Moderate,MODERN,5.47923,100.268,1.0
Pulau Pinang,Pantai Pasir Panjang,MMPC005,2016,63.0,Coastal,mqims 2016-2020.pdf,Moderate,MODERN,5.29722,100.183,1.0
Pulau Pinang,Batu Feringgi (Casuarina),MMPC006,2016,79.0,Coastal,mqims 2016-2020.pdf,Moderate,MODERN,5.46944,100.242,1.0
Pulau Pinang,Luar Pantai Teluk Bahang,MMPC007,2016,88.0,Coastal,mqims 2016-2020.pdf,Good,MODERN,5.462,100.213,1.0
Pulau Pinang,Persiaran Gurney,MMPC008,2016,83.0,Coastal,mqims 2016-2020.pdf,Good,MODERN,5.4373,100.313,1.0
Pulau Pinang,Rumah Pam Baru Perai,MMPC009,2016,66.0,Coastal,mqims 2016-2020.pdf,Moderate,MODERN,5.35417,100.387,1.0
Pulau Pinang,Rumah Pam Lama Perai,MMPC010,2016,61.0,Coastal,mqims 2016-2020.pdf,Moderate,MODERN,5.33445,100.31,1.0
Pulau Pinang,Selat PP Selatan (Jelutong),MMPC011,2016,60.0,Coastal,mqims 2016-2020.pdf,Moderate,MODERN,5.39108,100.329,1.0
Pulau Pinang,Tanjung Bungah,MMPC012,2016,83.0,Coastal,mqims 2016-2020.pdf,Good,MODERN,5.46742,100.281,1.0
Pulau Pinang,Teluk Tempoyak,MMPC013,2016,51.0,Coastal,mqims 2016-2020.pdf,Moderate,MODERN,5.46856,100.294,1.0
Pulau Pinang,Batu Maung,MMPC014,2016,46.0,Coastal,mqims 2016-2020.pdf,Poor,MODERN,5.287831,100.292314,1.0
Kedah,Pantai Merdeka,MMKC001,2017,79.0,Coastal,mqims 2016-2020.pdf,Moderate,MODERN,5.66976,100.369,1.0
Kedah,Langkawi Island Resort,MMKC002,2017,90.0,Coastal,mqims 2016-2020.pdf,Excellent,MODERN,6.29669,99.861,1.0
Kedah,Pantai Kok,MMKC003,2017,83.0,Coastal,mqims 2016-2020.pdf,Good,MODERN,6.36607,99.6791,1.0
Kedah,Pantai Kuah,MMKC004,2017,91.0,Coastal,mqims 2016-2020.pdf,Excellent,MODERN,6.313553,99.851419,1.0
Kedah,Pantai Pasir Tengkorak,MMKC005,2017,93.0,Coastal,mqims 2016-2020.pdf,Excellent,MODERN,6.43123,99.7261,1.0
Kedah,Pantai Teluk Burau,MMKC006,2017,85.0,Coastal,mqims 2016-2020.pdf,Good,MODERN,6.36391,99.6685,1.0
Kedah,Pantai Teluk Nibong,MMKC007,2017,91.0,Coastal,mqims 2016-2020.pdf,Excellent,MODERN,6.36022,99.7022,1.0
Kedah,Pantai Tengah,MMKC008,2017,87.0,Coastal,mqims 2016-2020.pdf,Good,MODERN,6.27975,99.7275,1.0
Kedah,Pantai Beras Basah*,MMKC009,2017,93.0,Coastal,mqims 2016-2020.pdf,Excellent,MODERN,6.23086,99.718,1.0
Pulau Pinang,Gertak Sanggul,MMPC001,2017,71.0,Coastal,mqims 2016-2020.pdf,Moderate,MODERN,5.27732,100.194,1.0
Pulau Pinang,Kawasan Perindustrian Bayan Lepas 1,MMPC002,2017,67.0,Coastal,mqims 2016-2020.pdf,Moderate,MODERN,5.30951,100.301,1.0
Pulau Pinang,Kawasan Perindustrian Bayan Lepas 2**,HIST_5303933_BAYAN_LEPAS_2,2017,,Coastal,mqims 2016-2020.pdf,,LEGACY,,,
Pulau Pinang,Kawasan Perindustrian Bayan Lepas 3**,HIST_5302939_BAYAN_LEPAS_3,2017,,Coastal,mqims 2016-2020.pdf,,LEGACY,,,
Pulau Pinang,Pantai Bersih,MMPC003,2017,50.0,Coastal,mqims 2016-2020.pdf,Moderate,MODERN,5.44167,100.378,1.0
Pulau Pinang,Pantai Miami,MMPC004,2017,68.0,Coastal,mqims 2016-2020.pdf,Moderate,MODERN,5.47923,100.268,1.0
Pulau Pinang,Pantai Pasir Panjang,MMPC005,2017,86.0,Coastal,mqims 2016-2020.pdf,Good,MODERN,5.29722,100.183,1.0
Pulau Pinang,Batu Feringgi (Casuarina),MMPC006,2017,67.0,Coastal,mqims 2016-2020.pdf,Moderate,MODERN,5.46944,100.242,1.0
Pulau Pinang,Luar Pantai Teluk Bahang,MMPC007,2017,85.0,Coastal,mqims 2016-2020.pdf,Good,MODERN,5.462,100.213,1.0
Pulau Pinang,Persiaran Gurney,MMPC008,2017,62.0,Coastal,mqims 2016-2020.pdf,Moderate,MODERN,5.4373,100.313,1.0
Pulau Pinang,Rumah Pam Baru Perai,MMPC009,2017,59.0,Coastal,mqims 2016-2020.pdf,Moderate,MODERN,5.35417,100.387,1.0
Pulau Pinang,Rumah Pam Lama Perai,MMPC010,2017,64.0,Coastal,mqims 2016-2020.pdf,Moderate,MODERN,5.33445,100.31,1.0
Pulau Pinang,Selat PP Selatan (Jelutong),MMPC011,2017,49.0,Coastal,mqims 2016-2020.pdf,Poor,MODERN,5.39108,100.329,1.0
Pulau Pinang,Tanjung Bungah,MMPC012,2017,84.0,Coastal,mqims 2016-2020.pdf,Good,MODERN,5.46742,100.281,1.0
Pulau Pinang,Teluk Tempoyak,MMPC013,2017,61.0,Coastal,mqims 2016-2020.pdf,Moderate,MODERN,5.46856,100.294,1.0
Pulau Pinang,Batu Maung,MMPC014,2017,59.0,Coastal,mqims 2016-2020.pdf,Moderate,MODERN,5.287831,100.292314,1.0
Kedah,Pantai Merdeka,MMKC001,2018,91.0,Coastal,mqims 2016-2020.pdf,Excellent,MODERN,5.66976,100.369,1.0
Kedah,Langkawi Island Resort,MMKC002,2018,94.0,Coastal,mqims 2016-2020.pdf,Excellent,MODERN,6.29669,99.861,1.0
Kedah,Pantai Kok,MMKC003,2018,94.0,Coastal,mqims 2016-2020.pdf,Excellent,MODERN,6.36607,99.6791,1.0
Kedah,Pantai Kuah,MMKC004,2018,94.0,Coastal,mqims 2016-2020.pdf,Excellent,MODERN,6.313553,99.851419,1.0
Kedah,Pantai Pasir Tengkorak,MMKC005,2018,94.0,Coastal,mqims 2016-2020.pdf,Excellent,MODERN,6.43123,99.7261,1.0
Kedah,Pantai Teluk Burau,MMKC006,2018,94.0,Coastal,mqims 2016-2020.pdf,Excellent,MODERN,6.36391,99.6685,1.0
Kedah,Pantai Teluk Nibong,MMKC007,2018,84.0,Coastal,mqims 2016-2020.pdf,Good,MODERN,6.36022,99.7022,1.0
Kedah,Pantai Tengah,MMKC008,2018,94.0,Coastal,mqims 2016-2020.pdf,Excellent,MODERN,6.27975,99.7275,1.0
Kedah,Pantai Beras Basah*,MMKC009,2018,94.0,Coastal,mqims 2016-2020.pdf,Excellent,MODERN,6.23086,99.718,1.0
Pulau Pinang,Gertak Sanggul,MMPC001,2018,81.0,Coastal,mqims 2016-2020.pdf,Good,MODERN,5.27732,100.194,1.0
Pulau Pinang,Kawasan Perindustrian Bayan Lepas 1,MMPC002,2018,59.0,Coastal,mqims 2016-2020.pdf,Moderate,MODERN,5.30951,100.301,1.0
Pulau Pinang,Kawasan Perindustrian Bayan Lepas 2**,HIST_5303933_BAYAN_LEPAS_2,2018,,Coastal,mqims 2016-2020.pdf,,LEGACY,,,
Pulau Pinang,Kawasan Perindustrian Bayan Lepas 3**,HIST_5302939_BAYAN_LEPAS_3,2018,,Coastal,mqims 2016-2020.pdf,,LEGACY,,,
Pulau Pinang,Pantai Bersih,MMPC003,2018,66.0,Coastal,mqims 2016-2020.pdf,Moderate,MODERN,5.44167,100.378,1.0
Pulau Pinang,Pantai Miami,MMPC004,2018,93.0,Coastal,mqims 2016-2020.pdf,Excellent,MODERN,5.47923,100.268,1.0
Pulau Pinang,Pantai Pasir Panjang,MMPC005,2018,93.0,Coastal,mqims 2016-2020.pdf,Excellent,MODERN,5.29722,100.183,1.0
Pulau Pinang,Batu Feringgi (Casuarina),MMPC006,2018,67.0,Coastal,mqims 2016-2020.pdf,Moderate,MODERN,5.46944,100.242,1.0
Pulau Pinang,Luar Pantai Teluk Bahang,MMPC007,2018,93.0,Coastal,mqims 2016-2020.pdf,Excellent,MODERN,5.462,100.213,1.0
Pulau Pinang,Persiaran Gurney,MMPC008,2018,66.0,Coastal,mqims 2016-2020.pdf,Moderate,MODERN,5.4373,100.313,1.0
Pulau Pinang,Rumah Pam Baru Perai,MMPC009,2018,64.0,Coastal,mqims 2016-2020.pdf,Moderate,MODERN,5.35417,100.387,1.0
Pulau Pinang,Rumah Pam Lama Perai,MMPC010,2018,65.0,Coastal,mqims 2016-2020.pdf,Moderate,MODERN,5.33445,100.31,1.0
Pulau Pinang,Selat PP Selatan (Jelutong),MMPC011,2018,59.0,Coastal,mqims 2016-2020.pdf,Moderate,MODERN,5.39108,100.329,1.0
Pulau Pinang,Tanjung Bungah,MMPC012,2018,67.0,Coastal,mqims 2016-2020.pdf,Moderate,MODERN,5.46742,100.281,1.0
Pulau Pinang,Teluk Tempoyak,MMPC013,2018,75.0,Coastal,mqims 2016-2020.pdf,Moderate,MODERN,5.46856,100.294,1.0
Pulau Pinang,Batu Maung,MMPC014,2018,62.0,Coastal,mqims 2016-2020.pdf,Moderate,MODERN,5.287831,100.292314,1.0
Kedah,Pantai Merdeka,MMKC001,2019,79.0,Coastal,mqims 2016-2020.pdf,Moderate,MODERN,5.66976,100.369,1.0
Kedah,Langkawi Island Resort,MMKC002,2019,90.0,Coastal,mqims 2016-2020.pdf,Excellent,MODERN,6.29669,99.861,1.0
Kedah,Pantai Kok,MMKC003,2019,92.0,Coastal,mqims 2016-2020.pdf,Excellent,MODERN,6.36607,99.6791,1.0
Kedah,Pantai Kuah,MMKC004,2019,84.0,Coastal,mqims 2016-2020.pdf,Good,MODERN,6.313553,99.851419,1.0
Kedah,Pantai Pasir Tengkorak,MMKC005,2019,68.0,Coastal,mqims 2016-2020.pdf,Moderate,MODERN,6.43123,99.7261,1.0
Kedah,Pantai Teluk Burau,MMKC006,2019,83.0,Coastal,mqims 2016-2020.pdf,Good,MODERN,6.36391,99.6685,1.0
Kedah,Pantai Teluk Nibong,MMKC007,2019,91.0,Coastal,mqims 2016-2020.pdf,Excellent,MODERN,6.36022,99.7022,1.0
Kedah,Pantai Tengah,MMKC008,2019,92.0,Coastal,mqims 2016-2020.pdf,Excellent,MODERN,6.27975,99.7275,1.0
Kedah,Pantai Beras Basah*,MMKC009,2019,92.0,Coastal,mqims 2016-2020.pdf,Excellent,MODERN,6.23086,99.718,1.0
Pulau Pinang,Gertak Sanggul,MMPC001,2019,58.0,Coastal,mqims 2016-2020.pdf,Moderate,MODERN,5.27732,100.194,1.0
Pulau Pinang,Kawasan Perindustrian Bayan Lepas 1,MMPC002,2019,56.0,Coastal,mqims 2016-2020.pdf,Moderate,MODERN,5.30951,100.301,1.0
Pulau Pinang,Kawasan Perindustrian Bayan Lepas 2**,HIST_5303933_BAYAN_LEPAS_2,2019,,Coastal,mqims 2016-2020.pdf,,LEGACY,,,
Pulau Pinang,Kawasan Perindustrian Bayan Lepas 3**,HIST_5302939_BAYAN_LEPAS_3,2019,,Coastal,mqims 2016-2020.pdf,,LEGACY,,,
Pulau Pinang,Pantai Bersih,MMPC003,2019,58.0,Coastal,mqims 2016-2020.pdf,Moderate,MODERN,5.44167,100.378,1.0
Pulau Pinang,Pantai Miami,MMPC004,2019,69.0,Coastal,mqims 2016-2020.pdf,Moderate,MODERN,5.47923,100.268,1.0
Pulau Pinang,Pantai Pasir Panjang,MMPC005,2019,81.0,Coastal,mqims 2016-2020.pdf,Good,MODERN,5.29722,100.183,1.0
Pulau Pinang,Batu Feringgi (Casuarina),MMPC006,2019,60.0,Coastal,mqims 2016-2020.pdf,Moderate,MODERN,5.46944,100.242,1.0
Pulau Pinang,Luar Pantai Teluk Bahang,MMPC007,2019,57.0,Coastal,mqims 2016-2020.pdf,Moderate,MODERN,5.462,100.213,1.0
Pulau Pinang,Persiaran Gurney,MMPC008,2019,58.0,Coastal,mqims 2016-2020.pdf,Moderate,MODERN,5.4373,100.313,1.0
Pulau Pinang,Rumah Pam Baru Perai,MMPC009,2019,56.0,Coastal,mqims 2016-2020.pdf,Moderate,MODERN,5.35417,100.387,1.0
Pulau Pinang,Rumah Pam Lama Perai,MMPC010,2019,57.0,Coastal,mqims 2016-2020.pdf,Moderate,MODERN,5.33445,100.31,1.0
Pulau Pinang,Selat PP Selatan (Jelutong),MMPC011,2019,57.0,Coastal,mqims 2016-2020.pdf,Moderate,MODERN,5.39108,100.329,1.0
Pulau Pinang,Tanjung Bungah,MMPC012,2019,57.0,Coastal,mqims 2016-2020.pdf,Moderate,MODERN,5.46742,100.281,1.0
Pulau Pinang,Teluk Tempoyak,MMPC013,2019,57.0,Coastal,mqims 2016-2020.pdf,Moderate,MODERN,5.46856,100.294,1.0
Pulau Pinang,Batu Maung,MMPC014,2019,57.0,Coastal,mqims 2016-2020.pdf,Moderate,MODERN,5.287831,100.292314,1.0
Kedah,Pantai Merdeka,MMKC001,2020,71.0,Coastal,mqims 2016-2020.pdf,Moderate,MODERN,5.66976,100.369,1.0
Kedah,Langkawi Island Resort,MMKC002,2020,93.0,Coastal,mqims 2016-2020.pdf,Excellent,MODERN,6.29669,99.861,1.0
Kedah,Pantai Kok,MMKC003,2020,95.0,Coastal,mqims 2016-2020.pdf,Excellent,MODERN,6.36607,99.6791,1.0
Kedah,Pantai Kuah,MMKC004,2020,89.0,Coastal,mqims 2016-2020.pdf,Good,MODERN,6.313553,99.851419,1.0
Kedah,Pantai Pasir Tengkorak,MMKC005,2020,93.0,Coastal,mqims 2016-2020.pdf,Excellent,MODERN,6.43123,99.7261,1.0
Kedah,Pantai Teluk Burau,MMKC006,2020,89.0,Coastal,mqims 2016-2020.pdf,Good,MODERN,6.36391,99.6685,1.0
Kedah,Pantai Teluk Nibong,MMKC007,2020,94.0,Coastal,mqims 2016-2020.pdf,Excellent,MODERN,6.36022,99.7022,1.0
Kedah,Pantai Tengah,MMKC008,2020,96.0,Coastal,mqims 2016-2020.pdf,Excellent,MODERN,6.27975,99.7275,1.0
Kedah,Pantai Beras Basah*,MMKC009,2020,95.0,Coastal,mqims 2016-2020.pdf,Excellent,MODERN,6.23086,99.718,1.0
Pulau Pinang,Gertak Sanggul,MMPC001,2020,84.0,Coastal,mqims 2016-2020.pdf,Good,MODERN,5.27732,100.194,1.0
Pulau Pinang,Kawasan Perindustrian Bayan Lepas 1,MMPC002,2020,56.0,Coastal,mqims 2016-2020.pdf,Moderate,MODERN,5.30951,100.301,1.0
Pulau Pinang,Kawasan Perindustrian Bayan Lepas 2**,HIST_5303933_BAYAN_LEPAS_2,2020,,Coastal,mqims 2016-2020.pdf,,LEGACY,,,
Pulau Pinang,Kawasan Perindustrian Bayan Lepas 3**,HIST_5302939_BAYAN_LEPAS_3,2020,,Coastal,mqims 2016-2020.pdf,,LEGACY,,,
Pulau Pinang,Pantai Bersih,MMPC003,2020,58.0,Coastal,mqims 2016-2020.pdf,Moderate,MODERN,5.44167,100.378,1.0
Pulau Pinang,Pantai Miami,MMPC004,2020,81.0,Coastal,mqims 2016-2020.pdf,Good,MODERN,5.47923,100.268,1.0
Pulau Pinang,Pantai Pasir Panjang,MMPC005,2020,81.0,Coastal,mqims 2016-2020.pdf,Good,MODERN,5.29722,100.183,1.0
Pulau Pinang,Batu Feringgi (Casuarina),MMPC006,2020,58.0,Coastal,mqims 2016-2020.pdf,Moderate,MODERN,5.46944,100.242,1.0
Pulau Pinang,Luar Pantai Teluk Bahang,MMPC007,2020,83.0,Coastal,mqims 2016-2020.pdf,Good,MODERN,5.462,100.213,1.0
Pulau Pinang,Persiaran Gurney,MMPC008,2020,59.0,Coastal,mqims 2016-2020.pdf,Moderate,MODERN,5.4373,100.313,1.0
Pulau Pinang,Rumah Pam Baru Perai,MMPC009,2020,61.0,Coastal,mqims 2016-2020.pdf,Moderate,MODERN,5.35417,100.387,1.0
Pulau Pinang,Rumah Pam Lama Perai,MMPC010,2020,60.0,Coastal,mqims 2016-2020.pdf,Moderate,MODERN,5.33445,100.31,1.0
Pulau Pinang,Selat PP Selatan (Jelutong),MMPC011,2020,55.0,Coastal,mqims 2016-2020.pdf,Moderate,MODERN,5.39108,100.329,1.0
Pulau Pinang,Tanjung Bungah,MMPC012,2020,70.0,Coastal,mqims 2016-2020.pdf,Moderate,MODERN,5.46742,100.281,1.0
Pulau Pinang,Teluk Tempoyak,MMPC013,2020,69.0,Coastal,mqims 2016-2020.pdf,Moderate,MODERN,5.46856,100.294,1.0
Pulau Pinang,Batu Maung,MMPC014,2020,56.0,Coastal,mqims 2016-2020.pdf,Moderate,MODERN,5.287831,100.292314,1.0
Pulau Pinang,Pantai Sungai Batu Ferringhi 3*,MMPC015,2016,,Coastal,mqims 2016-2020.pdf,,MODERN,5.480744,100.253394,1.0
Pulau Pinang,Pantai Sungai Batu Ferringhi 2*,MMPC016,2016,,Coastal,mqims 2016-2020.pdf,,MODERN,5.47719,100.249,1.0
Pulau Pinang,Pantai Sungai Batu Ferringhi 1*,MMPC017,2016,,Coastal,mqims 2016-2020.pdf,,MODERN,5.4728,100.244,1.0
Perak,Pantai Pasir Bogak,MMAC001,2016,58.0,Coastal,mqims 2016-2020.pdf,Moderate,MODERN,4.21176,100.551,1.0
Perak,Pantai Teluk Dalam,MMAC002,2016,75.0,Coastal,mqims 2016-2020.pdf,Moderate,MODERN,4.25,100.556,1.0
Perak,Pantai Teluk Batik,MMAC003,2016,51.0,Coastal,mqims 2016-2020.pdf,Moderate,MODERN,4.18732,100.606,1.0
Perak,Pantai Tanjung Batu,MMAC004,2016,53.0,Coastal,mqims 2016-2020.pdf,Moderate,MODERN,4.42659,100.595,1.0
Perak,Pantai Teluk Rubiah*,MMAC005,2016,,Coastal,mqims 2016-2020.pdf,,MODERN,4.16016,100.622,1.0
Perak,Pantai Damai Laut*,MMAC006,2016,,Coastal,mqims 2016-2020.pdf,,MODERN,4.26412,100.589,1.0
Perak,Pantai Teluk Senangin*,MMAC007,2016,,Coastal,mqims 2016-2020.pdf,,MODERN,4.29387,100.582,1.0
Perak,Pantai Pasir Panjang,MMAC008,2016,52.0,Coastal,mqims 2016-2020.pdf,Moderate,MODERN,4.34797,100.568,1.0
Selangor,Pantai Bagan Lalang,MMBC001,2016,90.0,Coastal,mqims 2016-2020.pdf,Excellent,MODERN,2.6054,101.687,1.0
Selangor,Pantai Morib,MMBC002,2016,62.0,Coastal,mqims 2016-2020.pdf,Moderate,MODERN,2.75,101.439,1.0
Selangor,Selat Pulau Babi,MMBC003,2016,75.0,Coastal,mqims 2016-2020.pdf,Moderate,MODERN,3.00766,101.273,1.0
Selangor,Selat Klang Utara,MMBC004,2016,78.0,Coastal,mqims 2016-2020.pdf,Moderate,MODERN,3.02818,101.351,1.0
Selangor,Pantai Remis*,MMBC005,2016,,Coastal,mqims 2016-2020.pdf,,MODERN,3.20073,101.302,1.0
Selangor,Pantai Klanang*,MMBC006,2016,,Coastal,mqims 2016-2020.pdf,,MODERN,2.78927,101.409,1.0
N. Sembilan,Bagan Pinang,MMNC001,2016,97.0,Coastal,mqims 2016-2020.pdf,Excellent,MODERN,2.50823,101.828,1.0
N. Sembilan,Telok Sinting,MMNC002,2016,97.0,Coastal,mqims 2016-2020.pdf,Excellent,MODERN,2.41522,101.941,1.0
N. Sembilan,Port Dickson Bandar,MMNC003,2016,97.0,Coastal,mqims 2016-2020.pdf,Excellent,MODERN,2.52001,101.798,1.0
N. Sembilan,Port Dickson Batu 4,MMNC004,2016,97.0,Coastal,mqims 2016-2020.pdf,Excellent,MODERN,2.49971,101.837,1.0
N. Sembilan,Port Dickson Batu 5,MMNC005,2016,97.0,Coastal,mqims 2016-2020.pdf,Excellent,MODERN,2.49585,101.838,1.0
N. Sembilan,Port Dickson Batu 6,MMNC006,2016,97.0,Coastal,mqims 2016-2020.pdf,Excellent,MODERN,2.48079,101.847,1.0
N. Sembilan,Port Dickson Batu 7,MMNC007,2016,97.0,Coastal,mqims 2016-2020.pdf,Excellent,MODERN,2.46123,101.851,1.0
N. Sembilan,Port Dickson Batu 8,MMNC008,2016,97.0,Coastal,mqims 2016-2020.pdf,Excellent,MODERN,2.45415,101.854,1.0
N. Sembilan,Port Dickson Batu 10,MMNC009,2016,97.0,Coastal,mqims 2016-2020.pdf,Excellent,MODERN,2.41706,101.856,1.0
N. Sembilan,Port Dickson Janakuasa TNB,MMNC010,2016,97.0,Coastal,mqims 2016-2020.pdf,Excellent,MODERN,2.54237,101.798,1.0
N. Sembilan,Telok Pelanduk,MMNC011,2016,97.0,Coastal,mqims 2016-2020.pdf,Excellent,MODERN,2.41663,101.892,1.0
N. Sembilan,Pantai Cermin,MMNC012,2016,97.0,Coastal,mqims 2016-2020.pdf,Excellent,MODERN,2.41499,101.861,1.0
N. Sembilan,Pantai Teluk Kemang*,MMNC013,2016,,Coastal,mqims 2016-2020.pdf,,MODERN,2.44777,101.854,1.0
N. Sembilan,Pantai Seri Purnama*,MMNC014,2016,,Coastal,mqims 2016-2020.pdf,,MODERN,2.44313,101.855,1.0
Melaka,Pantai Rombang,MMMC001,2016,68.0,Coastal,mqims 2016-2020.pdf,Moderate,MODERN,2.22728,102.148,1.0
Melaka,Pantai Kundur,MMMC002,2016,57.0,Coastal,mqims 2016-2020.pdf,Moderate,MODERN,2.24319,102.14,1.0
Melaka,Pantai Tanjung Bidara,MMMC003,2016,57.0,Coastal,mqims 2016-2020.pdf,Moderate,MODERN,2.29075,102.088,1.0
Pulau Pinang,Pantai Sungai Batu Ferringhi 3*,MMPC015,2017,62.0,Coastal,mqims 2016-2020.pdf,Moderate,MODERN,5.480744,100.253394,1.0
Pulau Pinang,Pantai Sungai Batu Ferringhi 2*,MMPC016,2017,61.0,Coastal,mqims 2016-2020.pdf,Moderate,MODERN,5.47719,100.249,1.0
Pulau Pinang,Pantai Sungai Batu Ferringhi 1*,MMPC017,2017,51.0,Coastal,mqims 2016-2020.pdf,Moderate,MODERN,5.4728,100.244,1.0
Perak,Pantai Pasir Bogak,MMAC001,2017,91.0,Coastal,mqims 2016-2020.pdf,Excellent,MODERN,4.21176,100.551,1.0
Perak,Pantai Teluk Dalam,MMAC002,2017,91.0,Coastal,mqims 2016-2020.pdf,Excellent,MODERN,4.25,100.556,1.0
Perak,Pantai Teluk Batik,MMAC003,2017,89.0,Coastal,mqims 2016-2020.pdf,Good,MODERN,4.18732,100.606,1.0
Perak,Pantai Tanjung Batu,MMAC004,2017,92.0,Coastal,mqims 2016-2020.pdf,Excellent,MODERN,4.42659,100.595,1.0
Perak,Pantai Teluk Rubiah*,MMAC005,2017,93.0,Coastal,mqims 2016-2020.pdf,Excellent,MODERN,4.16016,100.622,1.0
Perak,Pantai Damai Laut*,MMAC006,2017,91.0,Coastal,mqims 2016-2020.pdf,Excellent,MODERN,4.26412,100.589,1.0
Perak,Pantai Teluk Senangin*,MMAC007,2017,92.0,Coastal,mqims 2016-2020.pdf,Excellent,MODERN,4.29387,100.582,1.0
Perak,Pantai Pasir Panjang,MMAC008,2017,93.0,Coastal,mqims 2016-2020.pdf,Excellent,MODERN,4.34797,100.568,1.0
Selangor,Pantai Bagan Lalang,MMBC001,2017,92.0,Coastal,mqims 2016-2020.pdf,Excellent,MODERN,2.6054,101.687,1.0
Selangor,Pantai Morib,MMBC002,2017,89.0,Coastal,mqims 2016-2020.pdf,Good,MODERN,2.75,101.439,1.0
Selangor,Selat Pulau Babi,MMBC003,2017,72.0,Coastal,mqims 2016-2020.pdf,Moderate,MODERN,3.00766,101.273,1.0
Selangor,Selat Klang Utara,MMBC004,2017,64.0,Coastal,mqims 2016-2020.pdf,Moderate,MODERN,3.02818,101.351,1.0
Selangor,Pantai Remis*,MMBC005,2017,67.0,Coastal,mqims 2016-2020.pdf,Moderate,MODERN,3.20073,101.302,1.0
Selangor,Pantai Klanang*,MMBC006,2017,91.0,Coastal,mqims 2016-2020.pdf,Excellent,MODERN,2.78927,101.409,1.0
N. Sembilan,Bagan Pinang,MMNC001,2017,68.0,Coastal,mqims 2016-2020.pdf,Moderate,MODERN,2.50823,101.828,1.0
N. Sembilan,Telok Sinting,MMNC002,2017,87.0,Coastal,mqims 2016-2020.pdf,Good,MODERN,2.41522,101.941,1.0
N. Sembilan,Port Dickson Bandar,MMNC003,2017,68.0,Coastal,mqims 2016-2020.pdf,Moderate,MODERN,2.52001,101.798,1.0
N. Sembilan,Port Dickson Batu 4,MMNC004,2017,67.0,Coastal,mqims 2016-2020.pdf,Moderate,MODERN,2.49971,101.837,1.0
N. Sembilan,Port Dickson Batu 5,MMNC005,2017,79.0,Coastal,mqims 2016-2020.pdf,Moderate,MODERN,2.49585,101.838,1.0
N. Sembilan,Port Dickson Batu 6,MMNC006,2017,68.0,Coastal,mqims 2016-2020.pdf,Moderate,MODERN,2.48079,101.847,1.0
N. Sembilan,Port Dickson Batu 7,MMNC007,2017,67.0,Coastal,mqims 2016-2020.pdf,Moderate,MODERN,2.46123,101.851,1.0
N. Sembilan,Port Dickson Batu 8,MMNC008,2017,75.0,Coastal,mqims 2016-2020.pdf,Moderate,MODERN,2.45415,101.854,1.0
N. Sembilan,Port Dickson Batu 10,MMNC009,2017,68.0,Coastal,mqims 2016-2020.pdf,Moderate,MODERN,2.41706,101.856,1.0
N. Sembilan,Port Dickson Janakuasa TNB,MMNC010,2017,68.0,Coastal,mqims 2016-2020.pdf,Moderate,MODERN,2.54237,101.798,1.0
N. Sembilan,Telok Pelanduk,MMNC011,2017,81.0,Coastal,mqims 2016-2020.pdf,Good,MODERN,2.41663,101.892,1.0
N. Sembilan,Pantai Cermin,MMNC012,2017,68.0,Coastal,mqims 2016-2020.pdf,Moderate,MODERN,2.41499,101.861,1.0
N. Sembilan,Pantai Teluk Kemang*,MMNC013,2017,68.0,Coastal,mqims 2016-2020.pdf,Moderate,MODERN,2.44777,101.854,1.0
N. Sembilan,Pantai Seri Purnama*,MMNC014,2017,85.0,Coastal,mqims 2016-2020.pdf,Good,MODERN,2.44313,101.855,1.0
Melaka,Pantai Rombang,MMMC001,2017,85.0,Coastal,mqims 2016-2020.pdf,Good,MODERN,2.22728,102.148,1.0
Melaka,Pantai Kundur,MMMC002,2017,84.0,Coastal,mqims 2016-2020.pdf,Good,MODERN,2.24319,102.14,1.0
Melaka,Pantai Tanjung Bidara,MMMC003,2017,82.0,Coastal,mqims 2016-2020.pdf,Good,MODERN,2.29075,102.088,1.0
Pulau Pinang,Pantai Sungai Batu Ferringhi 3*,MMPC015,2018,93.0,Coastal,mqims 2016-2020.pdf,Excellent,MODERN,5.480744,100.253394,1.0
Pulau Pinang,Pantai Sungai Batu Ferringhi 2*,MMPC016,2018,93.0,Coastal,mqims 2016-2020.pdf,Excellent,MODERN,5.47719,100.249,1.0
Pulau Pinang,Pantai Sungai Batu Ferringhi 1*,MMPC017,2018,85.0,Coastal,mqims 2016-2020.pdf,Good,MODERN,5.4728,100.244,1.0
Perak,Pantai Pasir Bogak,MMAC001,2018,92.0,Coastal,mqims 2016-2020.pdf,Excellent,MODERN,4.21176,100.551,1.0
Perak,Pantai Teluk Dalam,MMAC002,2018,93.0,Coastal,mqims 2016-2020.pdf,Excellent,MODERN,4.25,100.556,1.0
Perak,Pantai Teluk Batik,MMAC003,2018,92.0,Coastal,mqims 2016-2020.pdf,Excellent,MODERN,4.18732,100.606,1.0
Perak,Pantai Tanjung Batu,MMAC004,2018,94.0,Coastal,mqims 2016-2020.pdf,Excellent,MODERN,4.42659,100.595,1.0
Perak,Pantai Teluk Rubiah*,MMAC005,2018,92.0,Coastal,mqims 2016-2020.pdf,Excellent,MODERN,4.16016,100.622,1.0
Perak,Pantai Damai Laut*,MMAC006,2018,92.0,Coastal,mqims 2016-2020.pdf,Excellent,MODERN,4.26412,100.589,1.0
Perak,Pantai Teluk Senangin*,MMAC007,2018,93.0,Coastal,mqims 2016-2020.pdf,Excellent,MODERN,4.29387,100.582,1.0
Perak,Pantai Pasir Panjang,MMAC008,2018,93.0,Coastal,mqims 2016-2020.pdf,Excellent,MODERN,4.34797,100.568,1.0
Selangor,Pantai Bagan Lalang,MMBC001,2018,88.0,Coastal,mqims 2016-2020.pdf,Good,MODERN,2.6054,101.687,1.0
Selangor,Pantai Morib,MMBC002,2018,87.0,Coastal,mqims 2016-2020.pdf,Good,MODERN,2.75,101.439,1.0
Selangor,Selat Pulau Babi,MMBC003,2018,90.0,Coastal,mqims 2016-2020.pdf,Excellent,MODERN,3.00766,101.273,1.0
Selangor,Selat Klang Utara,MMBC004,2018,62.0,Coastal,mqims 2016-2020.pdf,Moderate,MODERN,3.02818,101.351,1.0
Selangor,Pantai Remis*,MMBC005,2018,90.0,Coastal,mqims 2016-2020.pdf,Excellent,MODERN,3.20073,101.302,1.0
Selangor,Pantai Klanang*,MMBC006,2018,82.0,Coastal,mqims 2016-2020.pdf,Good,MODERN,2.78927,101.409,1.0
N. Sembilan,Bagan Pinang,MMNC001,2018,91.0,Coastal,mqims 2016-2020.pdf,Excellent,MODERN,2.50823,101.828,1.0
N. Sembilan,Telok Sinting,MMNC002,2018,88.0,Coastal,mqims 2016-2020.pdf,Good,MODERN,2.41522,101.941,1.0
N. Sembilan,Port Dickson Bandar,MMNC003,2018,68.0,Coastal,mqims 2016-2020.pdf,Moderate,MODERN,2.52001,101.798,1.0
N. Sembilan,Port Dickson Batu 4,MMNC004,2018,90.0,Coastal,mqims 2016-2020.pdf,Excellent,MODERN,2.49971,101.837,1.0
N. Sembilan,Port Dickson Batu 5,MMNC005,2018,68.0,Coastal,mqims 2016-2020.pdf,Moderate,MODERN,2.49585,101.838,1.0
N. Sembilan,Port Dickson Batu 6,MMNC006,2018,92.0,Coastal,mqims 2016-2020.pdf,Excellent,MODERN,2.48079,101.847,1.0
N. Sembilan,Port Dickson Batu 7,MMNC007,2018,88.0,Coastal,mqims 2016-2020.pdf,Good,MODERN,2.46123,101.851,1.0
N. Sembilan,Port Dickson Batu 8,MMNC008,2018,87.0,Coastal,mqims 2016-2020.pdf,Good,MODERN,2.45415,101.854,1.0
N. Sembilan,Port Dickson Batu 10,MMNC009,2018,89.0,Coastal,mqims 2016-2020.pdf,Good,MODERN,2.41706,101.856,1.0
N. Sembilan,Port Dickson Janakuasa TNB,MMNC010,2018,68.0,Coastal,mqims 2016-2020.pdf,Moderate,MODERN,2.54237,101.798,1.0
N. Sembilan,Telok Pelanduk,MMNC011,2018,90.0,Coastal,mqims 2016-2020.pdf,Excellent,MODERN,2.41663,101.892,1.0
N. Sembilan,Pantai Cermin,MMNC012,2018,92.0,Coastal,mqims 2016-2020.pdf,Excellent,MODERN,2.41499,101.861,1.0
N. Sembilan,Pantai Teluk Kemang*,MMNC013,2018,67.0,Coastal,mqims 2016-2020.pdf,Moderate,MODERN,2.44777,101.854,1.0
N. Sembilan,Pantai Seri Purnama*,MMNC014,2018,93.0,Coastal,mqims 2016-2020.pdf,Excellent,MODERN,2.44313,101.855,1.0
Melaka,Pantai Rombang,MMMC001,2018,85.0,Coastal,mqims 2016-2020.pdf,Good,MODERN,2.22728,102.148,1.0
Melaka,Pantai Kundur,MMMC002,2018,82.0,Coastal,mqims 2016-2020.pdf,Good,MODERN,2.24319,102.14,1.0
Melaka,Pantai Tanjung Bidara,MMMC003,2018,93.0,Coastal,mqims 2016-2020.pdf,Excellent,MODERN,2.29075,102.088,1.0
Pulau Pinang,Pantai Sungai Batu Ferringhi 3*,MMPC015,2019,83.0,Coastal,mqims 2016-2020.pdf,Good,MODERN,5.480744,100.253394,1.0
Pulau Pinang,Pantai Sungai Batu Ferringhi 2*,MMPC016,2019,70.0,Coastal,mqims 2016-2020.pdf,Moderate,MODERN,5.47719,100.249,1.0
Pulau Pinang,Pantai Sungai Batu Ferringhi 1*,MMPC017,2019,71.0,Coastal,mqims 2016-2020.pdf,Moderate,MODERN,5.4728,100.244,1.0
Perak,Pantai Pasir Bogak,MMAC001,2019,80.0,Coastal,mqims 2016-2020.pdf,Good,MODERN,4.21176,100.551,1.0
Perak,Pantai Teluk Dalam,MMAC002,2019,88.0,Coastal,mqims 2016-2020.pdf,Good,MODERN,4.25,100.556,1.0
Perak,Pantai Teluk Batik,MMAC003,2019,62.0,Coastal,mqims 2016-2020.pdf,Moderate,MODERN,4.18732,100.606,1.0
Perak,Pantai Tanjung Batu,MMAC004,2019,61.0,Coastal,mqims 2016-2020.pdf,Moderate,MODERN,4.42659,100.595,1.0
Perak,Pantai Teluk Rubiah*,MMAC005,2019,62.0,Coastal,mqims 2016-2020.pdf,Moderate,MODERN,4.16016,100.622,1.0
Perak,Pantai Damai Laut*,MMAC006,2019,70.0,Coastal,mqims 2016-2020.pdf,Moderate,MODERN,4.26412,100.589,1.0
Perak,Pantai Teluk Senangin*,MMAC007,2019,67.0,Coastal,mqims 2016-2020.pdf,Moderate,MODERN,4.29387,100.582,1.0
Perak,Pantai Pasir Panjang,MMAC008,2019,70.0,Coastal,mqims 2016-2020.pdf,Moderate,MODERN,4.34797,100.568,1.0
Selangor,Pantai Bagan Lalang,MMBC001,2019,81.0,Coastal,mqims 2016-2020.pdf,Good,MODERN,2.6054,101.687,1.0
Selangor,Pantai Morib,MMBC002,2019,61.0,Coastal,mqims 2016-2020.pdf,Moderate,MODERN,2.75,101.439,1.0
Selangor,Selat Pulau Babi,MMBC003,2019,73.0,Coastal,mqims 2016-2020.pdf,Moderate,MODERN,3.00766,101.273,1.0
Selangor,Selat Klang Utara,MMBC004,2019,56.0,Coastal,mqims 2016-2020.pdf,Moderate,MODERN,3.02818,101.351,1.0
Selangor,Pantai Remis*,MMBC005,2019,58.0,Coastal,mqims 2016-2020.pdf,Moderate,MODERN,3.20073,101.302,1.0
Selangor,Pantai Klanang*,MMBC006,2019,58.0,Coastal,mqims 2016-2020.pdf,Moderate,MODERN,2.78927,101.409,1.0
N. Sembilan,Bagan Pinang,MMNC001,2019,82.0,Coastal,mqims 2016-2020.pdf,Good,MODERN,2.50823,101.828,1.0
N. Sembilan,Telok Sinting,MMNC002,2019,71.0,Coastal,mqims 2016-2020.pdf,Moderate,MODERN,2.41522,101.941,1.0
N. Sembilan,Port Dickson Bandar,MMNC003,2019,60.0,Coastal,mqims 2016-2020.pdf,Moderate,MODERN,2.52001,101.798,1.0
N. Sembilan,Port Dickson Batu 4,MMNC004,2019,81.0,Coastal,mqims 2016-2020.pdf,Good,MODERN,2.49971,101.837,1.0
N. Sembilan,Port Dickson Batu 5,MMNC005,2019,63.0,Coastal,mqims 2016-2020.pdf,Moderate,MODERN,2.49585,101.838,1.0
N. Sembilan,Port Dickson Batu 6,MMNC006,2019,77.0,Coastal,mqims 2016-2020.pdf,Moderate,MODERN,2.48079,101.847,1.0
N. Sembilan,Port Dickson Batu 7,MMNC007,2019,86.0,Coastal,mqims 2016-2020.pdf,Good,MODERN,2.46123,101.851,1.0
N. Sembilan,Port Dickson Batu 8,MMNC008,2019,86.0,Coastal,mqims 2016-2020.pdf,Good,MODERN,2.45415,101.854,1.0
N. Sembilan,Port Dickson Batu 10,MMNC009,2019,84.0,Coastal,mqims 2016-2020.pdf,Good,MODERN,2.41706,101.856,1.0
N. Sembilan,Port Dickson Janakuasa TNB,MMNC010,2019,59.0,Coastal,mqims 2016-2020.pdf,Moderate,MODERN,2.54237,101.798,1.0
N. Sembilan,Telok Pelanduk,MMNC011,2019,87.0,Coastal,mqims 2016-2020.pdf,Good,MODERN,2.41663,101.892,1.0
N. Sembilan,Pantai Cermin,MMNC012,2019,70.0,Coastal,mqims 2016-2020.pdf,Moderate,MODERN,2.41499,101.861,1.0
N. Sembilan,Pantai Teluk Kemang*,MMNC013,2019,83.0,Coastal,mqims 2016-2020.pdf,Good,MODERN,2.44777,101.854,1.0
N. Sembilan,Pantai Seri Purnama*,MMNC014,2019,80.0,Coastal,mqims 2016-2020.pdf,Good,MODERN,2.44313,101.855,1.0
Melaka,Pantai Rombang,MMMC001,2019,68.0,Coastal,mqims 2016-2020.pdf,Moderate,MODERN,2.22728,102.148,1.0
Melaka,Pantai Kundur,MMMC002,2019,77.0,Coastal,mqims 2016-2020.pdf,Moderate,MODERN,2.24319,102.14,1.0
Melaka,Pantai Tanjung Bidara,MMMC003,2019,78.0,Coastal,mqims 2016-2020.pdf,Moderate,MODERN,2.29075,102.088,1.0
Pulau Pinang,Pantai Sungai Batu Ferringhi 3*,MMPC015,2020,84.0,Coastal,mqims 2016-2020.pdf,Good,MODERN,5.480744,100.253394,1.0
Pulau Pinang,Pantai Sungai Batu Ferringhi 2*,MMPC016,2020,74.0,Coastal,mqims 2016-2020.pdf,Moderate,MODERN,5.47719,100.249,1.0
Pulau Pinang,Pantai Sungai Batu Ferringhi 1*,MMPC017,2020,85.0,Coastal,mqims 2016-2020.pdf,Good,MODERN,5.4728,100.244,1.0
Perak,Pantai Pasir Bogak,MMAC001,2020,93.0,Coastal,mqims 2016-2020.pdf,Excellent,MODERN,4.21176,100.551,1.0
Perak,Pantai Teluk Dalam,MMAC002,2020,89.0,Coastal,mqims 2016-2020.pdf,Good,MODERN,4.25,100.556,1.0
Perak,Pantai Teluk Batik,MMAC003,2020,84.0,Coastal,mqims 2016-2020.pdf,Good,MODERN,4.18732,100.606,1.0
Perak,Pantai Tanjung Batu,MMAC004,2020,83.0,Coastal,mqims 2016-2020.pdf,Good,MODERN,4.42659,100.595,1.0
Perak,Pantai Teluk Rubiah*,MMAC005,2020,92.0,Coastal,mqims 2016-2020.pdf,Excellent,MODERN,4.16016,100.622,1.0
Perak,Pantai Damai Laut*,MMAC006,2020,93.0,Coastal,mqims 2016-2020.pdf,Excellent,MODERN,4.26412,100.589,1.0
Perak,Pantai Teluk Senangin*,MMAC007,2020,90.0,Coastal,mqims 2016-2020.pdf,Excellent,MODERN,4.29387,100.582,1.0
Perak,Pantai Pasir Panjang,MMAC008,2020,94.0,Coastal,mqims 2016-2020.pdf,Excellent,MODERN,4.34797,100.568,1.0
Selangor,Pantai Bagan Lalang,MMBC001,2020,91.0,Coastal,mqims 2016-2020.pdf,Excellent,MODERN,2.6054,101.687,1.0
Selangor,Pantai Morib,MMBC002,2020,68.0,Coastal,mqims 2016-2020.pdf,Moderate,MODERN,2.75,101.439,1.0
Selangor,Selat Pulau Babi,MMBC003,2020,73.0,Coastal,mqims 2016-2020.pdf,Moderate,MODERN,3.00766,101.273,1.0
Selangor,Selat Klang Utara,MMBC004,2020,55.0,Coastal,mqims 2016-2020.pdf,Moderate,MODERN,3.02818,101.351,1.0
Selangor,Pantai Remis*,MMBC005,2020,63.0,Coastal,mqims 2016-2020.pdf,Moderate,MODERN,3.20073,101.302,1.0
Selangor,Pantai Klanang*,MMBC006,2020,71.0,Coastal,mqims 2016-2020.pdf,Moderate,MODERN,2.78927,101.409,1.0
N. Sembilan,Bagan Pinang,MMNC001,2020,85.0,Coastal,mqims 2016-2020.pdf,Good,MODERN,2.50823,101.828,1.0
N. Sembilan,Telok Sinting,MMNC002,2020,86.0,Coastal,mqims 2016-2020.pdf,Good,MODERN,2.41522,101.941,1.0
N. Sembilan,Port Dickson Bandar,MMNC003,2020,74.0,Coastal,mqims 2016-2020.pdf,Moderate,MODERN,2.52001,101.798,1.0
N. Sembilan,Port Dickson Batu 4,MMNC004,2020,86.0,Coastal,mqims 2016-2020.pdf,Good,MODERN,2.49971,101.837,1.0
N. Sembilan,Port Dickson Batu 5,MMNC005,2020,67.0,Coastal,mqims 2016-2020.pdf,Moderate,MODERN,2.49585,101.838,1.0
N. Sembilan,Port Dickson Batu 6,MMNC006,2020,90.0,Coastal,mqims 2016-2020.pdf,Excellent,MODERN,2.48079,101.847,1.0
N. Sembilan,Port Dickson Batu 7,MMNC007,2020,92.0,Coastal,mqims 2016-2020.pdf,Excellent,MODERN,2.46123,101.851,1.0
N. Sembilan,Port Dickson Batu 8,MMNC008,2020,85.0,Coastal,mqims 2016-2020.pdf,Good,MODERN,2.45415,101.854,1.0
N. Sembilan,Port Dickson Batu 10,MMNC009,2020,92.0,Coastal,mqims 2016-2020.pdf,Excellent,MODERN,2.41706,101.856,1.0
N. Sembilan,Port Dickson Janakuasa TNB,MMNC010,2020,89.0,Coastal,mqims 2016-2020.pdf,Good,MODERN,2.54237,101.798,1.0
N. Sembilan,Telok Pelanduk,MMNC011,2020,83.0,Coastal,mqims 2016-2020.pdf,Good,MODERN,2.41663,101.892,1.0
N. Sembilan,Pantai Cermin,MMNC012,2020,83.0,Coastal,mqims 2016-2020.pdf,Good,MODERN,2.41499,101.861,1.0
N. Sembilan,Pantai Teluk Kemang*,MMNC013,2020,94.0,Coastal,mqims 2016-2020.pdf,Excellent,MODERN,2.44777,101.854,1.0
N. Sembilan,Pantai Seri Purnama*,MMNC014,2020,90.0,Coastal,mqims 2016-2020.pdf,Excellent,MODERN,2.44313,101.855,1.0
Melaka,Pantai Rombang,MMMC001,2020,89.0,Coastal,mqims 2016-2020.pdf,Good,MODERN,2.22728,102.148,1.0
Melaka,Pantai Kundur,MMMC002,2020,90.0,Coastal,mqims 2016-2020.pdf,Excellent,MODERN,2.24319,102.14,1.0
Melaka,Pantai Tanjung Bidara,MMMC003,2020,90.0,Coastal,mqims 2016-2020.pdf,Excellent,MODERN,2.29075,102.088,1.0
Melaka,Teluk Gong,MMMC004,2016,57.0,Coastal,mqims 2016-2020.pdf,Moderate,MODERN,2.33983,102.056,1.0
Melaka,Pulau Melaka Point A1,MMMC005,2016,72.0,Coastal,mqims 2016-2020.pdf,Moderate,MODERN,2.17992,102.243,1.0
Melaka,Pulau Melaka Point A2,MMMC006,2016,,Coastal,mqims 2016-2020.pdf,,MODERN,2.17644,102.252,1.0
Melaka,Pulau Melaka Point B1,MMMC007,2016,63.0,Coastal,mqims 2016-2020.pdf,Moderate,MODERN,2.18332,102.248,1.0
Melaka,Pulau Melaka Point B2,MMMC008,2016,,Coastal,mqims 2016-2020.pdf,,MODERN,2.1813,102.255,1.0
Melaka,Pantai Klebang*,MMMC009,2016,,Coastal,mqims 2016-2020.pdf,,MODERN,2.21607,102.191,1.0
Johor,Tanjung Bin,MMJC001,2016,84.0,Coastal,mqims 2016-2020.pdf,Good,MODERN,1.32456,103.557,1.0
Johor,Pelabuhan Tanjung Pelepas,MMJC002,2016,85.0,Coastal,mqims 2016-2020.pdf,Good,MODERN,1.35361,103.543,1.0
Johor,Hadapan Jabatan Laut,MMJC003,2016,84.0,Coastal,mqims 2016-2020.pdf,Good,MODERN,1.38275,103.535,1.0
Johor,Pantai Stulang Laut,MMJC004,2016,76.0,Coastal,mqims 2016-2020.pdf,Moderate,MODERN,1.46722,103.779,1.0
Johor,Jeti Teluk Jawa,MMJC005,2016,53.0,Coastal,mqims 2016-2020.pdf,Moderate,MODERN,1.47354,103.848,1.0
Johor,Pelabuhan Pasir Gudang,MMJC006,2016,75.0,Coastal,mqims 2016-2020.pdf,Moderate,MODERN,1.43255,103.899,1.0
Johor,Hadapan HSAJB,MMJC007,2016,44.0,Coastal,mqims 2016-2020.pdf,Poor,MODERN,1.45644,103.746,1.0
Johor,Pantai Lido,MMJC008,2016,66.0,Coastal,mqims 2016-2020.pdf,Moderate,MODERN,1.46556,103.725,1.0
Johor,Pantai Teluk Mahkota,MMJC009,2016,89.0,Coastal,mqims 2016-2020.pdf,Good,MODERN,1.89781,104.105,1.0
Johor,Pantai Tanjung Leman,MMJC010,2016,88.0,Coastal,mqims 2016-2020.pdf,Good,MODERN,2.14528,104.007,1.0
Johor,Pantai Sri Pantai,MMJC011,2016,88.0,Coastal,mqims 2016-2020.pdf,Good,MODERN,2.37917,103.889,1.0
Johor,Tanjung Merak,MMJC012,2016,89.0,Coastal,mqims 2016-2020.pdf,Good,MODERN,1.36275,104.11,1.0
Johor,Tanjung Pengelih,MMJC013,2016,88.0,Coastal,mqims 2016-2020.pdf,Good,MODERN,1.37075,104.089,1.0
Johor,Pantai Tanjong Stapa,MMJC014,2016,89.0,Coastal,mqims 2016-2020.pdf,Good,MODERN,1.3425,104.136,1.0
Johor,Pantai Teluk Gorek,MMJC015,2016,88.0,Coastal,mqims 2016-2020.pdf,Good,MODERN,2.5825,103.805,1.0
Johor,Pantai Air Papan,MMJC016,2016,89.0,Coastal,mqims 2016-2020.pdf,Good,MODERN,2.51806,103.833,1.0
Johor,Jeti Kukup,MMJC017,2016,87.0,Coastal,mqims 2016-2020.pdf,Good,MODERN,1.325,103.441,1.0
Johor,Pasir Gogok,MMJC018,2016,90.0,Coastal,mqims 2016-2020.pdf,Excellent,MODERN,1.41744,104.1,1.0
Johor,Tanjung Buai,MMJC019,2016,80.0,Coastal,mqims 2016-2020.pdf,Good,MODERN,1.49669,104.045,1.0
Johor,Pantai Desaru,MMJC020,2016,89.0,Coastal,mqims 2016-2020.pdf,Good,MODERN,1.54667,104.261,1.0
Johor,Tanjung Sepang,MMJC021,2016,87.0,Coastal,mqims 2016-2020.pdf,Good,MODERN,1.39192,104.108,1.0
Johor,Tanjung Penyusup,MMJC022,2016,86.0,Coastal,mqims 2016-2020.pdf,Good,MODERN,1.37025,104.28,1.0
Johor,Pantai Sungai Lurus,MMJC023,2016,89.0,Coastal,mqims 2016-2020.pdf,Good,MODERN,1.72833,103.029,1.0
Johor,Punggur,MMJC024,2016,88.0,Coastal,mqims 2016-2020.pdf,Good,MODERN,1.68472,103.098,1.0
Johor,Pantai Penyabung*,MMJC025,2016,,Coastal,mqims 2016-2020.pdf,,MODERN,2.64874,103.75,1.0
Johor,Tanjung Resang*,MMJC026,2016,,Coastal,mqims 2016-2020.pdf,,MODERN,2.57397,103.817,1.0
Johor,Tanjung Balau*,MMJC027,2016,,Coastal,mqims 2016-2020.pdf,,MODERN,1.61269,104.261,1.0
Johor,Batu Layar*,MMJC028,2016,,Coastal,mqims 2016-2020.pdf,,MODERN,1.44611,104.296,1.0
Johor,Tanjung Sengat*,MMJC029,2016,,Coastal,mqims 2016-2020.pdf,,MODERN,1.56073,104.03,1.0
Melaka,Teluk Gong,MMMC004,2017,88.0,Coastal,mqims 2016-2020.pdf,Good,MODERN,2.33983,102.056,1.0
Melaka,Pulau Melaka Point A1,MMMC005,2017,64.0,Coastal,mqims 2016-2020.pdf,Moderate,MODERN,2.17992,102.243,1.0
Melaka,Pulau Melaka Point A2,MMMC006,2017,72.0,Coastal,mqims 2016-2020.pdf,Moderate,MODERN,2.17644,102.252,1.0
Melaka,Pulau Melaka Point B1,MMMC007,2017,63.0,Coastal,mqims 2016-2020.pdf,Moderate,MODERN,2.18332,102.248,1.0
Melaka,Pulau Melaka Point B2,MMMC008,2017,66.0,Coastal,mqims 2016-2020.pdf,Moderate,MODERN,2.1813,102.255,1.0
Melaka,Pantai Klebang*,MMMC009,2017,67.0,Coastal,mqims 2016-2020.pdf,Moderate,MODERN,2.21607,102.191,1.0
Johor,Tanjung Bin,MMJC001,2017,92.0,Coastal,mqims 2016-2020.pdf,Excellent,MODERN,1.32456,103.557,1.0
Johor,Pelabuhan Tanjung Pelepas,MMJC002,2017,90.0,Coastal,mqims 2016-2020.pdf,Excellent,MODERN,1.35361,103.543,1.0
Johor,Hadapan Jabatan Laut,MMJC003,2017,80.0,Coastal,mqims 2016-2020.pdf,Good,MODERN,1.38275,103.535,1.0
Johor,Pantai Stulang Laut,MMJC004,2017,61.0,Coastal,mqims 2016-2020.pdf,Moderate,MODERN,1.46722,103.779,1.0
Johor,Jeti Teluk Jawa,MMJC005,2017,62.0,Coastal,mqims 2016-2020.pdf,Moderate,MODERN,1.47354,103.848,1.0
Johor,Pelabuhan Pasir Gudang,MMJC006,2017,64.0,Coastal,mqims 2016-2020.pdf,Moderate,MODERN,1.43255,103.899,1.0
Johor,Hadapan HSAJB,MMJC007,2017,59.0,Coastal,mqims 2016-2020.pdf,Moderate,MODERN,1.45644,103.746,1.0
Johor,Pantai Lido,MMJC008,2017,55.0,Coastal,mqims 2016-2020.pdf,Moderate,MODERN,1.46556,103.725,1.0
Johor,Pantai Teluk Mahkota,MMJC009,2017,92.0,Coastal,mqims 2016-2020.pdf,Excellent,MODERN,1.89781,104.105,1.0
Johor,Pantai Tanjung Leman,MMJC010,2017,94.0,Coastal,mqims 2016-2020.pdf,Excellent,MODERN,2.14528,104.007,1.0
Johor,Pantai Sri Pantai,MMJC011,2017,94.0,Coastal,mqims 2016-2020.pdf,Excellent,MODERN,2.37917,103.889,1.0
Johor,Tanjung Merak,MMJC012,2017,93.0,Coastal,mqims 2016-2020.pdf,Excellent,MODERN,1.36275,104.11,1.0
Johor,Tanjung Pengelih,MMJC013,2017,93.0,Coastal,mqims 2016-2020.pdf,Excellent,MODERN,1.37075,104.089,1.0
Johor,Pantai Tanjong Stapa,MMJC014,2017,93.0,Coastal,mqims 2016-2020.pdf,Excellent,MODERN,1.3425,104.136,1.0
Johor,Pantai Teluk Gorek,MMJC015,2017,93.0,Coastal,mqims 2016-2020.pdf,Excellent,MODERN,2.5825,103.805,1.0
Johor,Pantai Air Papan,MMJC016,2017,93.0,Coastal,mqims 2016-2020.pdf,Excellent,MODERN,2.51806,103.833,1.0
Johor,Jeti Kukup,MMJC017,2017,88.0,Coastal,mqims 2016-2020.pdf,Good,MODERN,1.325,103.441,1.0
Johor,Pasir Gogok,MMJC018,2017,94.0,Coastal,mqims 2016-2020.pdf,Excellent,MODERN,1.41744,104.1,1.0
Johor,Tanjung Buai,MMJC019,2017,92.0,Coastal,mqims 2016-2020.pdf,Excellent,MODERN,1.49669,104.045,1.0
Johor,Pantai Desaru,MMJC020,2017,94.0,Coastal,mqims 2016-2020.pdf,Excellent,MODERN,1.54667,104.261,1.0
Johor,Tanjung Sepang,MMJC021,2017,94.0,Coastal,mqims 2016-2020.pdf,Excellent,MODERN,1.39192,104.108,1.0
Johor,Tanjung Penyusup,MMJC022,2017,92.0,Coastal,mqims 2016-2020.pdf,Excellent,MODERN,1.37025,104.28,1.0
Johor,Pantai Sungai Lurus,MMJC023,2017,90.0,Coastal,mqims 2016-2020.pdf,Excellent,MODERN,1.72833,103.029,1.0
Johor,Punggur,MMJC024,2017,84.0,Coastal,mqims 2016-2020.pdf,Good,MODERN,1.68472,103.098,1.0
Johor,Pantai Penyabung*,MMJC025,2017,93.0,Coastal,mqims 2016-2020.pdf,Excellent,MODERN,2.64874,103.75,1.0
Johor,Tanjung Resang*,MMJC026,2017,94.0,Coastal,mqims 2016-2020.pdf,Excellent,MODERN,2.57397,103.817,1.0
Johor,Tanjung Balau*,MMJC027,2017,93.0,Coastal,mqims 2016-2020.pdf,Excellent,MODERN,1.61269,104.261,1.0
Johor,Batu Layar*,MMJC028,2017,93.0,Coastal,mqims 2016-2020.pdf,Excellent,MODERN,1.44611,104.296,1.0
Johor,Tanjung Sengat*,MMJC029,2017,92.0,Coastal,mqims 2016-2020.pdf,Excellent,MODERN,1.56073,104.03,1.0
Melaka,Teluk Gong,MMMC004,2018,93.0,Coastal,mqims 2016-2020.pdf,Excellent,MODERN,2.33983,102.056,1.0
Melaka,Pulau Melaka Point A1,MMMC005,2018,67.0,Coastal,mqims 2016-2020.pdf,Moderate,MODERN,2.17992,102.243,1.0
Melaka,Pulau Melaka Point A2,MMMC006,2018,81.0,Coastal,mqims 2016-2020.pdf,Good,MODERN,2.17644,102.252,1.0
Melaka,Pulau Melaka Point B1,MMMC007,2018,62.0,Coastal,mqims 2016-2020.pdf,Moderate,MODERN,2.18332,102.248,1.0
Melaka,Pulau Melaka Point B2,MMMC008,2018,58.0,Coastal,mqims 2016-2020.pdf,Moderate,MODERN,2.1813,102.255,1.0
Melaka,Pantai Klebang*,MMMC009,2018,81.0,Coastal,mqims 2016-2020.pdf,Good,MODERN,2.21607,102.191,1.0
Johor,Tanjung Bin,MMJC001,2018,92.0,Coastal,mqims 2016-2020.pdf,Excellent,MODERN,1.32456,103.557,1.0
Johor,Pelabuhan Tanjung Pelepas,MMJC002,2018,92.0,Coastal,mqims 2016-2020.pdf,Excellent,MODERN,1.35361,103.543,1.0
Johor,Hadapan Jabatan Laut,MMJC003,2018,88.0,Coastal,mqims 2016-2020.pdf,Good,MODERN,1.38275,103.535,1.0
Johor,Pantai Stulang Laut,MMJC004,2018,63.0,Coastal,mqims 2016-2020.pdf,Moderate,MODERN,1.46722,103.779,1.0
Johor,Jeti Teluk Jawa,MMJC005,2018,62.0,Coastal,mqims 2016-2020.pdf,Moderate,MODERN,1.47354,103.848,1.0
Johor,Pelabuhan Pasir Gudang,MMJC006,2018,65.0,Coastal,mqims 2016-2020.pdf,Moderate,MODERN,1.43255,103.899,1.0
Johor,Hadapan HSAJB,MMJC007,2018,59.0,Coastal,mqims 2016-2020.pdf,Moderate,MODERN,1.45644,103.746,1.0
Johor,Pantai Lido,MMJC008,2018,52.0,Coastal,mqims 2016-2020.pdf,Moderate,MODERN,1.46556,103.725,1.0
Johor,Pantai Teluk Mahkota,MMJC009,2018,94.0,Coastal,mqims 2016-2020.pdf,Excellent,MODERN,1.89781,104.105,1.0
Johor,Pantai Tanjung Leman,MMJC010,2018,93.0,Coastal,mqims 2016-2020.pdf,Excellent,MODERN,2.14528,104.007,1.0
Johor,Pantai Sri Pantai,MMJC011,2018,94.0,Coastal,mqims 2016-2020.pdf,Excellent,MODERN,2.37917,103.889,1.0
Johor,Tanjung Merak,MMJC012,2018,73.0,Coastal,mqims 2016-2020.pdf,Moderate,MODERN,1.36275,104.11,1.0
Johor,Tanjung Pengelih,MMJC013,2018,93.0,Coastal,mqims 2016-2020.pdf,Excellent,MODERN,1.37075,104.089,1.0
Johor,Pantai Tanjong Stapa,MMJC014,2018,93.0,Coastal,mqims 2016-2020.pdf,Excellent,MODERN,1.3425,104.136,1.0
Johor,Pantai Teluk Gorek,MMJC015,2018,94.0,Coastal,mqims 2016-2020.pdf,Excellent,MODERN,2.5825,103.805,1.0
Johor,Pantai Air Papan,MMJC016,2018,94.0,Coastal,mqims 2016-2020.pdf,Excellent,MODERN,2.51806,103.833,1.0
Johor,Jeti Kukup,MMJC017,2018,89.0,Coastal,mqims 2016-2020.pdf,Good,MODERN,1.325,103.441,1.0
Johor,Pasir Gogok,MMJC018,2018,93.0,Coastal,mqims 2016-2020.pdf,Excellent,MODERN,1.41744,104.1,1.0
Johor,Tanjung Buai,MMJC019,2018,92.0,Coastal,mqims 2016-2020.pdf,Excellent,MODERN,1.49669,104.045,1.0
Johor,Pantai Desaru,MMJC020,2018,94.0,Coastal,mqims 2016-2020.pdf,Excellent,MODERN,1.54667,104.261,1.0
Johor,Tanjung Sepang,MMJC021,2018,93.0,Coastal,mqims 2016-2020.pdf,Excellent,MODERN,1.39192,104.108,1.0
Johor,Tanjung Penyusup,MMJC022,2018,93.0,Coastal,mqims 2016-2020.pdf,Excellent,MODERN,1.37025,104.28,1.0
Johor,Pantai Sungai Lurus,MMJC023,2018,91.0,Coastal,mqims 2016-2020.pdf,Excellent,MODERN,1.72833,103.029,1.0
Johor,Punggur,MMJC024,2018,87.0,Coastal,mqims 2016-2020.pdf,Good,MODERN,1.68472,103.098,1.0
Johor,Pantai Penyabung*,MMJC025,2018,93.0,Coastal,mqims 2016-2020.pdf,Excellent,MODERN,2.64874,103.75,1.0
Johor,Tanjung Resang*,MMJC026,2018,94.0,Coastal,mqims 2016-2020.pdf,Excellent,MODERN,2.57397,103.817,1.0
Johor,Tanjung Balau*,MMJC027,2018,93.0,Coastal,mqims 2016-2020.pdf,Excellent,MODERN,1.61269,104.261,1.0
Johor,Batu Layar*,MMJC028,2018,94.0,Coastal,mqims 2016-2020.pdf,Excellent,MODERN,1.44611,104.296,1.0
Johor,Tanjung Sengat*,MMJC029,2018,91.0,Coastal,mqims 2016-2020.pdf,Excellent,MODERN,1.56073,104.03,1.0
Melaka,Teluk Gong,MMMC004,2019,76.0,Coastal,mqims 2016-2020.pdf,Moderate,MODERN,2.33983,102.056,1.0
Melaka,Pulau Melaka Point A1,MMMC005,2019,60.0,Coastal,mqims 2016-2020.pdf,Moderate,MODERN,2.17992,102.243,1.0
Melaka,Pulau Melaka Point A2,MMMC006,2019,60.0,Coastal,mqims 2016-2020.pdf,Moderate,MODERN,2.17644,102.252,1.0
Melaka,Pulau Melaka Point B1,MMMC007,2019,57.0,Coastal,mqims 2016-2020.pdf,Moderate,MODERN,2.18332,102.248,1.0
Melaka,Pulau Melaka Point B2,MMMC008,2019,57.0,Coastal,mqims 2016-2020.pdf,Moderate,MODERN,2.1813,102.255,1.0
Melaka,Pantai Klebang*,MMMC009,2019,58.0,Coastal,mqims 2016-2020.pdf,Moderate,MODERN,2.21607,102.191,1.0
Johor,Tanjung Bin,MMJC001,2019,81.0,Coastal,mqims 2016-2020.pdf,Good,MODERN,1.32456,103.557,1.0
Johor,Pelabuhan Tanjung Pelepas,MMJC002,2019,67.0,Coastal,mqims 2016-2020.pdf,Moderate,MODERN,1.35361,103.543,1.0
Johor,Hadapan Jabatan Laut,MMJC003,2019,77.0,Coastal,mqims 2016-2020.pdf,Moderate,MODERN,1.38275,103.535,1.0
Johor,Pantai Stulang Laut,MMJC004,2019,49.0,Coastal,mqims 2016-2020.pdf,Poor,MODERN,1.46722,103.779,1.0
Johor,Jeti Teluk Jawa,MMJC005,2019,52.0,Coastal,mqims 2016-2020.pdf,Moderate,MODERN,1.47354,103.848,1.0
Johor,Pelabuhan Pasir Gudang,MMJC006,2019,54.0,Coastal,mqims 2016-2020.pdf,Moderate,MODERN,1.43255,103.899,1.0
Johor,Hadapan HSAJB,MMJC007,2019,36.0,Coastal,mqims 2016-2020.pdf,Poor,MODERN,1.45644,103.746,1.0
Johor,Pantai Lido,MMJC008,2019,37.0,Coastal,mqims 2016-2020.pdf,Poor,MODERN,1.46556,103.725,1.0
Johor,Pantai Teluk Mahkota,MMJC009,2019,72.0,Coastal,mqims 2016-2020.pdf,Moderate,MODERN,1.89781,104.105,1.0
Johor,Pantai Tanjung Leman,MMJC010,2019,87.0,Coastal,mqims 2016-2020.pdf,Good,MODERN,2.14528,104.007,1.0
Johor,Pantai Sri Pantai,MMJC011,2019,87.0,Coastal,mqims 2016-2020.pdf,Good,MODERN,2.37917,103.889,1.0
Johor,Tanjung Merak,MMJC012,2019,60.0,Coastal,mqims 2016-2020.pdf,Moderate,MODERN,1.36275,104.11,1.0
Johor,Tanjung Pengelih,MMJC013,2019,77.0,Coastal,mqims 2016-2020.pdf,Moderate,MODERN,1.37075,104.089,1.0
Johor,Pantai Tanjong Stapa,MMJC014,2019,86.0,Coastal,mqims 2016-2020.pdf,Good,MODERN,1.3425,104.136,1.0
Johor,Pantai Teluk Gorek,MMJC015,2019,92.0,Coastal,mqims 2016-2020.pdf,Excellent,MODERN,2.5825,103.805,1.0
Johor,Pantai Air Papan,MMJC016,2019,92.0,Coastal,mqims 2016-2020.pdf,Excellent,MODERN,2.51806,103.833,1.0
Johor,Jeti Kukup,MMJC017,2019,58.0,Coastal,mqims 2016-2020.pdf,Moderate,MODERN,1.325,103.441,1.0
Johor,Pasir Gogok,MMJC018,2019,74.0,Coastal,mqims 2016-2020.pdf,Moderate,MODERN,1.41744,104.1,1.0
Johor,Tanjung Buai,MMJC019,2019,63.0,Coastal,mqims 2016-2020.pdf,Moderate,MODERN,1.49669,104.045,1.0
Johor,Pantai Desaru,MMJC020,2019,81.0,Coastal,mqims 2016-2020.pdf,Good,MODERN,1.54667,104.261,1.0
Johor,Tanjung Sepang,MMJC021,2019,87.0,Coastal,mqims 2016-2020.pdf,Good,MODERN,1.39192,104.108,1.0
Johor,Tanjung Penyusup,MMJC022,2019,62.0,Coastal,mqims 2016-2020.pdf,Moderate,MODERN,1.37025,104.28,1.0
Johor,Pantai Sungai Lurus,MMJC023,2019,59.0,Coastal,mqims 2016-2020.pdf,Moderate,MODERN,1.72833,103.029,1.0
Johor,Punggur,MMJC024,2019,59.0,Coastal,mqims 2016-2020.pdf,Moderate,MODERN,1.68472,103.098,1.0
Johor,Pantai Penyabung*,MMJC025,2019,80.0,Coastal,mqims 2016-2020.pdf,Good,MODERN,2.64874,103.75,1.0
Johor,Tanjung Resang*,MMJC026,2019,93.0,Coastal,mqims 2016-2020.pdf,Excellent,MODERN,2.57397,103.817,1.0
Johor,Tanjung Balau*,MMJC027,2019,84.0,Coastal,mqims 2016-2020.pdf,Good,MODERN,1.61269,104.261,1.0
Johor,Batu Layar*,MMJC028,2019,62.0,Coastal,mqims 2016-2020.pdf,Moderate,MODERN,1.44611,104.296,1.0
Johor,Tanjung Sengat*,MMJC029,2019,60.0,Coastal,mqims 2016-2020.pdf,Moderate,MODERN,1.56073,104.03,1.0
Melaka,Teluk Gong,MMMC004,2020,83.0,Coastal,mqims 2016-2020.pdf,Good,MODERN,2.33983,102.056,1.0
Melaka,Pulau Melaka Point A1,MMMC005,2020,91.0,Coastal,mqims 2016-2020.pdf,Excellent,MODERN,2.17992,102.243,1.0
Melaka,Pulau Melaka Point A2,MMMC006,2020,79.0,Coastal,mqims 2016-2020.pdf,Moderate,MODERN,2.17644,102.252,1.0
Melaka,Pulau Melaka Point B1,MMMC007,2020,58.0,Coastal,mqims 2016-2020.pdf,Moderate,MODERN,2.18332,102.248,1.0
Melaka,Pulau Melaka Point B2,MMMC008,2020,57.0,Coastal,mqims 2016-2020.pdf,Moderate,MODERN,2.1813,102.255,1.0
Melaka,Pantai Klebang*,MMMC009,2020,78.0,Coastal,mqims 2016-2020.pdf,Moderate,MODERN,2.21607,102.191,1.0
Johor,Tanjung Bin,MMJC001,2020,90.0,Coastal,mqims 2016-2020.pdf,Excellent,MODERN,1.32456,103.557,1.0
Johor,Pelabuhan Tanjung Pelepas,MMJC002,2020,92.0,Coastal,mqims 2016-2020.pdf,Excellent,MODERN,1.35361,103.543,1.0
Johor,Hadapan Jabatan Laut,MMJC003,2020,87.0,Coastal,mqims 2016-2020.pdf,Good,MODERN,1.38275,103.535,1.0
Johor,Pantai Stulang Laut,MMJC004,2020,48.0,Coastal,mqims 2016-2020.pdf,Poor,MODERN,1.46722,103.779,1.0
Johor,Jeti Teluk Jawa,MMJC005,2020,62.0,Coastal,mqims 2016-2020.pdf,Moderate,MODERN,1.47354,103.848,1.0
Johor,Pelabuhan Pasir Gudang,MMJC006,2020,57.0,Coastal,mqims 2016-2020.pdf,Moderate,MODERN,1.43255,103.899,1.0
Johor,Hadapan HSAJB,MMJC007,2020,49.0,Coastal,mqims 2016-2020.pdf,Poor,MODERN,1.45644,103.746,1.0
Johor,Pantai Lido,MMJC008,2020,44.0,Coastal,mqims 2016-2020.pdf,Poor,MODERN,1.46556,103.725,1.0
Johor,Pantai Teluk Mahkota,MMJC009,2020,90.0,Coastal,mqims 2016-2020.pdf,Excellent,MODERN,1.89781,104.105,1.0
Johor,Pantai Tanjung Leman,MMJC010,2020,83.0,Coastal,mqims 2016-2020.pdf,Good,MODERN,2.14528,104.007,1.0
Johor,Pantai Sri Pantai,MMJC011,2020,87.0,Coastal,mqims 2016-2020.pdf,Good,MODERN,2.37917,103.889,1.0
Johor,Tanjung Merak,MMJC012,2020,89.0,Coastal,mqims 2016-2020.pdf,Good,MODERN,1.36275,104.11,1.0
Johor,Tanjung Pengelih,MMJC013,2020,90.0,Coastal,mqims 2016-2020.pdf,Excellent,MODERN,1.37075,104.089,1.0
Johor,Pantai Tanjong Stapa,MMJC014,2020,91.0,Coastal,mqims 2016-2020.pdf,Excellent,MODERN,1.3425,104.136,1.0
Johor,Pantai Teluk Gorek,MMJC015,2020,83.0,Coastal,mqims 2016-2020.pdf,Good,MODERN,2.5825,103.805,1.0
Johor,Pantai Air Papan,MMJC016,2020,95.0,Coastal,mqims 2016-2020.pdf,Excellent,MODERN,2.51806,103.833,1.0
Johor,Jeti Kukup,MMJC017,2020,59.0,Coastal,mqims 2016-2020.pdf,Moderate,MODERN,1.325,103.441,1.0
Johor,Pasir Gogok,MMJC018,2020,92.0,Coastal,mqims 2016-2020.pdf,Excellent,MODERN,1.41744,104.1,1.0
Johor,Tanjung Buai,MMJC019,2020,75.0,Coastal,mqims 2016-2020.pdf,Moderate,MODERN,1.49669,104.045,1.0
Johor,Pantai Desaru,MMJC020,2020,95.0,Coastal,mqims 2016-2020.pdf,Excellent,MODERN,1.54667,104.261,1.0
Johor,Tanjung Sepang,MMJC021,2020,92.0,Coastal,mqims 2016-2020.pdf,Excellent,MODERN,1.39192,104.108,1.0
Johor,Tanjung Penyusup,MMJC022,2020,83.0,Coastal,mqims 2016-2020.pdf,Good,MODERN,1.37025,104.28,1.0
Johor,Pantai Sungai Lurus,MMJC023,2020,74.0,Coastal,mqims 2016-2020.pdf,Moderate,MODERN,1.72833,103.029,1.0
Johor,Punggur,MMJC024,2020,69.0,Coastal,mqims 2016-2020.pdf,Moderate,MODERN,1.68472,103.098,1.0
Johor,Pantai Penyabung*,MMJC025,2020,82.0,Coastal,mqims 2016-2020.pdf,Good,MODERN,2.64874,103.75,1.0
Johor,Tanjung Resang*,MMJC026,2020,90.0,Coastal,mqims 2016-2020.pdf,Excellent,MODERN,2.57397,103.817,1.0
Johor,Tanjung Balau*,MMJC027,2020,93.0,Coastal,mqims 2016-2020.pdf,Excellent,MODERN,1.61269,104.261,1.0
Johor,Batu Layar*,MMJC028,2020,90.0,Coastal,mqims 2016-2020.pdf,Excellent,MODERN,1.44611,104.296,1.0
Johor,Tanjung Sengat*,MMJC029,2020,72.0,Coastal,mqims 2016-2020.pdf,Moderate,MODERN,1.56073,104.03,1.0
Pahang,Pantai Cherating (Club Med A),MMCC001,2016,60.0,Coastal,mqims 2016-2020.pdf,Moderate,MODERN,4.14197,103.409,1.0
Pahang,Pantai Cherating (Club Med B),MMCC002,2016,61.0,Coastal,mqims 2016-2020.pdf,Moderate,MODERN,4.12786,103.406,1.0
Pahang,Pantai Cherating (Legend A),MMCC003,2016,81.0,Coastal,mqims 2016-2020.pdf,Good,MODERN,4.11167,103.386,1.0
Pahang,Pantai Cherating (Legend B),MMCC004,2016,61.0,Coastal,mqims 2016-2020.pdf,Moderate,MODERN,4.10461,103.386,1.0
Pahang,Pantai Muhibbah Balok A,MMCC005,2016,58.0,Coastal,mqims 2016-2020.pdf,Moderate,MODERN,3.94163,103.385,1.0
Pahang,Pantai Muhibbah Balok B,MMCC006,2016,59.0,Coastal,mqims 2016-2020.pdf,Moderate,MODERN,3.92353,103.375,1.0
Pahang,Pantai Batu Hitam A,MMCC007,2016,62.0,Coastal,mqims 2016-2020.pdf,Moderate,MODERN,3.886,103.368,1.0
Pahang,Pantai Batu Hitam B,MMCC008,2016,56.0,Coastal,mqims 2016-2020.pdf,Moderate,MODERN,3.89031,103.369,1.0
Pahang,Pantai Berserah A,MMCC009,2016,65.0,Coastal,mqims 2016-2020.pdf,Moderate,MODERN,3.88228,103.368,1.0
Pahang,Pantai Berserah B,MMCC010,2016,63.0,Coastal,mqims 2016-2020.pdf,Moderate,MODERN,3.876,103.369,1.0
Pahang,Pantai Teluk Cempedak A,MMCC011,2016,59.0,Coastal,mqims 2016-2020.pdf,Moderate,MODERN,3.81667,103.374,1.0
Pahang,Pantai Teluk Cempedak B,MMCC012,2016,59.0,Coastal,mqims 2016-2020.pdf,Moderate,MODERN,3.81019,103.374,1.0
Pahang,Pantai Teluk Gelora A,MMCC013,2016,64.0,Coastal,mqims 2016-2020.pdf,Moderate,MODERN,3.80303,103.364,1.0
Pahang,Pantai Teluk Gelora B,MMCC014,2016,59.0,Coastal,mqims 2016-2020.pdf,Moderate,MODERN,3.80278,103.351,1.0
Pahang,Pantai Sepat A,MMCC015,2016,88.0,Coastal,mqims 2016-2020.pdf,Good,MODERN,3.7015,103.339,1.0
Pahang,Pantai Sepat B,MMCC016,2016,80.0,Coastal,mqims 2016-2020.pdf,Good,MODERN,3.69886,103.34,1.0
Pahang,Pantai Legenda A,MMCC017,2016,85.0,Coastal,mqims 2016-2020.pdf,Good,MODERN,3.61798,103.413,1.0
Pahang,Pantai Legenda B,MMCC018,2016,79.0,Coastal,mqims 2016-2020.pdf,Moderate,MODERN,3.55029,103.467,1.0
Pahang,Pantai Kuala Api-Api,MMCC019,2016,79.0,Coastal,mqims 2016-2020.pdf,Moderate,MODERN,3.28119,103.433,1.0
Pahang,Pantai Tanjung Batu,MMCC020,2016,79.0,Coastal,mqims 2016-2020.pdf,Moderate,MODERN,3.20503,103.447,1.0
Pahang,Pantai Chendor*,MMCC021,2016,,Coastal,mqims 2016-2020.pdf,,MODERN,4.16419,103.414,1.0
Pahang,Pantai Lanjut*,MMCC022,2016,,Coastal,mqims 2016-2020.pdf,,MODERN,2.84378,103.472,1.0
Terengganu,Pantai Batu Buruk,MMTC001,2016,78.0,Coastal,mqims 2016-2020.pdf,Moderate,MODERN,5.32654,103.156,1.0
Terengganu,Pantai Bukit Keluang,MMTC002,2016,64.0,Coastal,mqims 2016-2020.pdf,Moderate,MODERN,5.80676,102.61,1.0
Terengganu,Pantai Chendering,MMTC003,2016,61.0,Coastal,mqims 2016-2020.pdf,Moderate,MODERN,5.27104,103.189,1.0
Terengganu,Pantai Rantau Abang,MMTC004,2016,61.0,Coastal,mqims 2016-2020.pdf,Moderate,MODERN,4.87237,103.393,1.0
Terengganu,KIPC Utara,MMTC005,2016,74.0,Coastal,mqims 2016-2020.pdf,Moderate,MODERN,4.61285,103.452,1.0
Terengganu,KIPC Tengah,MMTC006,2016,77.0,Coastal,mqims 2016-2020.pdf,Moderate,MODERN,4.58227,103.466,1.0
Terengganu,KIPC Selatan,MMTC007,2016,74.0,Coastal,mqims 2016-2020.pdf,Moderate,MODERN,4.5536,103.477,1.0
Terengganu,Pantai Rhu 10*,MMTC008,2016,,Coastal,mqims 2016-2020.pdf,,MODERN,5.65011,102.774,1.0
Terengganu,Pantai Tok Jembal*,MMTC009,2016,,Coastal,mqims 2016-2020.pdf,,MODERN,5.40042,103.107,1.0
Terengganu,Pantai Kelulut*,MMTC010,2016,,Coastal,mqims 2016-2020.pdf,,MODERN,5.19043,103.226,1.0
Terengganu,Pantai Teluk Ketapang*,MMTC011,2016,,Coastal,mqims 2016-2020.pdf,,MODERN,5.38492,103.118,1.0
Pahang,Pantai Cherating (Club Med A),MMCC001,2017,92.0,Coastal,mqims 2016-2020.pdf,Excellent,MODERN,4.14197,103.409,1.0
Pahang,Pantai Cherating (Club Med B),MMCC002,2017,93.0,Coastal,mqims 2016-2020.pdf,Excellent,MODERN,4.12786,103.406,1.0
Pahang,Pantai Cherating (Legend A),MMCC003,2017,92.0,Coastal,mqims 2016-2020.pdf,Excellent,MODERN,4.11167,103.386,1.0
Pahang,Pantai Cherating (Legend B),MMCC004,2017,89.0,Coastal,mqims 2016-2020.pdf,Good,MODERN,4.10461,103.386,1.0
Pahang,Pantai Muhibbah Balok A,MMCC005,2017,68.0,Coastal,mqims 2016-2020.pdf,Moderate,MODERN,3.94163,103.385,1.0
Pahang,Pantai Muhibbah Balok B,MMCC006,2017,65.0,Coastal,mqims 2016-2020.pdf,Moderate,MODERN,3.92353,103.375,1.0
Pahang,Pantai Batu Hitam A,MMCC007,2017,68.0,Coastal,mqims 2016-2020.pdf,Moderate,MODERN,3.886,103.368,1.0
Pahang,Pantai Batu Hitam B,MMCC008,2017,81.0,Coastal,mqims 2016-2020.pdf,Good,MODERN,3.89031,103.369,1.0
Pahang,Pantai Berserah A,MMCC009,2017,80.0,Coastal,mqims 2016-2020.pdf,Good,MODERN,3.88228,103.368,1.0
Pahang,Pantai Berserah B,MMCC010,2017,67.0,Coastal,mqims 2016-2020.pdf,Moderate,MODERN,3.876,103.369,1.0
Pahang,Pantai Teluk Cempedak A,MMCC011,2017,67.0,Coastal,mqims 2016-2020.pdf,Moderate,MODERN,3.81667,103.374,1.0
Pahang,Pantai Teluk Cempedak B,MMCC012,2017,88.0,Coastal,mqims 2016-2020.pdf,Good,MODERN,3.81019,103.374,1.0
Pahang,Pantai Teluk Gelora A,MMCC013,2017,67.0,Coastal,mqims 2016-2020.pdf,Moderate,MODERN,3.80303,103.364,1.0
Pahang,Pantai Teluk Gelora B,MMCC014,2017,66.0,Coastal,mqims 2016-2020.pdf,Moderate,MODERN,3.80278,103.351,1.0
Pahang,Pantai Sepat A,MMCC015,2017,91.0,Coastal,mqims 2016-2020.pdf,Excellent,MODERN,3.7015,103.339,1.0
Pahang,Pantai Sepat B,MMCC016,2017,91.0,Coastal,mqims 2016-2020.pdf,Excellent,MODERN,3.69886,103.34,1.0
Pahang,Pantai Legenda A,MMCC017,2017,93.0,Coastal,mqims 2016-2020.pdf,Excellent,MODERN,3.61798,103.413,1.0
Pahang,Pantai Legenda B,MMCC018,2017,93.0,Coastal,mqims 2016-2020.pdf,Excellent,MODERN,3.55029,103.467,1.0
Pahang,Pantai Kuala Api-Api,MMCC019,2017,90.0,Coastal,mqims 2016-2020.pdf,Excellent,MODERN,3.28119,103.433,1.0
Pahang,Pantai Tanjung Batu,MMCC020,2017,90.0,Coastal,mqims 2016-2020.pdf,Excellent,MODERN,3.20503,103.447,1.0
Pahang,Pantai Chendor*,MMCC021,2017,86.0,Coastal,mqims 2016-2020.pdf,Good,MODERN,4.16419,103.414,1.0
Pahang,Pantai Lanjut*,MMCC022,2017,93.0,Coastal,mqims 2016-2020.pdf,Excellent,MODERN,2.84378,103.472,1.0
Terengganu,Pantai Batu Buruk,MMTC001,2017,94.0,Coastal,mqims 2016-2020.pdf,Excellent,MODERN,5.32654,103.156,1.0
Terengganu,Pantai Bukit Keluang,MMTC002,2017,94.0,Coastal,mqims 2016-2020.pdf,Excellent,MODERN,5.80676,102.61,1.0
Terengganu,Pantai Chendering,MMTC003,2017,89.0,Coastal,mqims 2016-2020.pdf,Good,MODERN,5.27104,103.189,1.0
Terengganu,Pantai Rantau Abang,MMTC004,2017,90.0,Coastal,mqims 2016-2020.pdf,Excellent,MODERN,4.87237,103.393,1.0
Terengganu,KIPC Utara,MMTC005,2017,91.0,Coastal,mqims 2016-2020.pdf,Excellent,MODERN,4.61285,103.452,1.0
Terengganu,KIPC Tengah,MMTC006,2017,89.0,Coastal,mqims 2016-2020.pdf,Good,MODERN,4.58227,103.466,1.0
Terengganu,KIPC Selatan,MMTC007,2017,89.0,Coastal,mqims 2016-2020.pdf,Good,MODERN,4.5536,103.477,1.0
Terengganu,Pantai Rhu 10*,MMTC008,2017,94.0,Coastal,mqims 2016-2020.pdf,Excellent,MODERN,5.65011,102.774,1.0
Terengganu,Pantai Tok Jembal*,MMTC009,2017,94.0,Coastal,mqims 2016-2020.pdf,Excellent,MODERN,5.40042,103.107,1.0
Terengganu,Pantai Kelulut*,MMTC010,2017,94.0,Coastal,mqims 2016-2020.pdf,Excellent,MODERN,5.19043,103.226,1.0
Terengganu,Pantai Teluk Ketapang*,MMTC011,2017,94.0,Coastal,mqims 2016-2020.pdf,Excellent,MODERN,5.38492,103.118,1.0
Pahang,Pantai Cherating (Club Med A),MMCC001,2018,94.0,Coastal,mqims 2016-2020.pdf,Excellent,MODERN,4.14197,103.409,1.0
Pahang,Pantai Cherating (Club Med B),MMCC002,2018,94.0,Coastal,mqims 2016-2020.pdf,Excellent,MODERN,4.12786,103.406,1.0
Pahang,Pantai Cherating (Legend A),MMCC003,2018,94.0,Coastal,mqims 2016-2020.pdf,Excellent,MODERN,4.11167,103.386,1.0
Pahang,Pantai Cherating (Legend B),MMCC004,2018,94.0,Coastal,mqims 2016-2020.pdf,Excellent,MODERN,4.10461,103.386,1.0
Pahang,Pantai Muhibbah Balok A,MMCC005,2018,89.0,Coastal,mqims 2016-2020.pdf,Good,MODERN,3.94163,103.385,1.0
Pahang,Pantai Muhibbah Balok B,MMCC006,2018,83.0,Coastal,mqims 2016-2020.pdf,Good,MODERN,3.92353,103.375,1.0
Pahang,Pantai Batu Hitam A,MMCC007,2018,87.0,Coastal,mqims 2016-2020.pdf,Good,MODERN,3.886,103.368,1.0
Pahang,Pantai Batu Hitam B,MMCC008,2018,91.0,Coastal,mqims 2016-2020.pdf,Excellent,MODERN,3.89031,103.369,1.0
Pahang,Pantai Berserah A,MMCC009,2018,90.0,Coastal,mqims 2016-2020.pdf,Excellent,MODERN,3.88228,103.368,1.0
Pahang,Pantai Berserah B,MMCC010,2018,90.0,Coastal,mqims 2016-2020.pdf,Excellent,MODERN,3.876,103.369,1.0
Pahang,Pantai Teluk Cempedak A,MMCC011,2018,88.0,Coastal,mqims 2016-2020.pdf,Good,MODERN,3.81667,103.374,1.0
Pahang,Pantai Teluk Cempedak B,MMCC012,2018,91.0,Coastal,mqims 2016-2020.pdf,Excellent,MODERN,3.81019,103.374,1.0
Pahang,Pantai Teluk Gelora A,MMCC013,2018,77.0,Coastal,mqims 2016-2020.pdf,Moderate,MODERN,3.80303,103.364,1.0
Pahang,Pantai Teluk Gelora B,MMCC014,2018,76.0,Coastal,mqims 2016-2020.pdf,Moderate,MODERN,3.80278,103.351,1.0
Pahang,Pantai Sepat A,MMCC015,2018,93.0,Coastal,mqims 2016-2020.pdf,Excellent,MODERN,3.7015,103.339,1.0
Pahang,Pantai Sepat B,MMCC016,2018,93.0,Coastal,mqims 2016-2020.pdf,Excellent,MODERN,3.69886,103.34,1.0
Pahang,Pantai Legenda A,MMCC017,2018,94.0,Coastal,mqims 2016-2020.pdf,Excellent,MODERN,3.61798,103.413,1.0
Pahang,Pantai Legenda B,MMCC018,2018,94.0,Coastal,mqims 2016-2020.pdf,Excellent,MODERN,3.55029,103.467,1.0
Pahang,Pantai Kuala Api-Api,MMCC019,2018,93.0,Coastal,mqims 2016-2020.pdf,Excellent,MODERN,3.28119,103.433,1.0
Pahang,Pantai Tanjung Batu,MMCC020,2018,94.0,Coastal,mqims 2016-2020.pdf,Excellent,MODERN,3.20503,103.447,1.0
Pahang,Pantai Chendor*,MMCC021,2018,94.0,Coastal,mqims 2016-2020.pdf,Excellent,MODERN,4.16419,103.414,1.0
Pahang,Pantai Lanjut*,MMCC022,2018,92.0,Coastal,mqims 2016-2020.pdf,Excellent,MODERN,2.84378,103.472,1.0
Terengganu,Pantai Batu Buruk,MMTC001,2018,93.0,Coastal,mqims 2016-2020.pdf,Excellent,MODERN,5.32654,103.156,1.0
Terengganu,Pantai Bukit Keluang,MMTC002,2018,94.0,Coastal,mqims 2016-2020.pdf,Excellent,MODERN,5.80676,102.61,1.0
Terengganu,Pantai Chendering,MMTC003,2018,94.0,Coastal,mqims 2016-2020.pdf,Excellent,MODERN,5.27104,103.189,1.0
Terengganu,Pantai Rantau Abang,MMTC004,2018,94.0,Coastal,mqims 2016-2020.pdf,Excellent,MODERN,4.87237,103.393,1.0
Terengganu,KIPC Utara,MMTC005,2018,94.0,Coastal,mqims 2016-2020.pdf,Excellent,MODERN,4.61285,103.452,1.0
Terengganu,KIPC Tengah,MMTC006,2018,94.0,Coastal,mqims 2016-2020.pdf,Excellent,MODERN,4.58227,103.466,1.0
Terengganu,KIPC Selatan,MMTC007,2018,94.0,Coastal,mqims 2016-2020.pdf,Excellent,MODERN,4.5536,103.477,1.0
Terengganu,Pantai Rhu 10*,MMTC008,2018,94.0,Coastal,mqims 2016-2020.pdf,Excellent,MODERN,5.65011,102.774,1.0
Terengganu,Pantai Tok Jembal*,MMTC009,2018,94.0,Coastal,mqims 2016-2020.pdf,Excellent,MODERN,5.40042,103.107,1.0
Terengganu,Pantai Kelulut*,MMTC010,2018,94.0,Coastal,mqims 2016-2020.pdf,Excellent,MODERN,5.19043,103.226,1.0
Terengganu,Pantai Teluk Ketapang*,MMTC011,2018,94.0,Coastal,mqims 2016-2020.pdf,Excellent,MODERN,5.38492,103.118,1.0
Pahang,Pantai Cherating (Club Med A),MMCC001,2019,88.0,Coastal,mqims 2016-2020.pdf,Good,MODERN,4.14197,103.409,1.0
Pahang,Pantai Cherating (Club Med B),MMCC002,2019,85.0,Coastal,mqims 2016-2020.pdf,Good,MODERN,4.12786,103.406,1.0
Pahang,Pantai Cherating (Legend A),MMCC003,2019,88.0,Coastal,mqims 2016-2020.pdf,Good,MODERN,4.11167,103.386,1.0
Pahang,Pantai Cherating (Legend B),MMCC004,2019,94.0,Coastal,mqims 2016-2020.pdf,Excellent,MODERN,4.10461,103.386,1.0
Pahang,Pantai Muhibbah Balok A,MMCC005,2019,59.0,Coastal,mqims 2016-2020.pdf,Moderate,MODERN,3.94163,103.385,1.0
Pahang,Pantai Muhibbah Balok B,MMCC006,2019,59.0,Coastal,mqims 2016-2020.pdf,Moderate,MODERN,3.92353,103.375,1.0
Pahang,Pantai Batu Hitam A,MMCC007,2019,75.0,Coastal,mqims 2016-2020.pdf,Moderate,MODERN,3.886,103.368,1.0
Pahang,Pantai Batu Hitam B,MMCC008,2019,62.0,Coastal,mqims 2016-2020.pdf,Moderate,MODERN,3.89031,103.369,1.0
Pahang,Pantai Berserah A,MMCC009,2019,74.0,Coastal,mqims 2016-2020.pdf,Moderate,MODERN,3.88228,103.368,1.0
Pahang,Pantai Berserah B,MMCC010,2019,80.0,Coastal,mqims 2016-2020.pdf,Good,MODERN,3.876,103.369,1.0
Pahang,Pantai Teluk Cempedak A,MMCC011,2019,83.0,Coastal,mqims 2016-2020.pdf,Good,MODERN,3.81667,103.374,1.0
Pahang,Pantai Teluk Cempedak B,MMCC012,2019,90.0,Coastal,mqims 2016-2020.pdf,Excellent,MODERN,3.81019,103.374,1.0
Pahang,Pantai Teluk Gelora A,MMCC013,2019,75.0,Coastal,mqims 2016-2020.pdf,Moderate,MODERN,3.80303,103.364,1.0
Pahang,Pantai Teluk Gelora B,MMCC014,2019,62.0,Coastal,mqims 2016-2020.pdf,Moderate,MODERN,3.80278,103.351,1.0
Pahang,Pantai Sepat A,MMCC015,2019,81.0,Coastal,mqims 2016-2020.pdf,Good,MODERN,3.7015,103.339,1.0
Pahang,Pantai Sepat B,MMCC016,2019,88.0,Coastal,mqims 2016-2020.pdf,Good,MODERN,3.69886,103.34,1.0
Pahang,Pantai Legenda A,MMCC017,2019,93.0,Coastal,mqims 2016-2020.pdf,Excellent,MODERN,3.61798,103.413,1.0
Pahang,Pantai Legenda B,MMCC018,2019,92.0,Coastal,mqims 2016-2020.pdf,Excellent,MODERN,3.55029,103.467,1.0
Pahang,Pantai Kuala Api-Api,MMCC019,2019,58.0,Coastal,mqims 2016-2020.pdf,Moderate,MODERN,3.28119,103.433,1.0
Pahang,Pantai Tanjung Batu,MMCC020,2019,72.0,Coastal,mqims 2016-2020.pdf,Moderate,MODERN,3.20503,103.447,1.0
Pahang,Pantai Chendor*,MMCC021,2019,84.0,Coastal,mqims 2016-2020.pdf,Good,MODERN,4.16419,103.414,1.0
Pahang,Pantai Lanjut*,MMCC022,2019,86.0,Coastal,mqims 2016-2020.pdf,Good,MODERN,2.84378,103.472,1.0
Terengganu,Pantai Batu Buruk,MMTC001,2019,59.0,Coastal,mqims 2016-2020.pdf,Moderate,MODERN,5.32654,103.156,1.0
Terengganu,Pantai Bukit Keluang,MMTC002,2019,86.0,Coastal,mqims 2016-2020.pdf,Good,MODERN,5.80676,102.61,1.0
Terengganu,Pantai Chendering,MMTC003,2019,69.0,Coastal,mqims 2016-2020.pdf,Moderate,MODERN,5.27104,103.189,1.0
Terengganu,Pantai Rantau Abang,MMTC004,2019,85.0,Coastal,mqims 2016-2020.pdf,Good,MODERN,4.87237,103.393,1.0
Terengganu,KIPC Utara,MMTC005,2019,92.0,Coastal,mqims 2016-2020.pdf,Excellent,MODERN,4.61285,103.452,1.0
Terengganu,KIPC Tengah,MMTC006,2019,90.0,Coastal,mqims 2016-2020.pdf,Excellent,MODERN,4.58227,103.466,1.0
Terengganu,KIPC Selatan,MMTC007,2019,94.0,Coastal,mqims 2016-2020.pdf,Excellent,MODERN,4.5536,103.477,1.0
Terengganu,Pantai Rhu 10*,MMTC008,2019,89.0,Coastal,mqims 2016-2020.pdf,Good,MODERN,5.65011,102.774,1.0
Terengganu,Pantai Tok Jembal*,MMTC009,2019,95.0,Coastal,mqims 2016-2020.pdf,Excellent,MODERN,5.40042,103.107,1.0
Terengganu,Pantai Kelulut*,MMTC010,2019,95.0,Coastal,mqims 2016-2020.pdf,Excellent,MODERN,5.19043,103.226,1.0
Terengganu,Pantai Teluk Ketapang*,MMTC011,2019,80.0,Coastal,mqims 2016-2020.pdf,Good,MODERN,5.38492,103.118,1.0
Pahang,Pantai Cherating (Club Med A),MMCC001,2020,91.0,Coastal,mqims 2016-2020.pdf,Excellent,MODERN,4.14197,103.409,1.0
Pahang,Pantai Cherating (Club Med B),MMCC002,2020,94.0,Coastal,mqims 2016-2020.pdf,Excellent,MODERN,4.12786,103.406,1.0
Pahang,Pantai Cherating (Legend A),MMCC003,2020,96.0,Coastal,mqims 2016-2020.pdf,Excellent,MODERN,4.11167,103.386,1.0
Pahang,Pantai Cherating (Legend B),MMCC004,2020,96.0,Coastal,mqims 2016-2020.pdf,Excellent,MODERN,4.10461,103.386,1.0
Pahang,Pantai Muhibbah Balok A,MMCC005,2020,73.0,Coastal,mqims 2016-2020.pdf,Moderate,MODERN,3.94163,103.385,1.0
Pahang,Pantai Muhibbah Balok B,MMCC006,2020,67.0,Coastal,mqims 2016-2020.pdf,Moderate,MODERN,3.92353,103.375,1.0
Pahang,Pantai Batu Hitam A,MMCC007,2020,76.0,Coastal,mqims 2016-2020.pdf,Moderate,MODERN,3.886,103.368,1.0
Pahang,Pantai Batu Hitam B,MMCC008,2020,73.0,Coastal,mqims 2016-2020.pdf,Moderate,MODERN,3.89031,103.369,1.0
Pahang,Pantai Berserah A,MMCC009,2020,76.0,Coastal,mqims 2016-2020.pdf,Moderate,MODERN,3.88228,103.368,1.0
Pahang,Pantai Berserah B,MMCC010,2020,60.0,Coastal,mqims 2016-2020.pdf,Moderate,MODERN,3.876,103.369,1.0
Pahang,Pantai Teluk Cempedak A,MMCC011,2020,84.0,Coastal,mqims 2016-2020.pdf,Good,MODERN,3.81667,103.374,1.0
Pahang,Pantai Teluk Cempedak B,MMCC012,2020,95.0,Coastal,mqims 2016-2020.pdf,Excellent,MODERN,3.81019,103.374,1.0
Pahang,Pantai Teluk Gelora A,MMCC013,2020,60.0,Coastal,mqims 2016-2020.pdf,Moderate,MODERN,3.80303,103.364,1.0
Pahang,Pantai Teluk Gelora B,MMCC014,2020,59.0,Coastal,mqims 2016-2020.pdf,Moderate,MODERN,3.80278,103.351,1.0
Pahang,Pantai Sepat A,MMCC015,2020,92.0,Coastal,mqims 2016-2020.pdf,Excellent,MODERN,3.7015,103.339,1.0
Pahang,Pantai Sepat B,MMCC016,2020,92.0,Coastal,mqims 2016-2020.pdf,Excellent,MODERN,3.69886,103.34,1.0
Pahang,Pantai Legenda A,MMCC017,2020,97.0,Coastal,mqims 2016-2020.pdf,Excellent,MODERN,3.61798,103.413,1.0
Pahang,Pantai Legenda B,MMCC018,2020,96.0,Coastal,mqims 2016-2020.pdf,Excellent,MODERN,3.55029,103.467,1.0
Pahang,Pantai Kuala Api-Api,MMCC019,2020,85.0,Coastal,mqims 2016-2020.pdf,Good,MODERN,3.28119,103.433,1.0
Pahang,Pantai Tanjung Batu,MMCC020,2020,85.0,Coastal,mqims 2016-2020.pdf,Good,MODERN,3.20503,103.447,1.0
Pahang,Pantai Chendor*,MMCC021,2020,87.0,Coastal,mqims 2016-2020.pdf,Good,MODERN,4.16419,103.414,1.0
Pahang,Pantai Lanjut*,MMCC022,2020,85.0,Coastal,mqims 2016-2020.pdf,Good,MODERN,2.84378,103.472,1.0
Terengganu,Pantai Batu Buruk,MMTC001,2020,93.0,Coastal,mqims 2016-2020.pdf,Excellent,MODERN,5.32654,103.156,1.0
Terengganu,Pantai Bukit Keluang,MMTC002,2020,95.0,Coastal,mqims 2016-2020.pdf,Excellent,MODERN,5.80676,102.61,1.0
Terengganu,Pantai Chendering,MMTC003,2020,93.0,Coastal,mqims 2016-2020.pdf,Excellent,MODERN,5.27104,103.189,1.0
Terengganu,Pantai Rantau Abang,MMTC004,2020,95.0,Coastal,mqims 2016-2020.pdf,Excellent,MODERN,4.87237,103.393,1.0
Terengganu,KIPC Utara,MMTC005,2020,78.0,Coastal,mqims 2016-2020.pdf,Moderate,MODERN,4.61285,103.452,1.0
Terengganu,KIPC Tengah,MMTC006,2020,88.0,Coastal,mqims 2016-2020.pdf,Good,MODERN,4.58227,103.466,1.0
Terengganu,KIPC Selatan,MMTC007,2020,88.0,Coastal,mqims 2016-2020.pdf,Good,MODERN,4.5536,103.477,1.0
Terengganu,Pantai Rhu 10*,MMTC008,2020,95.0,Coastal,mqims 2016-2020.pdf,Excellent,MODERN,5.65011,102.774,1.0
Terengganu,Pantai Tok Jembal*,MMTC009,2020,96.0,Coastal,mqims 2016-2020.pdf,Excellent,MODERN,5.40042,103.107,1.0
Terengganu,Pantai Kelulut*,MMTC010,2020,93.0,Coastal,mqims 2016-2020.pdf,Excellent,MODERN,5.19043,103.226,1.0
Terengganu,Pantai Teluk Ketapang*,MMTC011,2020,95.0,Coastal,mqims 2016-2020.pdf,Excellent,MODERN,5.38492,103.118,1.0
Terengganu,Pantai Kuala Abang*,MMTC012,2016,,Coastal,mqims 2016-2020.pdf,,MODERN,4.82743,103.42,1.0
Terengganu,Pantai Teluk Kalong*,MMTC013,2016,,Coastal,mqims 2016-2020.pdf,,MODERN,4.28333,103.478,1.0
Terengganu,Pantai Sura*,MMTC014,2016,,Coastal,mqims 2016-2020.pdf,,MODERN,4.77019,103.424,1.0
Terengganu,Pantai Tanjung Bidara*,MMTC015,2016,,Coastal,mqims 2016-2020.pdf,,MODERN,4.78506,103.438,1.0
Terengganu,Pantai Kemasik*,MMTC016,2016,,Coastal,mqims 2016-2020.pdf,,MODERN,4.45595,103.449,1.0
Kelantan,Pantai Seri Tujuh,MMDC001,2016,66.0,Coastal,mqims 2016-2020.pdf,Moderate,MODERN,6.22804,102.117,1.0
Kelantan,Pantai Cahaya Bulan,MMDC002,2016,78.0,Coastal,mqims 2016-2020.pdf,Moderate,MODERN,6.19646,102.277,1.0
Kelantan,Pantai Sabak,MMDC003,2016,66.0,Coastal,mqims 2016-2020.pdf,Moderate,MODERN,6.17962,102.322,1.0
Kelantan,Pantai Irama Bachok,MMDC004,2016,66.0,Coastal,mqims 2016-2020.pdf,Moderate,MODERN,6.06686,102.4,1.0
Kelantan,Pantai Bisikan Bayu,MMDC005,2016,66.0,Coastal,mqims 2016-2020.pdf,Moderate,MODERN,5.86259,102.518,1.0
Kelantan,Pantai Melawi*,MMDC006,2016,,Coastal,mqims 2016-2020.pdf,,MODERN,5.99465,102.441,1.0
Sarawak,Pantai Sematan,MMQC001,2016,74.0,Coastal,mqims 2016-2020.pdf,Moderate,MODERN,1.82722,109.775,1.0
Sarawak,Pantai Pandan,MMQC002,2016,75.0,Coastal,mqims 2016-2020.pdf,Moderate,MODERN,1.76553,109.865,1.0
Sarawak,Pantai Pasir Putih,MMQC003,2016,88.0,Coastal,mqims 2016-2020.pdf,Good,MODERN,1.66153,110.487,1.0
Sarawak,Pantai Bako,MMQC004,2016,74.0,Coastal,mqims 2016-2020.pdf,Moderate,MODERN,1.71806,110.442,1.0
Sarawak,Pantai Damai,MMQC005,2016,89.0,Coastal,mqims 2016-2020.pdf,Good,MODERN,1.75026,110.308,1.0
Sarawak,Pantai Tanjung Kembang,MMQC006,2016,85.0,Coastal,mqims 2016-2020.pdf,Good,MODERN,1.82444,111.096,1.0
Sarawak,Pantai Harmoni Mukah,MMQC007,2016,85.0,Coastal,mqims 2016-2020.pdf,Good,MODERN,2.90972,112.056,1.0
Sarawak,Pantai Tanjung Batu,MMQC008,2016,82.0,Coastal,mqims 2016-2020.pdf,Good,MODERN,3.21064,113.043,1.0
Sarawak,Pantai Likau,MMQC009,2016,78.0,Coastal,mqims 2016-2020.pdf,Moderate,MODERN,3.34426,113.148,1.0
Sarawak,Pantai Emas,MMQC010,2016,90.0,Coastal,mqims 2016-2020.pdf,Excellent,MODERN,3.44106,113.224,1.0
Sarawak,Pantai Piasau,MMQC011,2016,68.0,Coastal,mqims 2016-2020.pdf,Moderate,MODERN,4.43787,113.994,1.0
Sarawak,Pantai Brighton,MMQC012,2016,68.0,Coastal,mqims 2016-2020.pdf,Moderate,MODERN,4.37878,113.97,1.0
Sarawak,Pantai Esplaned,MMQC013,2016,68.0,Coastal,mqims 2016-2020.pdf,Moderate,MODERN,4.32458,113.961,1.0
Sarawak,Pantai Beraya,MMQC014,2016,68.0,Coastal,mqims 2016-2020.pdf,Moderate,MODERN,4.19248,113.877,1.0
Sarawak,Pantai Bungai,MMQC015,2016,94.0,Coastal,mqims 2016-2020.pdf,Excellent,MODERN,4.06457,113.782,1.0
Sarawak,Pantai Belawai,MMQC016,2016,73.0,Coastal,mqims 2016-2020.pdf,Moderate,MODERN,2.22094,111.208,1.0
Sarawak,Pantai Mukah*,MMQC017,2016,,Coastal,mqims 2016-2020.pdf,,MODERN,2.93974,112.167,1.0
Sarawak,Tanjung Kidurong*,MMQC018,2016,,Coastal,mqims 2016-2020.pdf,,MODERN,3.25601,113.049,1.0
Sarawak,Pasir Pandak*,MMQC019,2016,,Coastal,mqims 2016-2020.pdf,,MODERN,1.69883,110.301,1.0
Sarawak,Rambungan*,MMQC020,2016,,Coastal,mqims 2016-2020.pdf,,MODERN,1.70326,110.108,1.0
Sarawak,Sri Tanjung Lawas*,MMQC021,2016,,Coastal,mqims 2016-2020.pdf,,MODERN,4.97162,115.242,1.0
Sarawak,Pantai Luak*,MMQC022,2016,,Coastal,mqims 2016-2020.pdf,,MODERN,4.28427,113.938,1.0
Sarawak,Pasir Panjang*,MMQC023,2016,,Coastal,mqims 2016-2020.pdf,,MODERN,3.09593,112.836,1.0
Terengganu,Pantai Kuala Abang*,MMTC012,2017,94.0,Coastal,mqims 2016-2020.pdf,Excellent,MODERN,4.82743,103.42,1.0
Terengganu,Pantai Teluk Kalong*,MMTC013,2017,94.0,Coastal,mqims 2016-2020.pdf,Excellent,MODERN,4.28333,103.478,1.0
Terengganu,Pantai Sura*,MMTC014,2017,94.0,Coastal,mqims 2016-2020.pdf,Excellent,MODERN,4.77019,103.424,1.0
Terengganu,Pantai Tanjung Bidara*,MMTC015,2017,94.0,Coastal,mqims 2016-2020.pdf,Excellent,MODERN,4.78506,103.438,1.0
Terengganu,Pantai Kemasik*,MMTC016,2017,93.0,Coastal,mqims 2016-2020.pdf,Excellent,MODERN,4.45595,103.449,1.0
Kelantan,Pantai Seri Tujuh,MMDC001,2017,88.0,Coastal,mqims 2016-2020.pdf,Good,MODERN,6.22804,102.117,1.0
Kelantan,Pantai Cahaya Bulan,MMDC002,2017,87.0,Coastal,mqims 2016-2020.pdf,Good,MODERN,6.19646,102.277,1.0
Kelantan,Pantai Sabak,MMDC003,2017,81.0,Coastal,mqims 2016-2020.pdf,Good,MODERN,6.17962,102.322,1.0
Kelantan,Pantai Irama Bachok,MMDC004,2017,86.0,Coastal,mqims 2016-2020.pdf,Good,MODERN,6.06686,102.4,1.0
Kelantan,Pantai Bisikan Bayu,MMDC005,2017,89.0,Coastal,mqims 2016-2020.pdf,Good,MODERN,5.86259,102.518,1.0
Kelantan,Pantai Melawi*,MMDC006,2017,93.0,Coastal,mqims 2016-2020.pdf,Excellent,MODERN,5.99465,102.441,1.0
Sarawak,Pantai Sematan,MMQC001,2017,88.0,Coastal,mqims 2016-2020.pdf,Good,MODERN,1.82722,109.775,1.0
Sarawak,Pantai Pandan,MMQC002,2017,87.0,Coastal,mqims 2016-2020.pdf,Good,MODERN,1.76553,109.865,1.0
Sarawak,Pantai Pasir Putih,MMQC003,2017,80.0,Coastal,mqims 2016-2020.pdf,Good,MODERN,1.66153,110.487,1.0
Sarawak,Pantai Bako,MMQC004,2017,88.0,Coastal,mqims 2016-2020.pdf,Good,MODERN,1.71806,110.442,1.0
Sarawak,Pantai Damai,MMQC005,2017,86.0,Coastal,mqims 2016-2020.pdf,Good,MODERN,1.75026,110.308,1.0
Sarawak,Pantai Tanjung Kembang,MMQC006,2017,69.0,Coastal,mqims 2016-2020.pdf,Moderate,MODERN,1.82444,111.096,1.0
Sarawak,Pantai Harmoni Mukah,MMQC007,2017,72.0,Coastal,mqims 2016-2020.pdf,Moderate,MODERN,2.90972,112.056,1.0
Sarawak,Pantai Tanjung Batu,MMQC008,2017,84.0,Coastal,mqims 2016-2020.pdf,Good,MODERN,3.21064,113.043,1.0
Sarawak,Pantai Likau,MMQC009,2017,85.0,Coastal,mqims 2016-2020.pdf,Good,MODERN,3.34426,113.148,1.0
Sarawak,Pantai Emas,MMQC010,2017,87.0,Coastal,mqims 2016-2020.pdf,Good,MODERN,3.44106,113.224,1.0
Sarawak,Pantai Piasau,MMQC011,2017,86.0,Coastal,mqims 2016-2020.pdf,Good,MODERN,4.43787,113.994,1.0
Sarawak,Pantai Brighton,MMQC012,2017,81.0,Coastal,mqims 2016-2020.pdf,Good,MODERN,4.37878,113.97,1.0
Sarawak,Pantai Esplaned,MMQC013,2017,86.0,Coastal,mqims 2016-2020.pdf,Good,MODERN,4.32458,113.961,1.0
Sarawak,Pantai Beraya,MMQC014,2017,87.0,Coastal,mqims 2016-2020.pdf,Good,MODERN,4.19248,113.877,1.0
Sarawak,Pantai Bungai,MMQC015,2017,88.0,Coastal,mqims 2016-2020.pdf,Good,MODERN,4.06457,113.782,1.0
Sarawak,Pantai Belawai,MMQC016,2017,84.0,Coastal,mqims 2016-2020.pdf,Good,MODERN,2.22094,111.208,1.0
Sarawak,Pantai Mukah*,MMQC017,2017,84.0,Coastal,mqims 2016-2020.pdf,Good,MODERN,2.93974,112.167,1.0
Sarawak,Tanjung Kidurong*,MMQC018,2017,85.0,Coastal,mqims 2016-2020.pdf,Good,MODERN,3.25601,113.049,1.0
Sarawak,Pasir Pandak*,MMQC019,2017,86.0,Coastal,mqims 2016-2020.pdf,Good,MODERN,1.69883,110.301,1.0
Sarawak,Rambungan*,MMQC020,2017,89.0,Coastal,mqims 2016-2020.pdf,Good,MODERN,1.70326,110.108,1.0
Sarawak,Sri Tanjung Lawas*,MMQC021,2017,92.0,Coastal,mqims 2016-2020.pdf,Excellent,MODERN,4.97162,115.242,1.0
Sarawak,Pantai Luak*,MMQC022,2017,88.0,Coastal,mqims 2016-2020.pdf,Good,MODERN,4.28427,113.938,1.0
Sarawak,Pasir Panjang*,MMQC023,2017,87.0,Coastal,mqims 2016-2020.pdf,Good,MODERN,3.09593,112.836,1.0
Terengganu,Pantai Kuala Abang*,MMTC012,2018,94.0,Coastal,mqims 2016-2020.pdf,Excellent,MODERN,4.82743,103.42,1.0
Terengganu,Pantai Teluk Kalong*,MMTC013,2018,94.0,Coastal,mqims 2016-2020.pdf,Excellent,MODERN,4.28333,103.478,1.0
Terengganu,Pantai Sura*,MMTC014,2018,94.0,Coastal,mqims 2016-2020.pdf,Excellent,MODERN,4.77019,103.424,1.0
Terengganu,Pantai Tanjung Bidara*,MMTC015,2018,94.0,Coastal,mqims 2016-2020.pdf,Excellent,MODERN,4.78506,103.438,1.0
Terengganu,Pantai Kemasik*,MMTC016,2018,88.0,Coastal,mqims 2016-2020.pdf,Good,MODERN,4.45595,103.449,1.0
Kelantan,Pantai Seri Tujuh,MMDC001,2018,93.0,Coastal,mqims 2016-2020.pdf,Excellent,MODERN,6.22804,102.117,1.0
Kelantan,Pantai Cahaya Bulan,MMDC002,2018,93.0,Coastal,mqims 2016-2020.pdf,Excellent,MODERN,6.19646,102.277,1.0
Kelantan,Pantai Sabak,MMDC003,2018,93.0,Coastal,mqims 2016-2020.pdf,Excellent,MODERN,6.17962,102.322,1.0
Kelantan,Pantai Irama Bachok,MMDC004,2018,93.0,Coastal,mqims 2016-2020.pdf,Excellent,MODERN,6.06686,102.4,1.0
Kelantan,Pantai Bisikan Bayu,MMDC005,2018,94.0,Coastal,mqims 2016-2020.pdf,Excellent,MODERN,5.86259,102.518,1.0
Kelantan,Pantai Melawi*,MMDC006,2018,94.0,Coastal,mqims 2016-2020.pdf,Excellent,MODERN,5.99465,102.441,1.0
Sarawak,Pantai Sematan,MMQC001,2018,90.0,Coastal,mqims 2016-2020.pdf,Excellent,MODERN,1.82722,109.775,1.0
Sarawak,Pantai Pandan,MMQC002,2018,91.0,Coastal,mqims 2016-2020.pdf,Excellent,MODERN,1.76553,109.865,1.0
Sarawak,Pantai Pasir Putih,MMQC003,2018,87.0,Coastal,mqims 2016-2020.pdf,Good,MODERN,1.66153,110.487,1.0
Sarawak,Pantai Bako,MMQC004,2018,89.0,Coastal,mqims 2016-2020.pdf,Good,MODERN,1.71806,110.442,1.0
Sarawak,Pantai Damai,MMQC005,2018,91.0,Coastal,mqims 2016-2020.pdf,Excellent,MODERN,1.75026,110.308,1.0
Sarawak,Pantai Tanjung Kembang,MMQC006,2018,85.0,Coastal,mqims 2016-2020.pdf,Good,MODERN,1.82444,111.096,1.0
Sarawak,Pantai Harmoni Mukah,MMQC007,2018,86.0,Coastal,mqims 2016-2020.pdf,Good,MODERN,2.90972,112.056,1.0
Sarawak,Pantai Tanjung Batu,MMQC008,2018,89.0,Coastal,mqims 2016-2020.pdf,Good,MODERN,3.21064,113.043,1.0
Sarawak,Pantai Likau,MMQC009,2018,89.0,Coastal,mqims 2016-2020.pdf,Good,MODERN,3.34426,113.148,1.0
Sarawak,Pantai Emas,MMQC010,2018,90.0,Coastal,mqims 2016-2020.pdf,Excellent,MODERN,3.44106,113.224,1.0
Sarawak,Pantai Piasau,MMQC011,2018,89.0,Coastal,mqims 2016-2020.pdf,Good,MODERN,4.43787,113.994,1.0
Sarawak,Pantai Brighton,MMQC012,2018,88.0,Coastal,mqims 2016-2020.pdf,Good,MODERN,4.37878,113.97,1.0
Sarawak,Pantai Esplaned,MMQC013,2018,82.0,Coastal,mqims 2016-2020.pdf,Good,MODERN,4.32458,113.961,1.0
Sarawak,Pantai Beraya,MMQC014,2018,88.0,Coastal,mqims 2016-2020.pdf,Good,MODERN,4.19248,113.877,1.0
Sarawak,Pantai Bungai,MMQC015,2018,87.0,Coastal,mqims 2016-2020.pdf,Good,MODERN,4.06457,113.782,1.0
Sarawak,Pantai Belawai,MMQC016,2018,88.0,Coastal,mqims 2016-2020.pdf,Good,MODERN,2.22094,111.208,1.0
Sarawak,Pantai Mukah*,MMQC017,2018,88.0,Coastal,mqims 2016-2020.pdf,Good,MODERN,2.93974,112.167,1.0
Sarawak,Tanjung Kidurong*,MMQC018,2018,90.0,Coastal,mqims 2016-2020.pdf,Excellent,MODERN,3.25601,113.049,1.0
Sarawak,Pasir Pandak*,MMQC019,2018,90.0,Coastal,mqims 2016-2020.pdf,Excellent,MODERN,1.69883,110.301,1.0
Sarawak,Rambungan*,MMQC020,2018,90.0,Coastal,mqims 2016-2020.pdf,Excellent,MODERN,1.70326,110.108,1.0
Sarawak,Sri Tanjung Lawas*,MMQC021,2018,86.0,Coastal,mqims 2016-2020.pdf,Good,MODERN,4.97162,115.242,1.0
Sarawak,Pantai Luak*,MMQC022,2018,78.0,Coastal,mqims 2016-2020.pdf,Moderate,MODERN,4.28427,113.938,1.0
Sarawak,Pasir Panjang*,MMQC023,2018,88.0,Coastal,mqims 2016-2020.pdf,Good,MODERN,3.09593,112.836,1.0
Terengganu,Pantai Kuala Abang*,MMTC012,2019,88.0,Coastal,mqims 2016-2020.pdf,Good,MODERN,4.82743,103.42,1.0
Terengganu,Pantai Teluk Kalong*,MMTC013,2019,94.0,Coastal,mqims 2016-2020.pdf,Excellent,MODERN,4.28333,103.478,1.0
Terengganu,Pantai Sura*,MMTC014,2019,89.0,Coastal,mqims 2016-2020.pdf,Good,MODERN,4.77019,103.424,1.0
Terengganu,Pantai Tanjung Bidara*,MMTC015,2019,93.0,Coastal,mqims 2016-2020.pdf,Excellent,MODERN,4.78506,103.438,1.0
Terengganu,Pantai Kemasik*,MMTC016,2019,86.0,Coastal,mqims 2016-2020.pdf,Good,MODERN,4.45595,103.449,1.0
Kelantan,Pantai Seri Tujuh,MMDC001,2019,88.0,Coastal,mqims 2016-2020.pdf,Good,MODERN,6.22804,102.117,1.0
Kelantan,Pantai Cahaya Bulan,MMDC002,2019,87.0,Coastal,mqims 2016-2020.pdf,Good,MODERN,6.19646,102.277,1.0
Kelantan,Pantai Sabak,MMDC003,2019,88.0,Coastal,mqims 2016-2020.pdf,Good,MODERN,6.17962,102.322,1.0
Kelantan,Pantai Irama Bachok,MMDC004,2019,89.0,Coastal,mqims 2016-2020.pdf,Good,MODERN,6.06686,102.4,1.0
Kelantan,Pantai Bisikan Bayu,MMDC005,2019,95.0,Coastal,mqims 2016-2020.pdf,Excellent,MODERN,5.86259,102.518,1.0
Kelantan,Pantai Melawi*,MMDC006,2019,85.0,Coastal,mqims 2016-2020.pdf,Good,MODERN,5.99465,102.441,1.0
Sarawak,Pantai Sematan,MMQC001,2019,91.0,Coastal,mqims 2016-2020.pdf,Excellent,MODERN,1.82722,109.775,1.0
Sarawak,Pantai Pandan,MMQC002,2019,91.0,Coastal,mqims 2016-2020.pdf,Excellent,MODERN,1.76553,109.865,1.0
Sarawak,Pantai Pasir Putih,MMQC003,2019,91.0,Coastal,mqims 2016-2020.pdf,Excellent,MODERN,1.66153,110.487,1.0
Sarawak,Pantai Bako,MMQC004,2019,91.0,Coastal,mqims 2016-2020.pdf,Excellent,MODERN,1.71806,110.442,1.0
Sarawak,Pantai Damai,MMQC005,2019,91.0,Coastal,mqims 2016-2020.pdf,Excellent,MODERN,1.75026,110.308,1.0
Sarawak,Pantai Tanjung Kembang,MMQC006,2019,88.0,Coastal,mqims 2016-2020.pdf,Good,MODERN,1.82444,111.096,1.0
Sarawak,Pantai Harmoni Mukah,MMQC007,2019,89.0,Coastal,mqims 2016-2020.pdf,Good,MODERN,2.90972,112.056,1.0
Sarawak,Pantai Tanjung Batu,MMQC008,2019,88.0,Coastal,mqims 2016-2020.pdf,Good,MODERN,3.21064,113.043,1.0
Sarawak,Pantai Likau,MMQC009,2019,87.0,Coastal,mqims 2016-2020.pdf,Good,MODERN,3.34426,113.148,1.0
Sarawak,Pantai Emas,MMQC010,2019,90.0,Coastal,mqims 2016-2020.pdf,Excellent,MODERN,3.44106,113.224,1.0
Sarawak,Pantai Piasau,MMQC011,2019,87.0,Coastal,mqims 2016-2020.pdf,Good,MODERN,4.43787,113.994,1.0
Sarawak,Pantai Brighton,MMQC012,2019,80.0,Coastal,mqims 2016-2020.pdf,Good,MODERN,4.37878,113.97,1.0
Sarawak,Pantai Esplaned,MMQC013,2019,88.0,Coastal,mqims 2016-2020.pdf,Good,MODERN,4.32458,113.961,1.0
Sarawak,Pantai Beraya,MMQC014,2019,90.0,Coastal,mqims 2016-2020.pdf,Excellent,MODERN,4.19248,113.877,1.0
Sarawak,Pantai Bungai,MMQC015,2019,88.0,Coastal,mqims 2016-2020.pdf,Good,MODERN,4.06457,113.782,1.0
Sarawak,Pantai Belawai,MMQC016,2019,90.0,Coastal,mqims 2016-2020.pdf,Excellent,MODERN,2.22094,111.208,1.0
Sarawak,Pantai Mukah*,MMQC017,2019,87.0,Coastal,mqims 2016-2020.pdf,Good,MODERN,2.93974,112.167,1.0
Sarawak,Tanjung Kidurong*,MMQC018,2019,87.0,Coastal,mqims 2016-2020.pdf,Good,MODERN,3.25601,113.049,1.0
Sarawak,Pasir Pandak*,MMQC019,2019,90.0,Coastal,mqims 2016-2020.pdf,Excellent,MODERN,1.69883,110.301,1.0
Sarawak,Rambungan*,MMQC020,2019,89.0,Coastal,mqims 2016-2020.pdf,Good,MODERN,1.70326,110.108,1.0
Sarawak,Sri Tanjung Lawas*,MMQC021,2019,78.0,Coastal,mqims 2016-2020.pdf,Moderate,MODERN,4.97162,115.242,1.0
Sarawak,Pantai Luak*,MMQC022,2019,88.0,Coastal,mqims 2016-2020.pdf,Good,MODERN,4.28427,113.938,1.0
Sarawak,Pasir Panjang*,MMQC023,2019,91.0,Coastal,mqims 2016-2020.pdf,Excellent,MODERN,3.09593,112.836,1.0
Terengganu,Pantai Kuala Abang*,MMTC012,2020,94.0,Coastal,mqims 2016-2020.pdf,Excellent,MODERN,4.82743,103.42,1.0
Terengganu,Pantai Teluk Kalong*,MMTC013,2020,94.0,Coastal,mqims 2016-2020.pdf,Excellent,MODERN,4.28333,103.478,1.0
Terengganu,Pantai Sura*,MMTC014,2020,94.0,Coastal,mqims 2016-2020.pdf,Excellent,MODERN,4.77019,103.424,1.0
Terengganu,Pantai Tanjung Bidara*,MMTC015,2020,93.0,Coastal,mqims 2016-2020.pdf,Excellent,MODERN,4.78506,103.438,1.0
Terengganu,Pantai Kemasik*,MMTC016,2020,90.0,Coastal,mqims 2016-2020.pdf,Excellent,MODERN,4.45595,103.449,1.0
Kelantan,Pantai Seri Tujuh,MMDC001,2020,84.0,Coastal,mqims 2016-2020.pdf,Good,MODERN,6.22804,102.117,1.0
Kelantan,Pantai Cahaya Bulan,MMDC002,2020,92.0,Coastal,mqims 2016-2020.pdf,Excellent,MODERN,6.19646,102.277,1.0
Kelantan,Pantai Sabak,MMDC003,2020,89.0,Coastal,mqims 2016-2020.pdf,Good,MODERN,6.17962,102.322,1.0
Kelantan,Pantai Irama Bachok,MMDC004,2020,66.0,Coastal,mqims 2016-2020.pdf,Moderate,MODERN,6.06686,102.4,1.0
Kelantan,Pantai Bisikan Bayu,MMDC005,2020,83.0,Coastal,mqims 2016-2020.pdf,Good,MODERN,5.86259,102.518,1.0
Kelantan,Pantai Melawi*,MMDC006,2020,83.0,Coastal,mqims 2016-2020.pdf,Good,MODERN,5.99465,102.441,1.0
Sarawak,Pantai Sematan,MMQC001,2020,72.0,Coastal,mqims 2016-2020.pdf,Moderate,MODERN,1.82722,109.775,1.0
Sarawak,Pantai Pandan,MMQC002,2020,75.0,Coastal,mqims 2016-2020.pdf,Moderate,MODERN,1.76553,109.865,1.0
Sarawak,Pantai Pasir Putih,MMQC003,2020,80.0,Coastal,mqims 2016-2020.pdf,Good,MODERN,1.66153,110.487,1.0
Sarawak,Pantai Bako,MMQC004,2020,85.0,Coastal,mqims 2016-2020.pdf,Good,MODERN,1.71806,110.442,1.0
Sarawak,Pantai Damai,MMQC005,2020,68.0,Coastal,mqims 2016-2020.pdf,Moderate,MODERN,1.75026,110.308,1.0
Sarawak,Pantai Tanjung Kembang,MMQC006,2020,86.0,Coastal,mqims 2016-2020.pdf,Good,MODERN,1.82444,111.096,1.0
Sarawak,Pantai Harmoni Mukah,MMQC007,2020,60.0,Coastal,mqims 2016-2020.pdf,Moderate,MODERN,2.90972,112.056,1.0
Sarawak,Pantai Tanjung Batu,MMQC008,2020,56.0,Coastal,mqims 2016-2020.pdf,Moderate,MODERN,3.21064,113.043,1.0
Sarawak,Pantai Likau,MMQC009,2020,62.0,Coastal,mqims 2016-2020.pdf,Moderate,MODERN,3.34426,113.148,1.0
Sarawak,Pantai Emas,MMQC010,2020,62.0,Coastal,mqims 2016-2020.pdf,Moderate,MODERN,3.44106,113.224,1.0
Sarawak,Pantai Piasau,MMQC011,2020,70.0,Coastal,mqims 2016-2020.pdf,Moderate,MODERN,4.43787,113.994,1.0
Sarawak,Pantai Brighton,MMQC012,2020,79.0,Coastal,mqims 2016-2020.pdf,Moderate,MODERN,4.37878,113.97,1.0
Sarawak,Pantai Esplaned,MMQC013,2020,70.0,Coastal,mqims 2016-2020.pdf,Moderate,MODERN,4.32458,113.961,1.0
Sarawak,Pantai Beraya,MMQC014,2020,65.0,Coastal,mqims 2016-2020.pdf,Moderate,MODERN,4.19248,113.877,1.0
Sarawak,Pantai Bungai,MMQC015,2020,68.0,Coastal,mqims 2016-2020.pdf,Moderate,MODERN,4.06457,113.782,1.0
Sarawak,Pantai Belawai,MMQC016,2020,66.0,Coastal,mqims 2016-2020.pdf,Moderate,MODERN,2.22094,111.208,1.0
Sarawak,Pantai Mukah*,MMQC017,2020,49.0,Coastal,mqims 2016-2020.pdf,Poor,MODERN,2.93974,112.167,1.0
Sarawak,Tanjung Kidurong*,MMQC018,2020,63.0,Coastal,mqims 2016-2020.pdf,Moderate,MODERN,3.25601,113.049,1.0
Sarawak,Pasir Pandak*,MMQC019,2020,74.0,Coastal,mqims 2016-2020.pdf,Moderate,MODERN,1.69883,110.301,1.0
Sarawak,Rambungan*,MMQC020,2020,69.0,Coastal,mqims 2016-2020.pdf,Moderate,MODERN,1.70326,110.108,1.0
Sarawak,Sri Tanjung Lawas*,MMQC021,2020,71.0,Coastal,mqims 2016-2020.pdf,Moderate,MODERN,4.97162,115.242,1.0
Sarawak,Pantai Luak*,MMQC022,2020,77.0,Coastal,mqims 2016-2020.pdf,Moderate,MODERN,4.28427,113.938,1.0
Sarawak,Pasir Panjang*,MMQC023,2020,55.0,Coastal,mqims 2016-2020.pdf,Moderate,MODERN,3.09593,112.836,1.0
Sabah,Pantai Teluk Brunei 1,MMSC001,2016,66.0,Coastal,mqims 2016-2020.pdf,Moderate,MODERN,5.14579,115.52,1.0
Sabah,Pantai Teluk Brunei 2,MMSC002,2016,59.0,Coastal,mqims 2016-2020.pdf,Moderate,MODERN,5.11798,115.528,1.0
Sabah,Pantai Teluk Brunei 3,MMSC003,2016,67.0,Coastal,mqims 2016-2020.pdf,Moderate,MODERN,5.16107,115.496,1.0
Sabah,Pantai Teluk Brunei 4,MMSC004,2016,66.0,Coastal,mqims 2016-2020.pdf,Moderate,MODERN,5.17585,115.472,1.0
Sabah,Pantai Teluk Brunei 5,MMSC005,2016,65.0,Coastal,mqims 2016-2020.pdf,Moderate,MODERN,5.20352,115.435,1.0
Sabah,Pantai Teluk Brunei 6,MMSC006,2016,67.0,Coastal,mqims 2016-2020.pdf,Moderate,MODERN,5.09419,115.527,1.0
Sabah,Borneo Golf Seawater,MMSC007,2016,68.0,Coastal,mqims 2016-2020.pdf,Moderate,MODERN,5.55,115.784,1.0
Sabah,Pantai Manis Papar,MMSC008,2016,66.0,Coastal,mqims 2016-2020.pdf,Moderate,MODERN,5.74425,115.893,1.0
Sabah,Pantai Melinsung,MMSC009,2016,67.0,Coastal,mqims 2016-2020.pdf,Moderate,MODERN,5.80474,115.975,1.0
Sabah,Pantai Tanjung Aru (Roll Skating),MMSC010,2016,63.0,Coastal,mqims 2016-2020.pdf,Moderate,MODERN,5.93302,116.017,1.0
Sabah,Pantai Tanjung Aru (No. 3),MMSC011,2016,67.0,Coastal,mqims 2016-2020.pdf,Moderate,MODERN,5.88876,116.015,1.0
Sabah,Pantai Lok Kawi,MMSC012,2016,62.0,Coastal,mqims 2016-2020.pdf,Moderate,MODERN,5.86013,116.027,1.0
Sabah,Pantai Dalit Tuaran,MMSC013,2016,64.0,Coastal,mqims 2016-2020.pdf,Moderate,MODERN,6.18875,116.166,1.0
Sabah,Mangrove Paradise,MMSC014,2016,68.0,Coastal,mqims 2016-2020.pdf,Moderate,MODERN,6.25857,116.221,1.0
Sabah,Pantai Sabandar,MMSC015,2016,67.0,Coastal,mqims 2016-2020.pdf,Moderate,MODERN,6.20353,116.175,1.0
Sabah,Pantai Bak-Bak Kudat,MMSC016,2016,63.0,Coastal,mqims 2016-2020.pdf,Moderate,MODERN,6.94565,116.842,1.0
Sabah,Pasir Putih Sandakan,MMSC017,2016,67.0,Coastal,mqims 2016-2020.pdf,Moderate,MODERN,5.82423,118.086,1.0
Sabah,Pantai TLDM,MMSC018,2016,69.0,Coastal,mqims 2016-2020.pdf,Moderate,MODERN,5.83896,118.127,1.0
Sabah,Pantai Batu Sapi,MMSC019,2016,67.0,Coastal,mqims 2016-2020.pdf,Moderate,MODERN,5.79512,118.04,1.0
Sabah,Pantai Ulu Tungku,MMSC020,2016,68.0,Coastal,mqims 2016-2020.pdf,Moderate,MODERN,5.01293,118.89,1.0
Sabah,Pantai Sarina Kunak,MMSC021,2016,69.0,Coastal,mqims 2016-2020.pdf,Moderate,MODERN,4.66139,118.284,1.0
Sabah,Pantai Kg. Lamak,MMSC022,2016,67.0,Coastal,mqims 2016-2020.pdf,Moderate,MODERN,4.969972,118.236731,1.0
Sabah,Pantai Tinagat,MMSC023,2016,69.0,Coastal,mqims 2016-2020.pdf,Moderate,MODERN,4.22278,117.984,1.0
Sabah,Pantai Tanjung Aru (Rest Lido),MMSC024,2016,68.0,Coastal,mqims 2016-2020.pdf,Moderate,MODERN,5.91084,116.008,1.0
Labuan,Pulau Papan,MMLC001,2016,75.0,Coastal,mqims 2016-2020.pdf,Moderate,MODERN,5.2549,115.268,1.0
Labuan,Kiamsam,MMLC002,2016,76.0,Coastal,mqims 2016-2020.pdf,Moderate,MODERN,5.25526,115.175,1.0
Labuan,Sungai Pagar,MMLC003,2016,78.0,Coastal,mqims 2016-2020.pdf,Moderate,MODERN,5.27341,115.167,1.0
Labuan,Layang-Layangan,MMLC004,2016,77.0,Coastal,mqims 2016-2020.pdf,Moderate,MODERN,5.33422,115.193,1.0
Labuan,Tanjung Aru,MMLC005,2016,72.0,Coastal,mqims 2016-2020.pdf,Moderate,MODERN,5.3506,115.244,1.0
Sabah,Pantai Teluk Brunei 1,MMSC001,2017,70.0,Coastal,mqims 2016-2020.pdf,Moderate,MODERN,5.14579,115.52,1.0
Sabah,Pantai Teluk Brunei 2,MMSC002,2017,65.0,Coastal,mqims 2016-2020.pdf,Moderate,MODERN,5.11798,115.528,1.0
Sabah,Pantai Teluk Brunei 3,MMSC003,2017,65.0,Coastal,mqims 2016-2020.pdf,Moderate,MODERN,5.16107,115.496,1.0
Sabah,Pantai Teluk Brunei 4,MMSC004,2017,69.0,Coastal,mqims 2016-2020.pdf,Moderate,MODERN,5.17585,115.472,1.0
Sabah,Pantai Teluk Brunei 5,MMSC005,2017,69.0,Coastal,mqims 2016-2020.pdf,Moderate,MODERN,5.20352,115.435,1.0
Sabah,Pantai Teluk Brunei 6,MMSC006,2017,70.0,Coastal,mqims 2016-2020.pdf,Moderate,MODERN,5.09419,115.527,1.0
Sabah,Borneo Golf Seawater,MMSC007,2017,68.0,Coastal,mqims 2016-2020.pdf,Moderate,MODERN,5.55,115.784,1.0
Sabah,Pantai Manis Papar,MMSC008,2017,69.0,Coastal,mqims 2016-2020.pdf,Moderate,MODERN,5.74425,115.893,1.0
Sabah,Pantai Melinsung,MMSC009,2017,73.0,Coastal,mqims 2016-2020.pdf,Moderate,MODERN,5.80474,115.975,1.0
Sabah,Pantai Tanjung Aru (Roll Skating),MMSC010,2017,86.0,Coastal,mqims 2016-2020.pdf,Good,MODERN,5.93302,116.017,1.0
Sabah,Pantai Tanjung Aru (No. 3),MMSC011,2017,82.0,Coastal,mqims 2016-2020.pdf,Good,MODERN,5.88876,116.015,1.0
Sabah,Pantai Lok Kawi,MMSC012,2017,85.0,Coastal,mqims 2016-2020.pdf,Good,MODERN,5.86013,116.027,1.0
Sabah,Pantai Dalit Tuaran,MMSC013,2017,74.0,Coastal,mqims 2016-2020.pdf,Moderate,MODERN,6.18875,116.166,1.0
Sabah,Mangrove Paradise,MMSC014,2017,86.0,Coastal,mqims 2016-2020.pdf,Good,MODERN,6.25857,116.221,1.0
Sabah,Pantai Sabandar,MMSC015,2017,71.0,Coastal,mqims 2016-2020.pdf,Moderate,MODERN,6.20353,116.175,1.0
Sabah,Pantai Bak-Bak Kudat,MMSC016,2017,70.0,Coastal,mqims 2016-2020.pdf,Moderate,MODERN,6.94565,116.842,1.0
Sabah,Pasir Putih Sandakan,MMSC017,2017,66.0,Coastal,mqims 2016-2020.pdf,Moderate,MODERN,5.82423,118.086,1.0
Sabah,Pantai TLDM,MMSC018,2017,69.0,Coastal,mqims 2016-2020.pdf,Moderate,MODERN,5.83896,118.127,1.0
Sabah,Pantai Batu Sapi,MMSC019,2017,51.0,Coastal,mqims 2016-2020.pdf,Moderate,MODERN,5.79512,118.04,1.0
Sabah,Pantai Ulu Tungku,MMSC020,2017,69.0,Coastal,mqims 2016-2020.pdf,Moderate,MODERN,5.01293,118.89,1.0
Sabah,Pantai Sarina Kunak,MMSC021,2017,68.0,Coastal,mqims 2016-2020.pdf,Moderate,MODERN,4.66139,118.284,1.0
Sabah,Pantai Kg. Lamak,MMSC022,2017,49.0,Coastal,mqims 2016-2020.pdf,Poor,MODERN,4.969972,118.236731,1.0
Sabah,Pantai Tinagat,MMSC023,2017,70.0,Coastal,mqims 2016-2020.pdf,Moderate,MODERN,4.22278,117.984,1.0
Sabah,Pantai Tanjung Aru (Rest Lido),MMSC024,2017,86.0,Coastal,mqims 2016-2020.pdf,Good,MODERN,5.91084,116.008,1.0
Labuan,Pulau Papan,MMLC001,2017,73.0,Coastal,mqims 2016-2020.pdf,Moderate,MODERN,5.2549,115.268,1.0
Labuan,Kiamsam,MMLC002,2017,73.0,Coastal,mqims 2016-2020.pdf,Moderate,MODERN,5.25526,115.175,1.0
Labuan,Sungai Pagar,MMLC003,2017,71.0,Coastal,mqims 2016-2020.pdf,Moderate,MODERN,5.27341,115.167,1.0
Labuan,Layang-Layangan,MMLC004,2017,73.0,Coastal,mqims 2016-2020.pdf,Moderate,MODERN,5.33422,115.193,1.0
Labuan,Tanjung Aru,MMLC005,2017,73.0,Coastal,mqims 2016-2020.pdf,Moderate,MODERN,5.3506,115.244,1.0
Sabah,Pantai Teluk Brunei 1,MMSC001,2018,92.0,Coastal,mqims 2016-2020.pdf,Excellent,MODERN,5.14579,115.52,1.0
Sabah,Pantai Teluk Brunei 2,MMSC002,2018,93.0,Coastal,mqims 2016-2020.pdf,Excellent,MODERN,5.11798,115.528,1.0
Sabah,Pantai Teluk Brunei 3,MMSC003,2018,92.0,Coastal,mqims 2016-2020.pdf,Excellent,MODERN,5.16107,115.496,1.0
Sabah,Pantai Teluk Brunei 4,MMSC004,2018,93.0,Coastal,mqims 2016-2020.pdf,Excellent,MODERN,5.17585,115.472,1.0
Sabah,Pantai Teluk Brunei 5,MMSC005,2018,93.0,Coastal,mqims 2016-2020.pdf,Excellent,MODERN,5.20352,115.435,1.0
Sabah,Pantai Teluk Brunei 6,MMSC006,2018,93.0,Coastal,mqims 2016-2020.pdf,Excellent,MODERN,5.09419,115.527,1.0
Sabah,Borneo Golf Seawater,MMSC007,2018,92.0,Coastal,mqims 2016-2020.pdf,Excellent,MODERN,5.55,115.784,1.0
Sabah,Pantai Manis Papar,MMSC008,2018,91.0,Coastal,mqims 2016-2020.pdf,Excellent,MODERN,5.74425,115.893,1.0
Sabah,Pantai Melinsung,MMSC009,2018,93.0,Coastal,mqims 2016-2020.pdf,Excellent,MODERN,5.80474,115.975,1.0
Sabah,Pantai Tanjung Aru (Roll Skating),MMSC010,2018,93.0,Coastal,mqims 2016-2020.pdf,Excellent,MODERN,5.93302,116.017,1.0
Sabah,Pantai Tanjung Aru (No. 3),MMSC011,2018,93.0,Coastal,mqims 2016-2020.pdf,Excellent,MODERN,5.88876,116.015,1.0
Sabah,Pantai Lok Kawi,MMSC012,2018,93.0,Coastal,mqims 2016-2020.pdf,Excellent,MODERN,5.86013,116.027,1.0
Sabah,Pantai Dalit Tuaran,MMSC013,2018,93.0,Coastal,mqims 2016-2020.pdf,Excellent,MODERN,6.18875,116.166,1.0
Sabah,Mangrove Paradise,MMSC014,2018,93.0,Coastal,mqims 2016-2020.pdf,Excellent,MODERN,6.25857,116.221,1.0
Sabah,Pantai Sabandar,MMSC015,2018,93.0,Coastal,mqims 2016-2020.pdf,Excellent,MODERN,6.20353,116.175,1.0
Sabah,Pantai Bak-Bak Kudat,MMSC016,2018,93.0,Coastal,mqims 2016-2020.pdf,Excellent,MODERN,6.94565,116.842,1.0
Sabah,Pasir Putih Sandakan,MMSC017,2018,92.0,Coastal,mqims 2016-2020.pdf,Excellent,MODERN,5.82423,118.086,1.0
Sabah,Pantai TLDM,MMSC018,2018,92.0,Coastal,mqims 2016-2020.pdf,Excellent,MODERN,5.83896,118.127,1.0
Sabah,Pantai Batu Sapi,MMSC019,2018,93.0,Coastal,mqims 2016-2020.pdf,Excellent,MODERN,5.79512,118.04,1.0
Sabah,Pantai Ulu Tungku,MMSC020,2018,92.0,Coastal,mqims 2016-2020.pdf,Excellent,MODERN,5.01293,118.89,1.0
Sabah,Pantai Sarina Kunak,MMSC021,2018,93.0,Coastal,mqims 2016-2020.pdf,Excellent,MODERN,4.66139,118.284,1.0
Sabah,Pantai Kg. Lamak,MMSC022,2018,91.0,Coastal,mqims 2016-2020.pdf,Excellent,MODERN,4.969972,118.236731,1.0
Sabah,Pantai Tinagat,MMSC023,2018,93.0,Coastal,mqims 2016-2020.pdf,Excellent,MODERN,4.22278,117.984,1.0
Sabah,Pantai Tanjung Aru (Rest Lido),MMSC024,2018,93.0,Coastal,mqims 2016-2020.pdf,Excellent,MODERN,5.91084,116.008,1.0
Labuan,Pulau Papan,MMLC001,2018,92.0,Coastal,mqims 2016-2020.pdf,Excellent,MODERN,5.2549,115.268,1.0
Labuan,Kiamsam,MMLC002,2018,93.0,Coastal,mqims 2016-2020.pdf,Excellent,MODERN,5.25526,115.175,1.0
Labuan,Sungai Pagar,MMLC003,2018,92.0,Coastal,mqims 2016-2020.pdf,Excellent,MODERN,5.27341,115.167,1.0
Labuan,Layang-Layangan,MMLC004,2018,92.0,Coastal,mqims 2016-2020.pdf,Excellent,MODERN,5.33422,115.193,1.0
Labuan,Tanjung Aru,MMLC005,2018,91.0,Coastal,mqims 2016-2020.pdf,Excellent,MODERN,5.3506,115.244,1.0
Sabah,Pantai Teluk Brunei 1,MMSC001,2019,85.0,Coastal,mqims 2016-2020.pdf,Good,MODERN,5.14579,115.52,1.0
Sabah,Pantai Teluk Brunei 2,MMSC002,2019,94.0,Coastal,mqims 2016-2020.pdf,Excellent,MODERN,5.11798,115.528,1.0
Sabah,Pantai Teluk Brunei 3,MMSC003,2019,81.0,Coastal,mqims 2016-2020.pdf,Good,MODERN,5.16107,115.496,1.0
Sabah,Pantai Teluk Brunei 4,MMSC004,2019,78.0,Coastal,mqims 2016-2020.pdf,Moderate,MODERN,5.17585,115.472,1.0
Sabah,Pantai Teluk Brunei 5,MMSC005,2019,88.0,Coastal,mqims 2016-2020.pdf,Good,MODERN,5.20352,115.435,1.0
Sabah,Pantai Teluk Brunei 6,MMSC006,2019,94.0,Coastal,mqims 2016-2020.pdf,Excellent,MODERN,5.09419,115.527,1.0
Sabah,Borneo Golf Seawater,MMSC007,2019,88.0,Coastal,mqims 2016-2020.pdf,Good,MODERN,5.55,115.784,1.0
Sabah,Pantai Manis Papar,MMSC008,2019,92.0,Coastal,mqims 2016-2020.pdf,Excellent,MODERN,5.74425,115.893,1.0
Sabah,Pantai Melinsung,MMSC009,2019,90.0,Coastal,mqims 2016-2020.pdf,Excellent,MODERN,5.80474,115.975,1.0
Sabah,Pantai Tanjung Aru (Roll Skating),MMSC010,2019,92.0,Coastal,mqims 2016-2020.pdf,Excellent,MODERN,5.93302,116.017,1.0
Sabah,Pantai Tanjung Aru (No. 3),MMSC011,2019,88.0,Coastal,mqims 2016-2020.pdf,Good,MODERN,5.88876,116.015,1.0
Sabah,Pantai Lok Kawi,MMSC012,2019,87.0,Coastal,mqims 2016-2020.pdf,Good,MODERN,5.86013,116.027,1.0
Sabah,Pantai Dalit Tuaran,MMSC013,2019,88.0,Coastal,mqims 2016-2020.pdf,Good,MODERN,6.18875,116.166,1.0
Sabah,Mangrove Paradise,MMSC014,2019,87.0,Coastal,mqims 2016-2020.pdf,Good,MODERN,6.25857,116.221,1.0
Sabah,Pantai Sabandar,MMSC015,2019,95.0,Coastal,mqims 2016-2020.pdf,Excellent,MODERN,6.20353,116.175,1.0
Sabah,Pantai Bak-Bak Kudat,MMSC016,2019,85.0,Coastal,mqims 2016-2020.pdf,Good,MODERN,6.94565,116.842,1.0
Sabah,Pasir Putih Sandakan,MMSC017,2019,84.0,Coastal,mqims 2016-2020.pdf,Good,MODERN,5.82423,118.086,1.0
Sabah,Pantai TLDM,MMSC018,2019,67.0,Coastal,mqims 2016-2020.pdf,Moderate,MODERN,5.83896,118.127,1.0
Sabah,Pantai Batu Sapi,MMSC019,2019,93.0,Coastal,mqims 2016-2020.pdf,Excellent,MODERN,5.79512,118.04,1.0
Sabah,Pantai Ulu Tungku,MMSC020,2019,70.0,Coastal,mqims 2016-2020.pdf,Moderate,MODERN,5.01293,118.89,1.0
Sabah,Pantai Sarina Kunak,MMSC021,2019,84.0,Coastal,mqims 2016-2020.pdf,Good,MODERN,4.66139,118.284,1.0
Sabah,Pantai Kg. Lamak,MMSC022,2019,79.0,Coastal,mqims 2016-2020.pdf,Moderate,MODERN,4.969972,118.236731,1.0
Sabah,Pantai Tinagat,MMSC023,2019,78.0,Coastal,mqims 2016-2020.pdf,Moderate,MODERN,4.22278,117.984,1.0
Sabah,Pantai Tanjung Aru (Rest Lido),MMSC024,2019,79.0,Coastal,mqims 2016-2020.pdf,Moderate,MODERN,5.91084,116.008,1.0
Labuan,Pulau Papan,MMLC001,2019,68.0,Coastal,mqims 2016-2020.pdf,Moderate,MODERN,5.2549,115.268,1.0
Labuan,Kiamsam,MMLC002,2019,64.0,Coastal,mqims 2016-2020.pdf,Moderate,MODERN,5.25526,115.175,1.0
Labuan,Sungai Pagar,MMLC003,2019,83.0,Coastal,mqims 2016-2020.pdf,Good,MODERN,5.27341,115.167,1.0
Labuan,Layang-Layangan,MMLC004,2019,82.0,Coastal,mqims 2016-2020.pdf,Good,MODERN,5.33422,115.193,1.0
Labuan,Tanjung Aru,MMLC005,2019,59.0,Coastal,mqims 2016-2020.pdf,Moderate,MODERN,5.3506,115.244,1.0
Sabah,Pantai Teluk Brunei 1,MMSC001,2020,67.0,Coastal,mqims 2016-2020.pdf,Moderate,MODERN,5.14579,115.52,1.0
Sabah,Pantai Teluk Brunei 2,MMSC002,2020,69.0,Coastal,mqims 2016-2020.pdf,Moderate,MODERN,5.11798,115.528,1.0
Sabah,Pantai Teluk Brunei 3,MMSC003,2020,62.0,Coastal,mqims 2016-2020.pdf,Moderate,MODERN,5.16107,115.496,1.0
Sabah,Pantai Teluk Brunei 4,MMSC004,2020,72.0,Coastal,mqims 2016-2020.pdf,Moderate,MODERN,5.17585,115.472,1.0
Sabah,Pantai Teluk Brunei 5,MMSC005,2020,64.0,Coastal,mqims 2016-2020.pdf,Moderate,MODERN,5.20352,115.435,1.0
Sabah,Pantai Teluk Brunei 6,MMSC006,2020,67.0,Coastal,mqims 2016-2020.pdf,Moderate,MODERN,5.09419,115.527,1.0
Sabah,Borneo Golf Seawater,MMSC007,2020,72.0,Coastal,mqims 2016-2020.pdf,Moderate,MODERN,5.55,115.784,1.0
Sabah,Pantai Manis Papar,MMSC008,2020,60.0,Coastal,mqims 2016-2020.pdf,Moderate,MODERN,5.74425,115.893,1.0
Sabah,Pantai Melinsung,MMSC009,2020,67.0,Coastal,mqims 2016-2020.pdf,Moderate,MODERN,5.80474,115.975,1.0
Sabah,Pantai Tanjung Aru (Roll Skating),MMSC010,2020,67.0,Coastal,mqims 2016-2020.pdf,Moderate,MODERN,5.93302,116.017,1.0
Sabah,Pantai Tanjung Aru (No. 3),MMSC011,2020,64.0,Coastal,mqims 2016-2020.pdf,Moderate,MODERN,5.88876,116.015,1.0
Sabah,Pantai Lok Kawi,MMSC012,2020,72.0,Coastal,mqims 2016-2020.pdf,Moderate,MODERN,5.86013,116.027,1.0
Sabah,Pantai Dalit Tuaran,MMSC013,2020,78.0,Coastal,mqims 2016-2020.pdf,Moderate,MODERN,6.18875,116.166,1.0
Sabah,Mangrove Paradise,MMSC014,2020,73.0,Coastal,mqims 2016-2020.pdf,Moderate,MODERN,6.25857,116.221,1.0
Sabah,Pantai Sabandar,MMSC015,2020,75.0,Coastal,mqims 2016-2020.pdf,Moderate,MODERN,6.20353,116.175,1.0
Sabah,Pantai Bak-Bak Kudat,MMSC016,2020,62.0,Coastal,mqims 2016-2020.pdf,Moderate,MODERN,6.94565,116.842,1.0
Sabah,Pasir Putih Sandakan,MMSC017,2020,63.0,Coastal,mqims 2016-2020.pdf,Moderate,MODERN,5.82423,118.086,1.0
Sabah,Pantai TLDM,MMSC018,2020,72.0,Coastal,mqims 2016-2020.pdf,Moderate,MODERN,5.83896,118.127,1.0
Sabah,Pantai Batu Sapi,MMSC019,2020,61.0,Coastal,mqims 2016-2020.pdf,Moderate,MODERN,5.79512,118.04,1.0
Sabah,Pantai Ulu Tungku,MMSC020,2020,66.0,Coastal,mqims 2016-2020.pdf,Moderate,MODERN,5.01293,118.89,1.0
Sabah,Pantai Sarina Kunak,MMSC021,2020,74.0,Coastal,mqims 2016-2020.pdf,Moderate,MODERN,4.66139,118.284,1.0
Sabah,Pantai Kg. Lamak,MMSC022,2020,64.0,Coastal,mqims 2016-2020.pdf,Moderate,MODERN,4.969972,118.236731,1.0
Sabah,Pantai Tinagat,MMSC023,2020,58.0,Coastal,mqims 2016-2020.pdf,Moderate,MODERN,4.22278,117.984,1.0
Sabah,Pantai Tanjung Aru (Rest Lido),MMSC024,2020,63.0,Coastal,mqims 2016-2020.pdf,Moderate,MODERN,5.91084,116.008,1.0
Labuan,Pulau Papan,MMLC001,2020,62.0,Coastal,mqims 2016-2020.pdf,Moderate,MODERN,5.2549,115.268,1.0
Labuan,Kiamsam,MMLC002,2020,68.0,Coastal,mqims 2016-2020.pdf,Moderate,MODERN,5.25526,115.175,1.0
Labuan,Sungai Pagar,MMLC003,2020,61.0,Coastal,mqims 2016-2020.pdf,Moderate,MODERN,5.27341,115.167,1.0
Labuan,Layang-Layangan,MMLC004,2020,69.0,Coastal,mqims 2016-2020.pdf,Moderate,MODERN,5.33422,115.193,1.0
Labuan,Tanjung Aru,MMLC005,2020,58.0,Coastal,mqims 2016-2020.pdf,Moderate,MODERN,5.3506,115.244,1.0
Perlis,Kuala Sungai Baru,MMRE001,2016,60.0,Estuary,mqims 2016-2020.pdf,Moderate,MODERN,6.40007,100.119,1.0
Perlis,Kuala Sungai Perlis,MMRE002,2016,61.0,Estuary,mqims 2016-2020.pdf,Moderate,MODERN,6.33242,100.15,1.0
Kedah,Kuala Kedah,MMKE001,2016,77.0,Estuary,mqims 2016-2020.pdf,Moderate,MODERN,6.10482,100.282,1.0
Kedah,Kuala Jerlun,MMKE002,2016,75.0,Estuary,mqims 2016-2020.pdf,Moderate,MODERN,6.2105,100.238,1.0
Kedah,Kuala Segantang Garam*,MMKE003,2016,,Estuary,mqims 2016-2020.pdf,,MODERN,5.67869,100.373,1.0
Kedah,Kuala Sungai Muda*,MMKE004,2016,,Estuary,mqims 2016-2020.pdf,,MODERN,5.57735,100.341,1.0
Pulau Pinang,Kuala Sungai Jawi,MMPE001,2016,45.0,Estuary,mqims 2016-2020.pdf,Poor,MODERN,5.28056,100.417,1.0
Pulau Pinang,Kuala Sungai Juru,MMPE002,2016,70.0,Estuary,mqims 2016-2020.pdf,Moderate,MODERN,5.33889,100.406,1.0
Pulau Pinang,Kuala Sungai Kerian,MMPE003,2016,34.0,Estuary,mqims 2016-2020.pdf,Poor,MODERN,5.17034,100.424,1.0
Pulau Pinang,Kuala Sungai Pinang,MMPE004,2016,58.0,Estuary,mqims 2016-2020.pdf,Moderate,MODERN,5.4,100.335,1.0
Pulau Pinang,Kuala Sungai Perai,MMPE005,2016,64.0,Estuary,mqims 2016-2020.pdf,Moderate,MODERN,5.38333,100.367,1.0
Pulau Pinang,Kuala Sungai Tengah,MMPE006,2016,65.0,Estuary,mqims 2016-2020.pdf,Moderate,MODERN,5.21139,100.425,1.0
Pulau Pinang,Kuala Sungai Pinang (Balik Pulau),MMPE007,2016,60.0,Estuary,mqims 2016-2020.pdf,Moderate,MODERN,5.39155,100.186,1.0
Perak,Kuala Sungai Manjung,MMAE001,2016,78.0,Estuary,mqims 2016-2020.pdf,Moderate,MODERN,4.24841,100.594,1.0
Perak,Kuala Sungai Gula,MMAE002,2016,67.0,Estuary,mqims 2016-2020.pdf,Moderate,MODERN,4.92269,100.467,1.0
Perak,Kuala Sungai Kurau,MMAE003,2016,59.0,Estuary,mqims 2016-2020.pdf,Moderate,MODERN,4.99481,100.415,1.0
Perak,Kuala Sungai Tanjung Piandang,MMAE004,2016,57.0,Estuary,mqims 2016-2020.pdf,Moderate,MODERN,5.07661,100.374,1.0
Perak,Kuala Sungai Sepetang,MMAE005,2016,56.0,Estuary,mqims 2016-2020.pdf,Moderate,MODERN,4.7756,100.588,1.0
Perak,Kuala Sungai Perak,MMAE006,2016,64.0,Estuary,mqims 2016-2020.pdf,Moderate,MODERN,4.00002,100.756,1.0
Selangor,Kuala Sungai Sepang,MMBE001,2016,85.0,Estuary,mqims 2016-2020.pdf,Good,MODERN,2.59575,101.713,1.0
Selangor,Kuala Sungai Sepang (Kecil),MMBE002,2016,86.0,Estuary,mqims 2016-2020.pdf,Good,MODERN,2.60987,101.685,1.0
Selangor,Kuala Sungai Sepang (Kawalan),MMBE003,2016,92.0,Estuary,mqims 2016-2020.pdf,Excellent,MODERN,2.59749,101.69,1.0
Selangor,Kuala Sungai Langat (Jugra),MMBE004,2016,72.0,Estuary,mqims 2016-2020.pdf,Moderate,MODERN,2.8024,101.407,1.0
Selangor,Kuala Sungai Klang,MMBE005,2016,77.0,Estuary,mqims 2016-2020.pdf,Moderate,MODERN,3.00191,101.389,1.0
Selangor,Kuala Sungai Langat (Lumut),MMBE006,2016,81.0,Estuary,mqims 2016-2020.pdf,Good,MODERN,2.9668,101.309,1.0
Selangor,Kuala Sungai Buloh,MMBE007,2016,67.0,Estuary,mqims 2016-2020.pdf,Moderate,MODERN,3.25504,101.3,1.0
Selangor,Kuala Sungai Selangor,MMBE008,2016,74.0,Estuary,mqims 2016-2020.pdf,Moderate,MODERN,3.33333,101.225,1.0
Selangor,Kuala Sungai Tengi,MMBE009,2016,72.0,Estuary,mqims 2016-2020.pdf,Moderate,MODERN,3.39618,101.167,1.0
Selangor,Kuala Sungai Bernam,MMBE010,2016,72.0,Estuary,mqims 2016-2020.pdf,Moderate,MODERN,3.85,100.817,1.0
Perlis,Kuala Sungai Baru,MMRE001,2017,64.0,Estuary,mqims 2016-2020.pdf,Moderate,MODERN,6.40007,100.119,1.0
Perlis,Kuala Sungai Perlis,MMRE002,2017,64.0,Estuary,mqims 2016-2020.pdf,Moderate,MODERN,6.33242,100.15,1.0
Kedah,Kuala Kedah,MMKE001,2017,62.0,Estuary,mqims 2016-2020.pdf,Moderate,MODERN,6.10482,100.282,1.0
Kedah,Kuala Jerlun,MMKE002,2017,62.0,Estuary,mqims 2016-2020.pdf,Moderate,MODERN,6.2105,100.238,1.0
Kedah,Kuala Segantang Garam*,MMKE003,2017,83.0,Estuary,mqims 2016-2020.pdf,Good,MODERN,5.67869,100.373,1.0
Kedah,Kuala Sungai Muda*,MMKE004,2017,64.0,Estuary,mqims 2016-2020.pdf,Moderate,MODERN,5.57735,100.341,1.0
Pulau Pinang,Kuala Sungai Jawi,MMPE001,2017,49.0,Estuary,mqims 2016-2020.pdf,Poor,MODERN,5.28056,100.417,1.0
Pulau Pinang,Kuala Sungai Juru,MMPE002,2017,49.0,Estuary,mqims 2016-2020.pdf,Poor,MODERN,5.33889,100.406,1.0
Pulau Pinang,Kuala Sungai Kerian,MMPE003,2017,56.0,Estuary,mqims 2016-2020.pdf,Moderate,MODERN,5.17034,100.424,1.0
Pulau Pinang,Kuala Sungai Pinang,MMPE004,2017,52.0,Estuary,mqims 2016-2020.pdf,Moderate,MODERN,5.4,100.335,1.0
Pulau Pinang,Kuala Sungai Perai,MMPE005,2017,52.0,Estuary,mqims 2016-2020.pdf,Moderate,MODERN,5.38333,100.367,1.0
Pulau Pinang,Kuala Sungai Tengah,MMPE006,2017,58.0,Estuary,mqims 2016-2020.pdf,Moderate,MODERN,5.21139,100.425,1.0
Pulau Pinang,Kuala Sungai Pinang (Balik Pulau),MMPE007,2017,55.0,Estuary,mqims 2016-2020.pdf,Moderate,MODERN,5.39155,100.186,1.0
Perak,Kuala Sungai Manjung,MMAE001,2017,88.0,Estuary,mqims 2016-2020.pdf,Good,MODERN,4.24841,100.594,1.0
Perak,Kuala Sungai Gula,MMAE002,2017,82.0,Estuary,mqims 2016-2020.pdf,Good,MODERN,4.92269,100.467,1.0
Perak,Kuala Sungai Kurau,MMAE003,2017,61.0,Estuary,mqims 2016-2020.pdf,Moderate,MODERN,4.99481,100.415,1.0
Perak,Kuala Sungai Tanjung Piandang,MMAE004,2017,59.0,Estuary,mqims 2016-2020.pdf,Moderate,MODERN,5.07661,100.374,1.0
Perak,Kuala Sungai Sepetang,MMAE005,2017,60.0,Estuary,mqims 2016-2020.pdf,Moderate,MODERN,4.7756,100.588,1.0
Perak,Kuala Sungai Perak,MMAE006,2017,61.0,Estuary,mqims 2016-2020.pdf,Moderate,MODERN,4.00002,100.756,1.0
Selangor,Kuala Sungai Sepang,MMBE001,2017,92.0,Estuary,mqims 2016-2020.pdf,Excellent,MODERN,2.59575,101.713,1.0
Selangor,Kuala Sungai Sepang (Kecil),MMBE002,2017,93.0,Estuary,mqims 2016-2020.pdf,Excellent,MODERN,2.60987,101.685,1.0
Selangor,Kuala Sungai Sepang (Kawalan),MMBE003,2017,93.0,Estuary,mqims 2016-2020.pdf,Excellent,MODERN,2.59749,101.69,1.0
Selangor,Kuala Sungai Langat (Jugra),MMBE004,2017,82.0,Estuary,mqims 2016-2020.pdf,Good,MODERN,2.8024,101.407,1.0
Selangor,Kuala Sungai Klang,MMBE005,2017,60.0,Estuary,mqims 2016-2020.pdf,Moderate,MODERN,3.00191,101.389,1.0
Selangor,Kuala Sungai Langat (Lumut),MMBE006,2017,60.0,Estuary,mqims 2016-2020.pdf,Moderate,MODERN,2.9668,101.309,1.0
Selangor,Kuala Sungai Buloh,MMBE007,2017,64.0,Estuary,mqims 2016-2020.pdf,Moderate,MODERN,3.25504,101.3,1.0
Selangor,Kuala Sungai Selangor,MMBE008,2017,85.0,Estuary,mqims 2016-2020.pdf,Good,MODERN,3.33333,101.225,1.0
Selangor,Kuala Sungai Tengi,MMBE009,2017,74.0,Estuary,mqims 2016-2020.pdf,Moderate,MODERN,3.39618,101.167,1.0
Selangor,Kuala Sungai Bernam,MMBE010,2017,56.0,Estuary,mqims 2016-2020.pdf,Moderate,MODERN,3.85,100.817,1.0
Perlis,Kuala Sungai Baru,MMRE001,2018,70.0,Estuary,mqims 2016-2020.pdf,Moderate,MODERN,6.40007,100.119,1.0
Perlis,Kuala Sungai Perlis,MMRE002,2018,66.0,Estuary,mqims 2016-2020.pdf,Moderate,MODERN,6.33242,100.15,1.0
Kedah,Kuala Kedah,MMKE001,2018,61.0,Estuary,mqims 2016-2020.pdf,Moderate,MODERN,6.10482,100.282,1.0
Kedah,Kuala Jerlun,MMKE002,2018,82.0,Estuary,mqims 2016-2020.pdf,Good,MODERN,6.2105,100.238,1.0
Kedah,Kuala Segantang Garam*,MMKE003,2018,88.0,Estuary,mqims 2016-2020.pdf,Good,MODERN,5.67869,100.373,1.0
Kedah,Kuala Sungai Muda*,MMKE004,2018,62.0,Estuary,mqims 2016-2020.pdf,Moderate,MODERN,5.57735,100.341,1.0
Pulau Pinang,Kuala Sungai Jawi,MMPE001,2018,54.0,Estuary,mqims 2016-2020.pdf,Moderate,MODERN,5.28056,100.417,1.0
Pulau Pinang,Kuala Sungai Juru,MMPE002,2018,47.0,Estuary,mqims 2016-2020.pdf,Poor,MODERN,5.33889,100.406,1.0
Pulau Pinang,Kuala Sungai Kerian,MMPE003,2018,60.0,Estuary,mqims 2016-2020.pdf,Moderate,MODERN,5.17034,100.424,1.0
Pulau Pinang,Kuala Sungai Pinang,MMPE004,2018,61.0,Estuary,mqims 2016-2020.pdf,Moderate,MODERN,5.4,100.335,1.0
Pulau Pinang,Kuala Sungai Perai,MMPE005,2018,59.0,Estuary,mqims 2016-2020.pdf,Moderate,MODERN,5.38333,100.367,1.0
Pulau Pinang,Kuala Sungai Tengah,MMPE006,2018,37.0,Estuary,mqims 2016-2020.pdf,Poor,MODERN,5.21139,100.425,1.0
Pulau Pinang,Kuala Sungai Pinang (Balik Pulau),MMPE007,2018,64.0,Estuary,mqims 2016-2020.pdf,Moderate,MODERN,5.39155,100.186,1.0
Perak,Kuala Sungai Manjung,MMAE001,2018,91.0,Estuary,mqims 2016-2020.pdf,Excellent,MODERN,4.24841,100.594,1.0
Perak,Kuala Sungai Gula,MMAE002,2018,84.0,Estuary,mqims 2016-2020.pdf,Good,MODERN,4.92269,100.467,1.0
Perak,Kuala Sungai Kurau,MMAE003,2018,64.0,Estuary,mqims 2016-2020.pdf,Moderate,MODERN,4.99481,100.415,1.0
Perak,Kuala Sungai Tanjung Piandang,MMAE004,2018,61.0,Estuary,mqims 2016-2020.pdf,Moderate,MODERN,5.07661,100.374,1.0
Perak,Kuala Sungai Sepetang,MMAE005,2018,58.0,Estuary,mqims 2016-2020.pdf,Moderate,MODERN,4.7756,100.588,1.0
Perak,Kuala Sungai Perak,MMAE006,2018,81.0,Estuary,mqims 2016-2020.pdf,Good,MODERN,4.00002,100.756,1.0
Selangor,Kuala Sungai Sepang,MMBE001,2018,89.0,Estuary,mqims 2016-2020.pdf,Good,MODERN,2.59575,101.713,1.0
Selangor,Kuala Sungai Sepang (Kecil),MMBE002,2018,89.0,Estuary,mqims 2016-2020.pdf,Good,MODERN,2.60987,101.685,1.0
Selangor,Kuala Sungai Sepang (Kawalan),MMBE003,2018,92.0,Estuary,mqims 2016-2020.pdf,Excellent,MODERN,2.59749,101.69,1.0
Selangor,Kuala Sungai Langat (Jugra),MMBE004,2018,62.0,Estuary,mqims 2016-2020.pdf,Moderate,MODERN,2.8024,101.407,1.0
Selangor,Kuala Sungai Klang,MMBE005,2018,37.0,Estuary,mqims 2016-2020.pdf,Poor,MODERN,3.00191,101.389,1.0
Selangor,Kuala Sungai Langat (Lumut),MMBE006,2018,39.0,Estuary,mqims 2016-2020.pdf,Poor,MODERN,2.9668,101.309,1.0
Selangor,Kuala Sungai Buloh,MMBE007,2018,62.0,Estuary,mqims 2016-2020.pdf,Moderate,MODERN,3.25504,101.3,1.0
Selangor,Kuala Sungai Selangor,MMBE008,2018,69.0,Estuary,mqims 2016-2020.pdf,Moderate,MODERN,3.33333,101.225,1.0
Selangor,Kuala Sungai Tengi,MMBE009,2018,64.0,Estuary,mqims 2016-2020.pdf,Moderate,MODERN,3.39618,101.167,1.0
Selangor,Kuala Sungai Bernam,MMBE010,2018,86.0,Estuary,mqims 2016-2020.pdf,Good,MODERN,3.85,100.817,1.0
Perlis,Kuala Sungai Baru,MMRE001,2019,50.0,Estuary,mqims 2016-2020.pdf,Moderate,MODERN,6.40007,100.119,1.0
Perlis,Kuala Sungai Perlis,MMRE002,2019,58.0,Estuary,mqims 2016-2020.pdf,Moderate,MODERN,6.33242,100.15,1.0
Kedah,Kuala Kedah,MMKE001,2019,53.0,Estuary,mqims 2016-2020.pdf,Moderate,MODERN,6.10482,100.282,1.0
Kedah,Kuala Jerlun,MMKE002,2019,50.0,Estuary,mqims 2016-2020.pdf,Moderate,MODERN,6.2105,100.238,1.0
Kedah,Kuala Segantang Garam*,MMKE003,2019,57.0,Estuary,mqims 2016-2020.pdf,Moderate,MODERN,5.67869,100.373,1.0
Kedah,Kuala Sungai Muda*,MMKE004,2019,62.0,Estuary,mqims 2016-2020.pdf,Moderate,MODERN,5.57735,100.341,1.0
Pulau Pinang,Kuala Sungai Jawi,MMPE001,2019,46.0,Estuary,mqims 2016-2020.pdf,Poor,MODERN,5.28056,100.417,1.0
Pulau Pinang,Kuala Sungai Juru,MMPE002,2019,51.0,Estuary,mqims 2016-2020.pdf,Moderate,MODERN,5.33889,100.406,1.0
Pulau Pinang,Kuala Sungai Kerian,MMPE003,2019,52.0,Estuary,mqims 2016-2020.pdf,Moderate,MODERN,5.17034,100.424,1.0
Pulau Pinang,Kuala Sungai Pinang,MMPE004,2019,52.0,Estuary,mqims 2016-2020.pdf,Moderate,MODERN,5.4,100.335,1.0
Pulau Pinang,Kuala Sungai Perai,MMPE005,2019,53.0,Estuary,mqims 2016-2020.pdf,Moderate,MODERN,5.38333,100.367,1.0
Pulau Pinang,Kuala Sungai Tengah,MMPE006,2019,52.0,Estuary,mqims 2016-2020.pdf,Moderate,MODERN,5.21139,100.425,1.0
Pulau Pinang,Kuala Sungai Pinang (Balik Pulau),MMPE007,2019,50.0,Estuary,mqims 2016-2020.pdf,Moderate,MODERN,5.39155,100.186,1.0
Perak,Kuala Sungai Manjung,MMAE001,2019,71.0,Estuary,mqims 2016-2020.pdf,Moderate,MODERN,4.24841,100.594,1.0
Perak,Kuala Sungai Gula,MMAE002,2019,55.0,Estuary,mqims 2016-2020.pdf,Moderate,MODERN,4.92269,100.467,1.0
Perak,Kuala Sungai Kurau,MMAE003,2019,54.0,Estuary,mqims 2016-2020.pdf,Moderate,MODERN,4.99481,100.415,1.0
Perak,Kuala Sungai Tanjung Piandang,MMAE004,2019,51.0,Estuary,mqims 2016-2020.pdf,Moderate,MODERN,5.07661,100.374,1.0
Perak,Kuala Sungai Sepetang,MMAE005,2019,46.0,Estuary,mqims 2016-2020.pdf,Poor,MODERN,4.7756,100.588,1.0
Perak,Kuala Sungai Perak,MMAE006,2019,53.0,Estuary,mqims 2016-2020.pdf,Moderate,MODERN,4.00002,100.756,1.0
Selangor,Kuala Sungai Sepang,MMBE001,2019,60.0,Estuary,mqims 2016-2020.pdf,Moderate,MODERN,2.59575,101.713,1.0
Selangor,Kuala Sungai Sepang (Kecil),MMBE002,2019,61.0,Estuary,mqims 2016-2020.pdf,Moderate,MODERN,2.60987,101.685,1.0
Selangor,Kuala Sungai Sepang (Kawalan),MMBE003,2019,70.0,Estuary,mqims 2016-2020.pdf,Moderate,MODERN,2.59749,101.69,1.0
Selangor,Kuala Sungai Langat (Jugra),MMBE004,2019,50.0,Estuary,mqims 2016-2020.pdf,Moderate,MODERN,2.8024,101.407,1.0
Selangor,Kuala Sungai Klang,MMBE005,2019,38.0,Estuary,mqims 2016-2020.pdf,Poor,MODERN,3.00191,101.389,1.0
Selangor,Kuala Sungai Langat (Lumut),MMBE006,2019,49.0,Estuary,mqims 2016-2020.pdf,Poor,MODERN,2.9668,101.309,1.0
Selangor,Kuala Sungai Buloh,MMBE007,2019,44.0,Estuary,mqims 2016-2020.pdf,Poor,MODERN,3.25504,101.3,1.0
Selangor,Kuala Sungai Selangor,MMBE008,2019,45.0,Estuary,mqims 2016-2020.pdf,Poor,MODERN,3.33333,101.225,1.0
Selangor,Kuala Sungai Tengi,MMBE009,2019,49.0,Estuary,mqims 2016-2020.pdf,Poor,MODERN,3.39618,101.167,1.0
Selangor,Kuala Sungai Bernam,MMBE010,2019,52.0,Estuary,mqims 2016-2020.pdf,Moderate,MODERN,3.85,100.817,1.0
Perlis,Kuala Sungai Baru,MMRE001,2020,56.0,Estuary,mqims 2016-2020.pdf,Moderate,MODERN,6.40007,100.119,1.0
Perlis,Kuala Sungai Perlis,MMRE002,2020,54.0,Estuary,mqims 2016-2020.pdf,Moderate,MODERN,6.33242,100.15,1.0
Kedah,Kuala Kedah,MMKE001,2020,53.0,Estuary,mqims 2016-2020.pdf,Moderate,MODERN,6.10482,100.282,1.0
Kedah,Kuala Jerlun,MMKE002,2020,57.0,Estuary,mqims 2016-2020.pdf,Moderate,MODERN,6.2105,100.238,1.0
Kedah,Kuala Segantang Garam*,MMKE003,2020,70.0,Estuary,mqims 2016-2020.pdf,Moderate,MODERN,5.67869,100.373,1.0
Kedah,Kuala Sungai Muda*,MMKE004,2020,58.0,Estuary,mqims 2016-2020.pdf,Moderate,MODERN,5.57735,100.341,1.0
Pulau Pinang,Kuala Sungai Jawi,MMPE001,2020,38.0,Estuary,mqims 2016-2020.pdf,Poor,MODERN,5.28056,100.417,1.0
Pulau Pinang,Kuala Sungai Juru,MMPE002,2020,30.0,Estuary,mqims 2016-2020.pdf,Poor,MODERN,5.33889,100.406,1.0
Pulau Pinang,Kuala Sungai Kerian,MMPE003,2020,54.0,Estuary,mqims 2016-2020.pdf,Moderate,MODERN,5.17034,100.424,1.0
Pulau Pinang,Kuala Sungai Pinang,MMPE004,2020,53.0,Estuary,mqims 2016-2020.pdf,Moderate,MODERN,5.4,100.335,1.0
Pulau Pinang,Kuala Sungai Perai,MMPE005,2020,43.0,Estuary,mqims 2016-2020.pdf,Poor,MODERN,5.38333,100.367,1.0
Pulau Pinang,Kuala Sungai Tengah,MMPE006,2020,52.0,Estuary,mqims 2016-2020.pdf,Moderate,MODERN,5.21139,100.425,1.0
Pulau Pinang,Kuala Sungai Pinang (Balik Pulau),MMPE007,2020,48.0,Estuary,mqims 2016-2020.pdf,Poor,MODERN,5.39155,100.186,1.0
Perak,Kuala Sungai Manjung,MMAE001,2020,75.0,Estuary,mqims 2016-2020.pdf,Moderate,MODERN,4.24841,100.594,1.0
Perak,Kuala Sungai Gula,MMAE002,2020,53.0,Estuary,mqims 2016-2020.pdf,Moderate,MODERN,4.92269,100.467,1.0
Perak,Kuala Sungai Kurau,MMAE003,2020,53.0,Estuary,mqims 2016-2020.pdf,Moderate,MODERN,4.99481,100.415,1.0
Perak,Kuala Sungai Tanjung Piandang,MMAE004,2020,38.0,Estuary,mqims 2016-2020.pdf,Poor,MODERN,5.07661,100.374,1.0
Perak,Kuala Sungai Sepetang,MMAE005,2020,48.0,Estuary,mqims 2016-2020.pdf,Poor,MODERN,4.7756,100.588,1.0
Perak,Kuala Sungai Perak,MMAE006,2020,58.0,Estuary,mqims 2016-2020.pdf,Moderate,MODERN,4.00002,100.756,1.0
Selangor,Kuala Sungai Sepang,MMBE001,2020,57.0,Estuary,mqims 2016-2020.pdf,Moderate,MODERN,2.59575,101.713,1.0
Selangor,Kuala Sungai Sepang (Kecil),MMBE002,2020,88.0,Estuary,mqims 2016-2020.pdf,Good,MODERN,2.60987,101.685,1.0
Selangor,Kuala Sungai Sepang (Kawalan),MMBE003,2020,88.0,Estuary,mqims 2016-2020.pdf,Good,MODERN,2.59749,101.69,1.0
Selangor,Kuala Sungai Langat (Jugra),MMBE004,2020,44.0,Estuary,mqims 2016-2020.pdf,Poor,MODERN,2.8024,101.407,1.0
Selangor,Kuala Sungai Klang,MMBE005,2020,35.0,Estuary,mqims 2016-2020.pdf,Poor,MODERN,3.00191,101.389,1.0
Selangor,Kuala Sungai Langat (Lumut),MMBE006,2020,45.0,Estuary,mqims 2016-2020.pdf,Poor,MODERN,2.9668,101.309,1.0
Selangor,Kuala Sungai Buloh,MMBE007,2020,58.0,Estuary,mqims 2016-2020.pdf,Moderate,MODERN,3.25504,101.3,1.0
Selangor,Kuala Sungai Selangor,MMBE008,2020,45.0,Estuary,mqims 2016-2020.pdf,Poor,MODERN,3.33333,101.225,1.0
Selangor,Kuala Sungai Tengi,MMBE009,2020,43.0,Estuary,mqims 2016-2020.pdf,Poor,MODERN,3.39618,101.167,1.0
Selangor,Kuala Sungai Bernam,MMBE010,2020,55.0,Estuary,mqims 2016-2020.pdf,Moderate,MODERN,3.85,100.817,1.0
N. Sembilan,Kuala Sungai Linggi,MMNE001,2016,97.0,Estuary,mqims 2016-2020.pdf,Excellent,MODERN,2.39101,101.973,1.0
N. Sembilan,Kuala Sungai Lukut,MMNE002,2016,97.0,Estuary,mqims 2016-2020.pdf,Excellent,MODERN,2.57802,101.788,1.0
Melaka,Kuala Sungai Melaka,MMME001,2016,56.0,Estuary,mqims 2016-2020.pdf,Moderate,MODERN,2.18572,102.242,1.0
Melaka,Kuala Sungai Sri Melaka,MMME002,2016,53.0,Estuary,mqims 2016-2020.pdf,Moderate,MODERN,2.20647,102.198,1.0
Melaka,Kuala Sungai Merlimau,MMME003,2016,71.0,Estuary,mqims 2016-2020.pdf,Moderate,MODERN,2.12689,102.414,1.0
Melaka,Kuala Sungai Kesang,MMME004,2016,70.0,Estuary,mqims 2016-2020.pdf,Moderate,MODERN,2.09814,102.489,1.0
Melaka,Kuala Sungai Sebatu,MMME005,2016,69.0,Estuary,mqims 2016-2020.pdf,Moderate,MODERN,2.10753,102.462,1.0
Melaka,Kuala Sungai Melaka 2*,MMME006,2016,,Estuary,mqims 2016-2020.pdf,,MODERN,2.186872,102.243231,1.0
Melaka,Kuala Sungai Baru*,MMME007,2016,,Estuary,mqims 2016-2020.pdf,,MODERN,2.35244,102.033,1.0
Melaka,Kuala Sungai Lereh,MMME008,2016,69.0,Estuary,mqims 2016-2020.pdf,Moderate,MODERN,2.22003,102.176,1.0
Johor,Kuala Sungai Melayu,HIST_1437946,2016,58.0,Estuary,mqims 2016-2020.pdf,Moderate,LEGACY,,,
Johor,Kuala Sungai Skudai,HIST_1437922,2016,65.0,Estuary,mqims 2016-2020.pdf,Moderate,LEGACY,,,
Johor,Kuala Sungai Tebrau,HIST_1438943,2016,56.0,Estuary,mqims 2016-2020.pdf,Moderate,LEGACY,,,
Johor,Kuala Sungai Segget,MMJE001,2016,47.0,Estuary,mqims 2016-2020.pdf,Poor,MODERN,1.45583,103.766,1.0
Johor,Kuala Sungai Laloh,MMJE002,2016,82.0,Estuary,mqims 2016-2020.pdf,Good,MODERN,1.43514,103.924,1.0
Johor,Kuala Sungai Johor,MMJE003,2016,85.0,Estuary,mqims 2016-2020.pdf,Good,MODERN,1.48444,104.023,1.0
Johor,Kuala Sungai Batu Pahat,MMJE004,2016,87.0,Estuary,mqims 2016-2020.pdf,Good,MODERN,1.81451,102.89,1.0
Johor,Kuala Sungai Muar,MMJE005,2016,88.0,Estuary,mqims 2016-2020.pdf,Good,MODERN,2.05212,102.552,1.0
Johor,Kuala Sungai Mersing,MMJE006,2016,85.0,Estuary,mqims 2016-2020.pdf,Good,MODERN,2.43681,103.842,1.0
Pahang,Kuala Kuantan*,MMCE001,2016,,Estuary,mqims 2016-2020.pdf,,MODERN,3.80482,103.343,1.0
Pahang,Kuala Rompin Kecil*,MMCE002,2016,,Estuary,mqims 2016-2020.pdf,,MODERN,2.82218,103.485,1.0
Pahang,Kuala Pahang*,MMCE003,2016,,Estuary,mqims 2016-2020.pdf,,MODERN,3.53044,103.472,1.0
Pahang,Kuala Nenasi*,MMCE004,2016,,Estuary,mqims 2016-2020.pdf,,MODERN,3.08099,103.441,1.0
Pahang,Kuala Sungai Balok*,MMCE005,2016,,Estuary,mqims 2016-2020.pdf,,MODERN,3.93492,103.377,1.0
Terengganu,Kuala Sungai Besut,MMTE001,2016,63.0,Estuary,mqims 2016-2020.pdf,Moderate,MODERN,5.83411,102.558,1.0
Terengganu,Kuala Sungai Dungun,MMTE002,2016,53.0,Estuary,mqims 2016-2020.pdf,Moderate,MODERN,4.78108,103.428,1.0
Terengganu,Kuala Sungai Ibai,MMTE003,2016,61.0,Estuary,mqims 2016-2020.pdf,Moderate,MODERN,5.28899,103.176,1.0
Terengganu,Kuala Sungai Kerteh,MMTE004,2016,56.0,Estuary,mqims 2016-2020.pdf,Moderate,MODERN,4.51441,103.456,1.0
Terengganu,Kuala Sungai Marang,MMTE005,2016,72.0,Estuary,mqims 2016-2020.pdf,Moderate,MODERN,5.20944,103.214,1.0
Terengganu,Kuala Sungai Paka,MMTE006,2016,72.0,Estuary,mqims 2016-2020.pdf,Moderate,MODERN,4.655,103.444,1.0
Terengganu,Kuala Sungai Setiu,MMTE007,2016,75.0,Estuary,mqims 2016-2020.pdf,Moderate,MODERN,5.65189,102.764,1.0
N. Sembilan,Kuala Sungai Linggi,MMNE001,2017,75.0,Estuary,mqims 2016-2020.pdf,Moderate,MODERN,2.39101,101.973,1.0
N. Sembilan,Kuala Sungai Lukut,MMNE002,2017,66.0,Estuary,mqims 2016-2020.pdf,Moderate,MODERN,2.57802,101.788,1.0
Melaka,Kuala Sungai Melaka,MMME001,2017,63.0,Estuary,mqims 2016-2020.pdf,Moderate,MODERN,2.18572,102.242,1.0
Melaka,Kuala Sungai Sri Melaka,MMME002,2017,57.0,Estuary,mqims 2016-2020.pdf,Moderate,MODERN,2.20647,102.198,1.0
Melaka,Kuala Sungai Merlimau,MMME003,2017,81.0,Estuary,mqims 2016-2020.pdf,Good,MODERN,2.12689,102.414,1.0
Melaka,Kuala Sungai Kesang,MMME004,2017,83.0,Estuary,mqims 2016-2020.pdf,Good,MODERN,2.09814,102.489,1.0
Melaka,Kuala Sungai Sebatu,MMME005,2017,86.0,Estuary,mqims 2016-2020.pdf,Good,MODERN,2.10753,102.462,1.0
Melaka,Kuala Sungai Melaka 2*,MMME006,2017,64.0,Estuary,mqims 2016-2020.pdf,Moderate,MODERN,2.186872,102.243231,1.0
Melaka,Kuala Sungai Baru*,MMME007,2017,84.0,Estuary,mqims 2016-2020.pdf,Good,MODERN,2.35244,102.033,1.0
Melaka,Kuala Sungai Lereh,MMME008,2017,63.0,Estuary,mqims 2016-2020.pdf,Moderate,MODERN,2.22003,102.176,1.0
Johor,Kuala Sungai Melayu,HIST_1437946,2017,63.0,Estuary,mqims 2016-2020.pdf,Moderate,LEGACY,,,
Johor,Kuala Sungai Skudai,HIST_1437922,2017,40.0,Estuary,mqims 2016-2020.pdf,Poor,LEGACY,,,
Johor,Kuala Sungai Tebrau,HIST_1438943,2017,62.0,Estuary,mqims 2016-2020.pdf,Moderate,LEGACY,,,
Johor,Kuala Sungai Segget,MMJE001,2017,53.0,Estuary,mqims 2016-2020.pdf,Moderate,MODERN,1.45583,103.766,1.0
Johor,Kuala Sungai Laloh,MMJE002,2017,61.0,Estuary,mqims 2016-2020.pdf,Moderate,MODERN,1.43514,103.924,1.0
Johor,Kuala Sungai Johor,MMJE003,2017,92.0,Estuary,mqims 2016-2020.pdf,Excellent,MODERN,1.48444,104.023,1.0
Johor,Kuala Sungai Batu Pahat,MMJE004,2017,90.0,Estuary,mqims 2016-2020.pdf,Excellent,MODERN,1.81451,102.89,1.0
Johor,Kuala Sungai Muar,MMJE005,2017,92.0,Estuary,mqims 2016-2020.pdf,Excellent,MODERN,2.05212,102.552,1.0
Johor,Kuala Sungai Mersing,MMJE006,2017,67.0,Estuary,mqims 2016-2020.pdf,Moderate,MODERN,2.43681,103.842,1.0
Pahang,Kuala Kuantan*,MMCE001,2017,66.0,Estuary,mqims 2016-2020.pdf,Moderate,MODERN,3.80482,103.343,1.0
Pahang,Kuala Rompin Kecil*,MMCE002,2017,89.0,Estuary,mqims 2016-2020.pdf,Good,MODERN,2.82218,103.485,1.0
Pahang,Kuala Pahang*,MMCE003,2017,92.0,Estuary,mqims 2016-2020.pdf,Excellent,MODERN,3.53044,103.472,1.0
Pahang,Kuala Nenasi*,MMCE004,2017,93.0,Estuary,mqims 2016-2020.pdf,Excellent,MODERN,3.08099,103.441,1.0
Pahang,Kuala Sungai Balok*,MMCE005,2017,65.0,Estuary,mqims 2016-2020.pdf,Moderate,MODERN,3.93492,103.377,1.0
Terengganu,Kuala Sungai Besut,MMTE001,2017,73.0,Estuary,mqims 2016-2020.pdf,Moderate,MODERN,5.83411,102.558,1.0
Terengganu,Kuala Sungai Dungun,MMTE002,2017,65.0,Estuary,mqims 2016-2020.pdf,Moderate,MODERN,4.78108,103.428,1.0
Terengganu,Kuala Sungai Ibai,MMTE003,2017,90.0,Estuary,mqims 2016-2020.pdf,Excellent,MODERN,5.28899,103.176,1.0
Terengganu,Kuala Sungai Kerteh,MMTE004,2017,91.0,Estuary,mqims 2016-2020.pdf,Excellent,MODERN,4.51441,103.456,1.0
Terengganu,Kuala Sungai Marang,MMTE005,2017,90.0,Estuary,mqims 2016-2020.pdf,Excellent,MODERN,5.20944,103.214,1.0
Terengganu,Kuala Sungai Paka,MMTE006,2017,80.0,Estuary,mqims 2016-2020.pdf,Good,MODERN,4.655,103.444,1.0
Terengganu,Kuala Sungai Setiu,MMTE007,2017,92.0,Estuary,mqims 2016-2020.pdf,Excellent,MODERN,5.65189,102.764,1.0
N. Sembilan,Kuala Sungai Linggi,MMNE001,2018,65.0,Estuary,mqims 2016-2020.pdf,Moderate,MODERN,2.39101,101.973,1.0
N. Sembilan,Kuala Sungai Lukut,MMNE002,2018,66.0,Estuary,mqims 2016-2020.pdf,Moderate,MODERN,2.57802,101.788,1.0
Melaka,Kuala Sungai Melaka,MMME001,2018,65.0,Estuary,mqims 2016-2020.pdf,Moderate,MODERN,2.18572,102.242,1.0
Melaka,Kuala Sungai Sri Melaka,MMME002,2018,59.0,Estuary,mqims 2016-2020.pdf,Moderate,MODERN,2.20647,102.198,1.0
Melaka,Kuala Sungai Merlimau,MMME003,2018,75.0,Estuary,mqims 2016-2020.pdf,Moderate,MODERN,2.12689,102.414,1.0
Melaka,Kuala Sungai Kesang,MMME004,2018,82.0,Estuary,mqims 2016-2020.pdf,Good,MODERN,2.09814,102.489,1.0
Melaka,Kuala Sungai Sebatu,MMME005,2018,87.0,Estuary,mqims 2016-2020.pdf,Good,MODERN,2.10753,102.462,1.0
Melaka,Kuala Sungai Melaka 2*,MMME006,2018,64.0,Estuary,mqims 2016-2020.pdf,Moderate,MODERN,2.186872,102.243231,1.0
Melaka,Kuala Sungai Baru*,MMME007,2018,83.0,Estuary,mqims 2016-2020.pdf,Good,MODERN,2.35244,102.033,1.0
Melaka,Kuala Sungai Lereh,MMME008,2018,64.0,Estuary,mqims 2016-2020.pdf,Moderate,MODERN,2.22003,102.176,1.0
Johor,Kuala Sungai Melayu,HIST_1437946,2018,,Estuary,mqims 2016-2020.pdf,,LEGACY,,,
Johor,Kuala Sungai Skudai,HIST_1437922,2018,,Estuary,mqims 2016-2020.pdf,,LEGACY,,,
Johor,Kuala Sungai Tebrau,HIST_1438943,2018,,Estuary,mqims 2016-2020.pdf,,LEGACY,,,
Johor,Kuala Sungai Segget,MMJE001,2018,32.0,Estuary,mqims 2016-2020.pdf,Poor,MODERN,1.45583,103.766,1.0
Johor,Kuala Sungai Laloh,MMJE002,2018,61.0,Estuary,mqims 2016-2020.pdf,Moderate,MODERN,1.43514,103.924,1.0
Johor,Kuala Sungai Johor,MMJE003,2018,92.0,Estuary,mqims 2016-2020.pdf,Excellent,MODERN,1.48444,104.023,1.0
Johor,Kuala Sungai Batu Pahat,MMJE004,2018,80.0,Estuary,mqims 2016-2020.pdf,Good,MODERN,1.81451,102.89,1.0
Johor,Kuala Sungai Muar,MMJE005,2018,66.0,Estuary,mqims 2016-2020.pdf,Moderate,MODERN,2.05212,102.552,1.0
Johor,Kuala Sungai Mersing,MMJE006,2018,67.0,Estuary,mqims 2016-2020.pdf,Moderate,MODERN,2.43681,103.842,1.0
Pahang,Kuala Kuantan*,MMCE001,2018,67.0,Estuary,mqims 2016-2020.pdf,Moderate,MODERN,3.80482,103.343,1.0
Pahang,Kuala Rompin Kecil*,MMCE002,2018,93.0,Estuary,mqims 2016-2020.pdf,Excellent,MODERN,2.82218,103.485,1.0
Pahang,Kuala Pahang*,MMCE003,2018,73.0,Estuary,mqims 2016-2020.pdf,Moderate,MODERN,3.53044,103.472,1.0
Pahang,Kuala Nenasi*,MMCE004,2018,94.0,Estuary,mqims 2016-2020.pdf,Excellent,MODERN,3.08099,103.441,1.0
Pahang,Kuala Sungai Balok*,MMCE005,2018,66.0,Estuary,mqims 2016-2020.pdf,Moderate,MODERN,3.93492,103.377,1.0
Terengganu,Kuala Sungai Besut,MMTE001,2018,67.0,Estuary,mqims 2016-2020.pdf,Moderate,MODERN,5.83411,102.558,1.0
Terengganu,Kuala Sungai Dungun,MMTE002,2018,86.0,Estuary,mqims 2016-2020.pdf,Good,MODERN,4.78108,103.428,1.0
Terengganu,Kuala Sungai Ibai,MMTE003,2018,93.0,Estuary,mqims 2016-2020.pdf,Excellent,MODERN,5.28899,103.176,1.0
Terengganu,Kuala Sungai Kerteh,MMTE004,2018,92.0,Estuary,mqims 2016-2020.pdf,Excellent,MODERN,4.51441,103.456,1.0
Terengganu,Kuala Sungai Marang,MMTE005,2018,91.0,Estuary,mqims 2016-2020.pdf,Excellent,MODERN,5.20944,103.214,1.0
Terengganu,Kuala Sungai Paka,MMTE006,2018,94.0,Estuary,mqims 2016-2020.pdf,Excellent,MODERN,4.655,103.444,1.0
Terengganu,Kuala Sungai Setiu,MMTE007,2018,93.0,Estuary,mqims 2016-2020.pdf,Excellent,MODERN,5.65189,102.764,1.0
N. Sembilan,Kuala Sungai Linggi,MMNE001,2019,52.0,Estuary,mqims 2016-2020.pdf,Moderate,MODERN,2.39101,101.973,1.0
N. Sembilan,Kuala Sungai Lukut,MMNE002,2019,52.0,Estuary,mqims 2016-2020.pdf,Moderate,MODERN,2.57802,101.788,1.0
Melaka,Kuala Sungai Melaka,MMME001,2019,55.0,Estuary,mqims 2016-2020.pdf,Moderate,MODERN,2.18572,102.242,1.0
Melaka,Kuala Sungai Sri Melaka,MMME002,2019,45.0,Estuary,mqims 2016-2020.pdf,Poor,MODERN,2.20647,102.198,1.0
Melaka,Kuala Sungai Merlimau,MMME003,2019,52.0,Estuary,mqims 2016-2020.pdf,Moderate,MODERN,2.12689,102.414,1.0
Melaka,Kuala Sungai Kesang,MMME004,2019,54.0,Estuary,mqims 2016-2020.pdf,Moderate,MODERN,2.09814,102.489,1.0
Melaka,Kuala Sungai Sebatu,MMME005,2019,56.0,Estuary,mqims 2016-2020.pdf,Moderate,MODERN,2.10753,102.462,1.0
Melaka,Kuala Sungai Melaka 2*,MMME006,2019,52.0,Estuary,mqims 2016-2020.pdf,Moderate,MODERN,2.186872,102.243231,1.0
Melaka,Kuala Sungai Baru*,MMME007,2019,55.0,Estuary,mqims 2016-2020.pdf,Moderate,MODERN,2.35244,102.033,1.0
Melaka,Kuala Sungai Lereh,MMME008,2019,55.0,Estuary,mqims 2016-2020.pdf,Moderate,MODERN,2.22003,102.176,1.0
Johor,Kuala Sungai Melayu,HIST_1437946,2019,,Estuary,mqims 2016-2020.pdf,,LEGACY,,,
Johor,Kuala Sungai Skudai,HIST_1437922,2019,,Estuary,mqims 2016-2020.pdf,,LEGACY,,,
Johor,Kuala Sungai Tebrau,HIST_1438943,2019,,Estuary,mqims 2016-2020.pdf,,LEGACY,,,
Johor,Kuala Sungai Segget,MMJE001,2019,33.0,Estuary,mqims 2016-2020.pdf,Poor,MODERN,1.45583,103.766,1.0
Johor,Kuala Sungai Laloh,MMJE002,2019,39.0,Estuary,mqims 2016-2020.pdf,Poor,MODERN,1.43514,103.924,1.0
Johor,Kuala Sungai Johor,MMJE003,2019,72.0,Estuary,mqims 2016-2020.pdf,Moderate,MODERN,1.48444,104.023,1.0
Johor,Kuala Sungai Batu Pahat,MMJE004,2019,57.0,Estuary,mqims 2016-2020.pdf,Moderate,MODERN,1.81451,102.89,1.0
Johor,Kuala Sungai Muar,MMJE005,2019,55.0,Estuary,mqims 2016-2020.pdf,Moderate,MODERN,2.05212,102.552,1.0
Johor,Kuala Sungai Mersing,MMJE006,2019,59.0,Estuary,mqims 2016-2020.pdf,Moderate,MODERN,2.43681,103.842,1.0
Pahang,Kuala Kuantan*,MMCE001,2019,56.0,Estuary,mqims 2016-2020.pdf,Moderate,MODERN,3.80482,103.343,1.0
Pahang,Kuala Rompin Kecil*,MMCE002,2019,69.0,Estuary,mqims 2016-2020.pdf,Moderate,MODERN,2.82218,103.485,1.0
Pahang,Kuala Pahang*,MMCE003,2019,59.0,Estuary,mqims 2016-2020.pdf,Moderate,MODERN,3.53044,103.472,1.0
Pahang,Kuala Nenasi*,MMCE004,2019,63.0,Estuary,mqims 2016-2020.pdf,Moderate,MODERN,3.08099,103.441,1.0
Pahang,Kuala Sungai Balok*,MMCE005,2019,57.0,Estuary,mqims 2016-2020.pdf,Moderate,MODERN,3.93492,103.377,1.0
Terengganu,Kuala Sungai Besut,MMTE001,2019,58.0,Estuary,mqims 2016-2020.pdf,Moderate,MODERN,5.83411,102.558,1.0
Terengganu,Kuala Sungai Dungun,MMTE002,2019,59.0,Estuary,mqims 2016-2020.pdf,Moderate,MODERN,4.78108,103.428,1.0
Terengganu,Kuala Sungai Ibai,MMTE003,2019,85.0,Estuary,mqims 2016-2020.pdf,Good,MODERN,5.28899,103.176,1.0
Terengganu,Kuala Sungai Kerteh,MMTE004,2019,59.0,Estuary,mqims 2016-2020.pdf,Moderate,MODERN,4.51441,103.456,1.0
Terengganu,Kuala Sungai Marang,MMTE005,2019,67.0,Estuary,mqims 2016-2020.pdf,Moderate,MODERN,5.20944,103.214,1.0
Terengganu,Kuala Sungai Paka,MMTE006,2019,58.0,Estuary,mqims 2016-2020.pdf,Moderate,MODERN,4.655,103.444,1.0
Terengganu,Kuala Sungai Setiu,MMTE007,2019,86.0,Estuary,mqims 2016-2020.pdf,Good,MODERN,5.65189,102.764,1.0
N. Sembilan,Kuala Sungai Linggi,MMNE001,2020,64.0,Estuary,mqims 2016-2020.pdf,Moderate,MODERN,2.39101,101.973,1.0
N. Sembilan,Kuala Sungai Lukut,MMNE002,2020,52.0,Estuary,mqims 2016-2020.pdf,Moderate,MODERN,2.57802,101.788,1.0
Melaka,Kuala Sungai Melaka,MMME001,2020,56.0,Estuary,mqims 2016-2020.pdf,Moderate,MODERN,2.18572,102.242,1.0
Melaka,Kuala Sungai Sri Melaka,MMME002,2020,53.0,Estuary,mqims 2016-2020.pdf,Moderate,MODERN,2.20647,102.198,1.0
Melaka,Kuala Sungai Merlimau,MMME003,2020,55.0,Estuary,mqims 2016-2020.pdf,Moderate,MODERN,2.12689,102.414,1.0
Melaka,Kuala Sungai Kesang,MMME004,2020,85.0,Estuary,mqims 2016-2020.pdf,Good,MODERN,2.09814,102.489,1.0
Melaka,Kuala Sungai Sebatu,MMME005,2020,63.0,Estuary,mqims 2016-2020.pdf,Moderate,MODERN,2.10753,102.462,1.0
Melaka,Kuala Sungai Melaka 2*,MMME006,2020,54.0,Estuary,mqims 2016-2020.pdf,Moderate,MODERN,2.186872,102.243231,1.0
Melaka,Kuala Sungai Baru*,MMME007,2020,56.0,Estuary,mqims 2016-2020.pdf,Moderate,MODERN,2.35244,102.033,1.0
Melaka,Kuala Sungai Lereh,MMME008,2020,57.0,Estuary,mqims 2016-2020.pdf,Moderate,MODERN,2.22003,102.176,1.0
Johor,Kuala Sungai Melayu,HIST_1437946,2020,,Estuary,mqims 2016-2020.pdf,,LEGACY,,,
Johor,Kuala Sungai Skudai,HIST_1437922,2020,,Estuary,mqims 2016-2020.pdf,,LEGACY,,,
Johor,Kuala Sungai Tebrau,HIST_1438943,2020,,Estuary,mqims 2016-2020.pdf,,LEGACY,,,
Johor,Kuala Sungai Segget,MMJE001,2020,41.0,Estuary,mqims 2016-2020.pdf,Poor,MODERN,1.45583,103.766,1.0
Johor,Kuala Sungai Laloh,MMJE002,2020,42.0,Estuary,mqims 2016-2020.pdf,Poor,MODERN,1.43514,103.924,1.0
Johor,Kuala Sungai Johor,MMJE003,2020,88.0,Estuary,mqims 2016-2020.pdf,Good,MODERN,1.48444,104.023,1.0
Johor,Kuala Sungai Batu Pahat,MMJE004,2020,67.0,Estuary,mqims 2016-2020.pdf,Moderate,MODERN,1.81451,102.89,1.0
Johor,Kuala Sungai Muar,MMJE005,2020,57.0,Estuary,mqims 2016-2020.pdf,Moderate,MODERN,2.05212,102.552,1.0
Johor,Kuala Sungai Mersing,MMJE006,2020,62.0,Estuary,mqims 2016-2020.pdf,Moderate,MODERN,2.43681,103.842,1.0
Pahang,Kuala Kuantan*,MMCE001,2020,59.0,Estuary,mqims 2016-2020.pdf,Moderate,MODERN,3.80482,103.343,1.0
Pahang,Kuala Rompin Kecil*,MMCE002,2020,79.0,Estuary,mqims 2016-2020.pdf,Moderate,MODERN,2.82218,103.485,1.0
Pahang,Kuala Pahang*,MMCE003,2020,59.0,Estuary,mqims 2016-2020.pdf,Moderate,MODERN,3.53044,103.472,1.0
Pahang,Kuala Nenasi*,MMCE004,2020,93.0,Estuary,mqims 2016-2020.pdf,Excellent,MODERN,3.08099,103.441,1.0
Pahang,Kuala Sungai Balok*,MMCE005,2020,59.0,Estuary,mqims 2016-2020.pdf,Moderate,MODERN,3.93492,103.377,1.0
Terengganu,Kuala Sungai Besut,MMTE001,2020,59.0,Estuary,mqims 2016-2020.pdf,Moderate,MODERN,5.83411,102.558,1.0
Terengganu,Kuala Sungai Dungun,MMTE002,2020,60.0,Estuary,mqims 2016-2020.pdf,Moderate,MODERN,4.78108,103.428,1.0
Terengganu,Kuala Sungai Ibai,MMTE003,2020,77.0,Estuary,mqims 2016-2020.pdf,Moderate,MODERN,5.28899,103.176,1.0
Terengganu,Kuala Sungai Kerteh,MMTE004,2020,73.0,Estuary,mqims 2016-2020.pdf,Moderate,MODERN,4.51441,103.456,1.0
Terengganu,Kuala Sungai Marang,MMTE005,2020,71.0,Estuary,mqims 2016-2020.pdf,Moderate,MODERN,5.20944,103.214,1.0
Terengganu,Kuala Sungai Paka,MMTE006,2020,73.0,Estuary,mqims 2016-2020.pdf,Moderate,MODERN,4.655,103.444,1.0
Terengganu,Kuala Sungai Setiu,MMTE007,2020,64.0,Estuary,mqims 2016-2020.pdf,Moderate,MODERN,5.65189,102.764,1.0
Terengganu,Kuala Sungai Terengganu,MMTE008,2016,55.0,Estuary,mqims 2016-2020.pdf,Moderate,MODERN,5.33979,103.152,1.0
Terengganu,Kuala Sungai Kemaman / Chukai,MMTE009,2016,56.0,Estuary,mqims 2016-2020.pdf,Moderate,MODERN,4.22637,103.447,1.0
Terengganu,"Tioxide Utara (Kg. Bukit Kuang, Kijal)",MMTE010,2016,63.0,Estuary,mqims 2016-2020.pdf,Moderate,MODERN,4.27831,103.479,1.0
Terengganu,"Tioxide Tengah (Pupuk Semangat, Kijal)",MMTE011,2016,61.0,Estuary,mqims 2016-2020.pdf,Moderate,MODERN,4.2705,103.478,1.0
Terengganu,"Tioxide Selatan (KSB, T. Kalong)",MMTE012,2016,,Estuary,mqims 2016-2020.pdf,,MODERN,4.25114,103.466,1.0
Terengganu,Pulau Duyung,MMTE013,2016,57.0,Estuary,mqims 2016-2020.pdf,Moderate,MODERN,5.33489,103.129,1.0
Kelantan,Kuala Sungai Golok,MMDE001,2016,76.0,Estuary,mqims 2016-2020.pdf,Moderate,MODERN,6.23286,102.09,1.0
Kelantan,Kuala Sungai Kelantan,MMDE002,2016,74.0,Estuary,mqims 2016-2020.pdf,Moderate,MODERN,6.21685,102.237,1.0
Kelantan,Kuala Sungai Pengkalan Chepa,MMDE003,2016,72.0,Estuary,mqims 2016-2020.pdf,Moderate,MODERN,6.18574,102.303,1.0
Kelantan,Kuala Sungai Pengkalan Datu,MMDE004,2016,61.0,Estuary,mqims 2016-2020.pdf,Moderate,MODERN,6.16928,102.344,1.0
Kelantan,Kuala Sungai Kemasin,MMDE005,2016,57.0,Estuary,mqims 2016-2020.pdf,Moderate,MODERN,6.13006,102.371,1.0
Kelantan,Kuala Sungai Semerak*,MMDE006,2016,,Estuary,mqims 2016-2020.pdf,,MODERN,5.89734,102.486,1.0
Sarawak,Kuala Sungai Semantan,MMQE001,2016,90.0,Estuary,mqims 2016-2020.pdf,Excellent,MODERN,1.81153,109.781,1.0
Sarawak,Kuala Sungai Sarawak,MMQE002,2016,70.0,Estuary,mqims 2016-2020.pdf,Moderate,MODERN,1.64103,110.49,1.0
Sarawak,Kuala Sungai Bako,MMQE003,2016,66.0,Estuary,mqims 2016-2020.pdf,Moderate,MODERN,1.68306,110.423,1.0
Sarawak,Kuala Sungai Santubong,MMQE004,2016,89.0,Estuary,mqims 2016-2020.pdf,Good,MODERN,1.70127,110.297,1.0
Sarawak,Kuala Batang Krian (Kabong),MMQE005,2016,73.0,Estuary,mqims 2016-2020.pdf,Moderate,MODERN,1.78889,111.099,1.0
Sarawak,Kuala Batang Rejang,MMQE006,2016,87.0,Estuary,mqims 2016-2020.pdf,Good,MODERN,2.12278,111.189,1.0
Sarawak,Kuala Mukah,MMQE007,2016,89.0,Estuary,mqims 2016-2020.pdf,Good,MODERN,2.91466,112.095,1.0
Sarawak,Kuala Batang Kemena,MMQE008,2016,69.0,Estuary,mqims 2016-2020.pdf,Moderate,MODERN,3.1815,113.029,1.0
Sarawak,Kuala Tanjung Similajau,MMQE009,2016,92.0,Estuary,mqims 2016-2020.pdf,Excellent,MODERN,3.51792,113.301,1.0
Sarawak,Kuala Sungai Panipah,MMQE010,2016,92.0,Estuary,mqims 2016-2020.pdf,Excellent,MODERN,3.46967,113.261,1.0
Sarawak,Kuala Pantai Nyalau,MMQE011,2016,86.0,Estuary,mqims 2016-2020.pdf,Good,MODERN,3.64283,113.383,1.0
Sarawak,Kuala Sungai Baram,MMQE012,2016,66.0,Estuary,mqims 2016-2020.pdf,Moderate,MODERN,4.597,113.969,1.0
Sarawak,Kuala Sungai Miri,MMQE013,2016,68.0,Estuary,mqims 2016-2020.pdf,Moderate,MODERN,4.39932,113.978,1.0
Sarawak,Kuala Sungai Trusan*,MMQE014,2016,,Estuary,mqims 2016-2020.pdf,,MODERN,2.87553,111.878,1.0
Sabah,Kuala Penyu,MMSE001,2016,66.0,Estuary,mqims 2016-2020.pdf,Moderate,MODERN,5.57273,115.605,1.0
Sabah,Muara Sungai Inanam,MMSE002,2016,45.0,Estuary,mqims 2016-2020.pdf,Poor,MODERN,6.01272,116.11,1.0
Terengganu,Kuala Sungai Terengganu,MMTE008,2017,66.0,Estuary,mqims 2016-2020.pdf,Moderate,MODERN,5.33979,103.152,1.0
Terengganu,Kuala Sungai Kemaman / Chukai,MMTE009,2017,90.0,Estuary,mqims 2016-2020.pdf,Excellent,MODERN,4.22637,103.447,1.0
Terengganu,"Tioxide Utara (Kg. Bukit Kuang, Kijal)",MMTE010,2017,89.0,Estuary,mqims 2016-2020.pdf,Good,MODERN,4.27831,103.479,1.0
Terengganu,"Tioxide Tengah (Pupuk Semangat, Kijal)",MMTE011,2017,90.0,Estuary,mqims 2016-2020.pdf,Excellent,MODERN,4.2705,103.478,1.0
Terengganu,"Tioxide Selatan (KSB, T. Kalong)",MMTE012,2017,94.0,Estuary,mqims 2016-2020.pdf,Excellent,MODERN,4.25114,103.466,1.0
Terengganu,Pulau Duyung,MMTE013,2017,66.0,Estuary,mqims 2016-2020.pdf,Moderate,MODERN,5.33489,103.129,1.0
Kelantan,Kuala Sungai Golok,MMDE001,2017,75.0,Estuary,mqims 2016-2020.pdf,Moderate,MODERN,6.23286,102.09,1.0
Kelantan,Kuala Sungai Kelantan,MMDE002,2017,79.0,Estuary,mqims 2016-2020.pdf,Moderate,MODERN,6.21685,102.237,1.0
Kelantan,Kuala Sungai Pengkalan Chepa,MMDE003,2017,89.0,Estuary,mqims 2016-2020.pdf,Good,MODERN,6.18574,102.303,1.0
Kelantan,Kuala Sungai Pengkalan Datu,MMDE004,2017,86.0,Estuary,mqims 2016-2020.pdf,Good,MODERN,6.16928,102.344,1.0
Kelantan,Kuala Sungai Kemasin,MMDE005,2017,63.0,Estuary,mqims 2016-2020.pdf,Moderate,MODERN,6.13006,102.371,1.0
Kelantan,Kuala Sungai Semerak*,MMDE006,2017,87.0,Estuary,mqims 2016-2020.pdf,Good,MODERN,5.89734,102.486,1.0
Sarawak,Kuala Sungai Semantan,MMQE001,2017,86.0,Estuary,mqims 2016-2020.pdf,Good,MODERN,1.81153,109.781,1.0
Sarawak,Kuala Sungai Sarawak,MMQE002,2017,85.0,Estuary,mqims 2016-2020.pdf,Good,MODERN,1.64103,110.49,1.0
Sarawak,Kuala Sungai Bako,MMQE003,2017,55.0,Estuary,mqims 2016-2020.pdf,Moderate,MODERN,1.68306,110.423,1.0
Sarawak,Kuala Sungai Santubong,MMQE004,2017,87.0,Estuary,mqims 2016-2020.pdf,Good,MODERN,1.70127,110.297,1.0
Sarawak,Kuala Batang Krian (Kabong),MMQE005,2017,64.0,Estuary,mqims 2016-2020.pdf,Moderate,MODERN,1.78889,111.099,1.0
Sarawak,Kuala Batang Rejang,MMQE006,2017,83.0,Estuary,mqims 2016-2020.pdf,Good,MODERN,2.12278,111.189,1.0
Sarawak,Kuala Mukah,MMQE007,2017,72.0,Estuary,mqims 2016-2020.pdf,Moderate,MODERN,2.91466,112.095,1.0
Sarawak,Kuala Batang Kemena,MMQE008,2017,68.0,Estuary,mqims 2016-2020.pdf,Moderate,MODERN,3.1815,113.029,1.0
Sarawak,Kuala Tanjung Similajau,MMQE009,2017,84.0,Estuary,mqims 2016-2020.pdf,Good,MODERN,3.51792,113.301,1.0
Sarawak,Kuala Sungai Panipah,MMQE010,2017,86.0,Estuary,mqims 2016-2020.pdf,Good,MODERN,3.46967,113.261,1.0
Sarawak,Kuala Pantai Nyalau,MMQE011,2017,84.0,Estuary,mqims 2016-2020.pdf,Good,MODERN,3.64283,113.383,1.0
Sarawak,Kuala Sungai Baram,MMQE012,2017,72.0,Estuary,mqims 2016-2020.pdf,Moderate,MODERN,4.597,113.969,1.0
Sarawak,Kuala Sungai Miri,MMQE013,2017,61.0,Estuary,mqims 2016-2020.pdf,Moderate,MODERN,4.39932,113.978,1.0
Sarawak,Kuala Sungai Trusan*,MMQE014,2017,70.0,Estuary,mqims 2016-2020.pdf,Moderate,MODERN,2.87553,111.878,1.0
Sabah,Kuala Penyu,MMSE001,2017,71.0,Estuary,mqims 2016-2020.pdf,Moderate,MODERN,5.57273,115.605,1.0
Sabah,Muara Sungai Inanam,MMSE002,2017,86.0,Estuary,mqims 2016-2020.pdf,Good,MODERN,6.01272,116.11,1.0
Terengganu,Kuala Sungai Terengganu,MMTE008,2018,67.0,Estuary,mqims 2016-2020.pdf,Moderate,MODERN,5.33979,103.152,1.0
Terengganu,Kuala Sungai Kemaman / Chukai,MMTE009,2018,94.0,Estuary,mqims 2016-2020.pdf,Excellent,MODERN,4.22637,103.447,1.0
Terengganu,"Tioxide Utara (Kg. Bukit Kuang, Kijal)",MMTE010,2018,94.0,Estuary,mqims 2016-2020.pdf,Excellent,MODERN,4.27831,103.479,1.0
Terengganu,"Tioxide Tengah (Pupuk Semangat, Kijal)",MMTE011,2018,94.0,Estuary,mqims 2016-2020.pdf,Excellent,MODERN,4.2705,103.478,1.0
Terengganu,"Tioxide Selatan (KSB, T. Kalong)",MMTE012,2018,94.0,Estuary,mqims 2016-2020.pdf,Excellent,MODERN,4.25114,103.466,1.0
Terengganu,Pulau Duyung,MMTE013,2018,66.0,Estuary,mqims 2016-2020.pdf,Moderate,MODERN,5.33489,103.129,1.0
Kelantan,Kuala Sungai Golok,MMDE001,2018,67.0,Estuary,mqims 2016-2020.pdf,Moderate,MODERN,6.23286,102.09,1.0
Kelantan,Kuala Sungai Kelantan,MMDE002,2018,65.0,Estuary,mqims 2016-2020.pdf,Moderate,MODERN,6.21685,102.237,1.0
Kelantan,Kuala Sungai Pengkalan Chepa,MMDE003,2018,67.0,Estuary,mqims 2016-2020.pdf,Moderate,MODERN,6.18574,102.303,1.0
Kelantan,Kuala Sungai Pengkalan Datu,MMDE004,2018,81.0,Estuary,mqims 2016-2020.pdf,Good,MODERN,6.16928,102.344,1.0
Kelantan,Kuala Sungai Kemasin,MMDE005,2018,67.0,Estuary,mqims 2016-2020.pdf,Moderate,MODERN,6.13006,102.371,1.0
Kelantan,Kuala Sungai Semerak*,MMDE006,2018,67.0,Estuary,mqims 2016-2020.pdf,Moderate,MODERN,5.89734,102.486,1.0
Sarawak,Kuala Sungai Semantan,MMQE001,2018,90.0,Estuary,mqims 2016-2020.pdf,Excellent,MODERN,1.81153,109.781,1.0
Sarawak,Kuala Sungai Sarawak,MMQE002,2018,86.0,Estuary,mqims 2016-2020.pdf,Good,MODERN,1.64103,110.49,1.0
Sarawak,Kuala Sungai Bako,MMQE003,2018,90.0,Estuary,mqims 2016-2020.pdf,Excellent,MODERN,1.68306,110.423,1.0
Sarawak,Kuala Sungai Santubong,MMQE004,2018,88.0,Estuary,mqims 2016-2020.pdf,Good,MODERN,1.70127,110.297,1.0
Sarawak,Kuala Batang Krian (Kabong),MMQE005,2018,76.0,Estuary,mqims 2016-2020.pdf,Moderate,MODERN,1.78889,111.099,1.0
Sarawak,Kuala Batang Rejang,MMQE006,2018,85.0,Estuary,mqims 2016-2020.pdf,Good,MODERN,2.12278,111.189,1.0
Sarawak,Kuala Mukah,MMQE007,2018,83.0,Estuary,mqims 2016-2020.pdf,Good,MODERN,2.91466,112.095,1.0
Sarawak,Kuala Batang Kemena,MMQE008,2018,87.0,Estuary,mqims 2016-2020.pdf,Good,MODERN,3.1815,113.029,1.0
Sarawak,Kuala Tanjung Similajau,MMQE009,2018,89.0,Estuary,mqims 2016-2020.pdf,Good,MODERN,3.51792,113.301,1.0
Sarawak,Kuala Sungai Panipah,MMQE010,2018,89.0,Estuary,mqims 2016-2020.pdf,Good,MODERN,3.46967,113.261,1.0
Sarawak,Kuala Pantai Nyalau,MMQE011,2018,79.0,Estuary,mqims 2016-2020.pdf,Moderate,MODERN,3.64283,113.383,1.0
Sarawak,Kuala Sungai Baram,MMQE012,2018,76.0,Estuary,mqims 2016-2020.pdf,Moderate,MODERN,4.597,113.969,1.0
Sarawak,Kuala Sungai Miri,MMQE013,2018,78.0,Estuary,mqims 2016-2020.pdf,Moderate,MODERN,4.39932,113.978,1.0
Sarawak,Kuala Sungai Trusan*,MMQE014,2018,87.0,Estuary,mqims 2016-2020.pdf,Good,MODERN,2.87553,111.878,1.0
Sabah,Kuala Penyu,MMSE001,2018,92.0,Estuary,mqims 2016-2020.pdf,Excellent,MODERN,5.57273,115.605,1.0
Sabah,Muara Sungai Inanam,MMSE002,2018,91.0,Estuary,mqims 2016-2020.pdf,Excellent,MODERN,6.01272,116.11,1.0
Terengganu,Kuala Sungai Terengganu,MMTE008,2019,59.0,Estuary,mqims 2016-2020.pdf,Moderate,MODERN,5.33979,103.152,1.0
Terengganu,Kuala Sungai Kemaman / Chukai,MMTE009,2019,59.0,Estuary,mqims 2016-2020.pdf,Moderate,MODERN,4.22637,103.447,1.0
Terengganu,"Tioxide Utara (Kg. Bukit Kuang, Kijal)",MMTE010,2019,95.0,Estuary,mqims 2016-2020.pdf,Excellent,MODERN,4.27831,103.479,1.0
Terengganu,"Tioxide Tengah (Pupuk Semangat, Kijal)",MMTE011,2019,94.0,Estuary,mqims 2016-2020.pdf,Excellent,MODERN,4.2705,103.478,1.0
Terengganu,"Tioxide Selatan (KSB, T. Kalong)",MMTE012,2019,85.0,Estuary,mqims 2016-2020.pdf,Good,MODERN,4.25114,103.466,1.0
Terengganu,Pulau Duyung,MMTE013,2019,58.0,Estuary,mqims 2016-2020.pdf,Moderate,MODERN,5.33489,103.129,1.0
Kelantan,Kuala Sungai Golok,MMDE001,2019,58.0,Estuary,mqims 2016-2020.pdf,Moderate,MODERN,6.23286,102.09,1.0
Kelantan,Kuala Sungai Kelantan,MMDE002,2019,55.0,Estuary,mqims 2016-2020.pdf,Moderate,MODERN,6.21685,102.237,1.0
Kelantan,Kuala Sungai Pengkalan Chepa,MMDE003,2019,53.0,Estuary,mqims 2016-2020.pdf,Moderate,MODERN,6.18574,102.303,1.0
Kelantan,Kuala Sungai Pengkalan Datu,MMDE004,2019,68.0,Estuary,mqims 2016-2020.pdf,Moderate,MODERN,6.16928,102.344,1.0
Kelantan,Kuala Sungai Kemasin,MMDE005,2019,39.0,Estuary,mqims 2016-2020.pdf,Poor,MODERN,6.13006,102.371,1.0
Kelantan,Kuala Sungai Semerak*,MMDE006,2019,69.0,Estuary,mqims 2016-2020.pdf,Moderate,MODERN,5.89734,102.486,1.0
Sarawak,Kuala Sungai Semantan,MMQE001,2019,91.0,Estuary,mqims 2016-2020.pdf,Excellent,MODERN,1.81153,109.781,1.0
Sarawak,Kuala Sungai Sarawak,MMQE002,2019,86.0,Estuary,mqims 2016-2020.pdf,Good,MODERN,1.64103,110.49,1.0
Sarawak,Kuala Sungai Bako,MMQE003,2019,63.0,Estuary,mqims 2016-2020.pdf,Moderate,MODERN,1.68306,110.423,1.0
Sarawak,Kuala Sungai Santubong,MMQE004,2019,87.0,Estuary,mqims 2016-2020.pdf,Good,MODERN,1.70127,110.297,1.0
Sarawak,Kuala Batang Krian (Kabong),MMQE005,2019,80.0,Estuary,mqims 2016-2020.pdf,Good,MODERN,1.78889,111.099,1.0
Sarawak,Kuala Batang Rejang,MMQE006,2019,89.0,Estuary,mqims 2016-2020.pdf,Good,MODERN,2.12278,111.189,1.0
Sarawak,Kuala Mukah,MMQE007,2019,76.0,Estuary,mqims 2016-2020.pdf,Moderate,MODERN,2.91466,112.095,1.0
Sarawak,Kuala Batang Kemena,MMQE008,2019,83.0,Estuary,mqims 2016-2020.pdf,Good,MODERN,3.1815,113.029,1.0
Sarawak,Kuala Tanjung Similajau,MMQE009,2019,84.0,Estuary,mqims 2016-2020.pdf,Good,MODERN,3.51792,113.301,1.0
Sarawak,Kuala Sungai Panipah,MMQE010,2019,87.0,Estuary,mqims 2016-2020.pdf,Good,MODERN,3.46967,113.261,1.0
Sarawak,Kuala Pantai Nyalau,MMQE011,2019,83.0,Estuary,mqims 2016-2020.pdf,Good,MODERN,3.64283,113.383,1.0
Sarawak,Kuala Sungai Baram,MMQE012,2019,74.0,Estuary,mqims 2016-2020.pdf,Moderate,MODERN,4.597,113.969,1.0
Sarawak,Kuala Sungai Miri,MMQE013,2019,74.0,Estuary,mqims 2016-2020.pdf,Moderate,MODERN,4.39932,113.978,1.0
Sarawak,Kuala Sungai Trusan*,MMQE014,2019,80.0,Estuary,mqims 2016-2020.pdf,Good,MODERN,2.87553,111.878,1.0
Sabah,Kuala Penyu,MMSE001,2019,83.0,Estuary,mqims 2016-2020.pdf,Good,MODERN,5.57273,115.605,1.0
Sabah,Muara Sungai Inanam,MMSE002,2019,75.0,Estuary,mqims 2016-2020.pdf,Moderate,MODERN,6.01272,116.11,1.0
Terengganu,Kuala Sungai Terengganu,MMTE008,2020,59.0,Estuary,mqims 2016-2020.pdf,Moderate,MODERN,5.33979,103.152,1.0
Terengganu,Kuala Sungai Kemaman / Chukai,MMTE009,2020,60.0,Estuary,mqims 2016-2020.pdf,Moderate,MODERN,4.22637,103.447,1.0
Terengganu,"Tioxide Utara (Kg. Bukit Kuang, Kijal)",MMTE010,2020,94.0,Estuary,mqims 2016-2020.pdf,Excellent,MODERN,4.27831,103.479,1.0
Terengganu,"Tioxide Tengah (Pupuk Semangat, Kijal)",MMTE011,2020,87.0,Estuary,mqims 2016-2020.pdf,Good,MODERN,4.2705,103.478,1.0
Terengganu,"Tioxide Selatan (KSB, T. Kalong)",MMTE012,2020,94.0,Estuary,mqims 2016-2020.pdf,Excellent,MODERN,4.25114,103.466,1.0
Terengganu,Pulau Duyung,MMTE013,2020,59.0,Estuary,mqims 2016-2020.pdf,Moderate,MODERN,5.33489,103.129,1.0
Kelantan,Kuala Sungai Golok,MMDE001,2020,59.0,Estuary,mqims 2016-2020.pdf,Moderate,MODERN,6.23286,102.09,1.0
Kelantan,Kuala Sungai Kelantan,MMDE002,2020,58.0,Estuary,mqims 2016-2020.pdf,Moderate,MODERN,6.21685,102.237,1.0
Kelantan,Kuala Sungai Pengkalan Chepa,MMDE003,2020,56.0,Estuary,mqims 2016-2020.pdf,Moderate,MODERN,6.18574,102.303,1.0
Kelantan,Kuala Sungai Pengkalan Datu,MMDE004,2020,59.0,Estuary,mqims 2016-2020.pdf,Moderate,MODERN,6.16928,102.344,1.0
Kelantan,Kuala Sungai Kemasin,MMDE005,2020,56.0,Estuary,mqims 2016-2020.pdf,Moderate,MODERN,6.13006,102.371,1.0
Kelantan,Kuala Sungai Semerak*,MMDE006,2020,59.0,Estuary,mqims 2016-2020.pdf,Moderate,MODERN,5.89734,102.486,1.0
Sarawak,Kuala Sungai Semantan,MMQE001,2020,65.0,Estuary,mqims 2016-2020.pdf,Moderate,MODERN,1.81153,109.781,1.0
Sarawak,Kuala Sungai Sarawak,MMQE002,2020,64.0,Estuary,mqims 2016-2020.pdf,Moderate,MODERN,1.64103,110.49,1.0
Sarawak,Kuala Sungai Bako,MMQE003,2020,56.0,Estuary,mqims 2016-2020.pdf,Moderate,MODERN,1.68306,110.423,1.0
Sarawak,Kuala Sungai Santubong,MMQE004,2020,76.0,Estuary,mqims 2016-2020.pdf,Moderate,MODERN,1.70127,110.297,1.0
Sarawak,Kuala Batang Krian (Kabong),MMQE005,2020,83.0,Estuary,mqims 2016-2020.pdf,Good,MODERN,1.78889,111.099,1.0
Sarawak,Kuala Batang Rejang,MMQE006,2020,66.0,Estuary,mqims 2016-2020.pdf,Moderate,MODERN,2.12278,111.189,1.0
Sarawak,Kuala Mukah,MMQE007,2020,50.0,Estuary,mqims 2016-2020.pdf,Moderate,MODERN,2.91466,112.095,1.0
Sarawak,Kuala Batang Kemena,MMQE008,2020,53.0,Estuary,mqims 2016-2020.pdf,Moderate,MODERN,3.1815,113.029,1.0
Sarawak,Kuala Tanjung Similajau,MMQE009,2020,55.0,Estuary,mqims 2016-2020.pdf,Moderate,MODERN,3.51792,113.301,1.0
Sarawak,Kuala Sungai Panipah,MMQE010,2020,55.0,Estuary,mqims 2016-2020.pdf,Moderate,MODERN,3.46967,113.261,1.0
Sarawak,Kuala Pantai Nyalau,MMQE011,2020,58.0,Estuary,mqims 2016-2020.pdf,Moderate,MODERN,3.64283,113.383,1.0
Sarawak,Kuala Sungai Baram,MMQE012,2020,57.0,Estuary,mqims 2016-2020.pdf,Moderate,MODERN,4.597,113.969,1.0
Sarawak,Kuala Sungai Miri,MMQE013,2020,68.0,Estuary,mqims 2016-2020.pdf,Moderate,MODERN,4.39932,113.978,1.0
Sarawak,Kuala Sungai Trusan*,MMQE014,2020,54.0,Estuary,mqims 2016-2020.pdf,Moderate,MODERN,2.87553,111.878,1.0
Sabah,Kuala Penyu,MMSE001,2020,63.0,Estuary,mqims 2016-2020.pdf,Moderate,MODERN,5.57273,115.605,1.0
Sabah,Muara Sungai Inanam,MMSE002,2020,57.0,Estuary,mqims 2016-2020.pdf,Moderate,MODERN,6.01272,116.11,1.0
Kedah,Singa Besar,MMKR001,2016,61.0,Island,mqims 2016-2020.pdf,Moderate,MODERN,6.22604,99.7354,1.0
Kedah,Dayang Bunting,MMKR002,2016,60.0,Island,mqims 2016-2020.pdf,Moderate,MODERN,6.20725,99.7803,1.0
Kedah,Dayang Bunting 2*,MMKR003,2016,,Island,mqims 2016-2020.pdf,,MODERN,6.203111,99.781489,1.0
Kedah,Pulau Perak,MMKP004,2016,56.0,Island,mqims 2016-2020.pdf,Moderate,MODERN,5.68145,98.936,1.0
Kedah,Payar,MMKM001,2016,75.0,Island,mqims 2016-2020.pdf,Moderate,MODERN,6.06353,100.042,1.0
Kedah,Kaca,MMKM002,2016,74.0,Island,mqims 2016-2020.pdf,Moderate,MODERN,6.07172,100.052,1.0
Kedah,Segantang,MMKM003,2016,70.0,Island,mqims 2016-2020.pdf,Moderate,MODERN,6.04353,99.9261,1.0
Kedah,Pantai Kuah,MMKD001,2016,51.0,Island,mqims 2016-2020.pdf,Moderate,MODERN,6.30881,99.8511,1.0
Kedah,Pantai Chenang,MMKD002,2016,63.0,Island,mqims 2016-2020.pdf,Moderate,MODERN,6.30267,99.7166,1.0
Kedah,Tanjung Rhu,MMKD003,2016,67.0,Island,mqims 2016-2020.pdf,Moderate,MODERN,6.45681,99.8218,1.0
Kedah,Teluk Ewa,MMKD004,2016,74.0,Island,mqims 2016-2020.pdf,Moderate,MODERN,6.43425,99.755,1.0
Kedah,Lembu**,HIST_7KM05,2016,71.0,Island,mqims 2016-2020.pdf,Moderate,LEGACY,,,
Kedah,Pasir*,MMKP001,2016,,Island,mqims 2016-2020.pdf,,MODERN,6.4535,99.7949,1.0
Kedah,Gasing*,MMKP002,2016,,Island,mqims 2016-2020.pdf,,MODERN,6.45413,99.7902,1.0
Kedah,Dangli*,MMKP003,2016,,Island,mqims 2016-2020.pdf,,MODERN,6.44737,99.7776,1.0
Pulau Pinang,Tanjung Tokong*,MMPP001,2016,46.0,Island,mqims 2016-2020.pdf,Poor,MODERN,5.45629,100.315,1.0
Pulau Pinang,Batu Maung,MMPD001,2016,82.0,Island,mqims 2016-2020.pdf,Good,MODERN,5.28524,100.292,1.0
Pulau Pinang,Padang Kota,MMPD002,2016,,Island,mqims 2016-2020.pdf,,MODERN,5.41921,100.346,1.0
Pulau Pinang,Teluk Bahang*,MMPD003,2016,,Island,mqims 2016-2020.pdf,,MODERN,5.46083,100.214,1.0
Pulau Pinang,Aman,MMPR001,2016,72.0,Island,mqims 2016-2020.pdf,Moderate,MODERN,5.26743,100.394,1.0
Pulau Pinang,Jerejak,MMPR002,2016,46.0,Island,mqims 2016-2020.pdf,Poor,MODERN,5.33333,100.317,1.0
Pulau Pinang,Kendi,MMPR003,2016,76.0,Island,mqims 2016-2020.pdf,Moderate,MODERN,5.23038,100.182,1.0
Pulau Pinang,Rimau,MMPR004,2016,51.0,Island,mqims 2016-2020.pdf,Moderate,MODERN,5.24415,100.273,1.0
Pulau Pinang,Gedong,MMPR005,2016,71.0,Island,mqims 2016-2020.pdf,Moderate,MODERN,5.27346,100.39,1.0
Perak,Pantai Teluk Gedong,MMAR001,2016,69.0,Island,mqims 2016-2020.pdf,Moderate,MODERN,4.19421,100.581,1.0
Perak,Pantai Puteri Dewi,MMAR002,2016,56.0,Island,mqims 2016-2020.pdf,Moderate,MODERN,4.25314,100.544,1.0
Perak,Pangkor Laut,MMAR003,2016,79.0,Island,mqims 2016-2020.pdf,Moderate,MODERN,4.20159,100.547,1.0
Perak,Sembilan,MMAR004,2016,52.0,Island,mqims 2016-2020.pdf,Moderate,MODERN,4.00853,100.544,1.0
Perak,Tukun Perak,MMAP001,2016,58.0,Island,mqims 2016-2020.pdf,Moderate,MODERN,4.11689,100.561,1.0
Selangor,Ketam,MMBR001,2016,93.0,Island,mqims 2016-2020.pdf,Excellent,MODERN,3.018,101.258,1.0
Selangor,Angsa,MMBR002,2016,88.0,Island,mqims 2016-2020.pdf,Good,MODERN,3.18556,101.219,1.0
Selangor,Lumut,MMBR003,2016,87.0,Island,mqims 2016-2020.pdf,Good,MODERN,2.9985,101.362,1.0
N. Sembilan,Arang,MMNP001,2016,97.0,Island,mqims 2016-2020.pdf,Excellent,MODERN,2.51647,101.795,1.0
Melaka,Upeh (Point A),MMMR001,2016,58.0,Island,mqims 2016-2020.pdf,Moderate,MODERN,2.19489,102.205,1.0
Melaka,Upeh (Point B),MMMR002,2016,67.0,Island,mqims 2016-2020.pdf,Moderate,MODERN,2.18975,102.203,1.0
Kedah,Singa Besar,MMKR001,2017,90.0,Island,mqims 2016-2020.pdf,Excellent,MODERN,6.22604,99.7354,1.0
Kedah,Dayang Bunting,MMKR002,2017,91.0,Island,mqims 2016-2020.pdf,Excellent,MODERN,6.20725,99.7803,1.0
Kedah,Dayang Bunting 2*,MMKR003,2017,93.0,Island,mqims 2016-2020.pdf,Excellent,MODERN,6.203111,99.781489,1.0
Kedah,Pulau Perak,MMKP004,2017,94.0,Island,mqims 2016-2020.pdf,Excellent,MODERN,5.68145,98.936,1.0
Kedah,Payar,MMKM001,2017,91.0,Island,mqims 2016-2020.pdf,Excellent,MODERN,6.06353,100.042,1.0
Kedah,Kaca,MMKM002,2017,93.0,Island,mqims 2016-2020.pdf,Excellent,MODERN,6.07172,100.052,1.0
Kedah,Segantang,MMKM003,2017,91.0,Island,mqims 2016-2020.pdf,Excellent,MODERN,6.04353,99.9261,1.0
Kedah,Pantai Kuah,MMKD001,2017,92.0,Island,mqims 2016-2020.pdf,Excellent,MODERN,6.30881,99.8511,1.0
Kedah,Pantai Chenang,MMKD002,2017,74.0,Island,mqims 2016-2020.pdf,Moderate,MODERN,6.30267,99.7166,1.0
Kedah,Tanjung Rhu,MMKD003,2017,92.0,Island,mqims 2016-2020.pdf,Excellent,MODERN,6.45681,99.8218,1.0
Kedah,Teluk Ewa,MMKD004,2017,92.0,Island,mqims 2016-2020.pdf,Excellent,MODERN,6.43425,99.755,1.0
Kedah,Lembu**,HIST_7KM05,2017,,Island,mqims 2016-2020.pdf,,LEGACY,,,
Kedah,Pasir*,MMKP001,2017,93.0,Island,mqims 2016-2020.pdf,Excellent,MODERN,6.4535,99.7949,1.0
Kedah,Gasing*,MMKP002,2017,94.0,Island,mqims 2016-2020.pdf,Excellent,MODERN,6.45413,99.7902,1.0
Kedah,Dangli*,MMKP003,2017,92.0,Island,mqims 2016-2020.pdf,Excellent,MODERN,6.44737,99.7776,1.0
Pulau Pinang,Tanjung Tokong*,MMPP001,2017,64.0,Island,mqims 2016-2020.pdf,Moderate,MODERN,5.45629,100.315,1.0
Pulau Pinang,Batu Maung,MMPD001,2017,52.0,Island,mqims 2016-2020.pdf,Moderate,MODERN,5.28524,100.292,1.0
Pulau Pinang,Padang Kota,MMPD002,2017,61.0,Island,mqims 2016-2020.pdf,Moderate,MODERN,5.41921,100.346,1.0
Pulau Pinang,Teluk Bahang*,MMPD003,2017,63.0,Island,mqims 2016-2020.pdf,Moderate,MODERN,5.46083,100.214,1.0
Pulau Pinang,Aman,MMPR001,2017,72.0,Island,mqims 2016-2020.pdf,Moderate,MODERN,5.26743,100.394,1.0
Pulau Pinang,Jerejak,MMPR002,2017,57.0,Island,mqims 2016-2020.pdf,Moderate,MODERN,5.33333,100.317,1.0
Pulau Pinang,Kendi,MMPR003,2017,83.0,Island,mqims 2016-2020.pdf,Good,MODERN,5.23038,100.182,1.0
Pulau Pinang,Rimau,MMPR004,2017,85.0,Island,mqims 2016-2020.pdf,Good,MODERN,5.24415,100.273,1.0
Pulau Pinang,Gedong,MMPR005,2017,63.0,Island,mqims 2016-2020.pdf,Moderate,MODERN,5.27346,100.39,1.0
Perak,Pantai Teluk Gedong,MMAR001,2017,93.0,Island,mqims 2016-2020.pdf,Excellent,MODERN,4.19421,100.581,1.0
Perak,Pantai Puteri Dewi,MMAR002,2017,85.0,Island,mqims 2016-2020.pdf,Good,MODERN,4.25314,100.544,1.0
Perak,Pangkor Laut,MMAR003,2017,92.0,Island,mqims 2016-2020.pdf,Excellent,MODERN,4.20159,100.547,1.0
Perak,Sembilan,MMAR004,2017,89.0,Island,mqims 2016-2020.pdf,Good,MODERN,4.00853,100.544,1.0
Perak,Tukun Perak,MMAP001,2017,93.0,Island,mqims 2016-2020.pdf,Excellent,MODERN,4.11689,100.561,1.0
Selangor,Ketam,MMBR001,2017,88.0,Island,mqims 2016-2020.pdf,Good,MODERN,3.018,101.258,1.0
Selangor,Angsa,MMBR002,2017,85.0,Island,mqims 2016-2020.pdf,Good,MODERN,3.18556,101.219,1.0
Selangor,Lumut,MMBR003,2017,61.0,Island,mqims 2016-2020.pdf,Moderate,MODERN,2.9985,101.362,1.0
N. Sembilan,Arang,MMNP001,2017,68.0,Island,mqims 2016-2020.pdf,Moderate,MODERN,2.51647,101.795,1.0
Melaka,Upeh (Point A),MMMR001,2017,65.0,Island,mqims 2016-2020.pdf,Moderate,MODERN,2.19489,102.205,1.0
Melaka,Upeh (Point B),MMMR002,2017,82.0,Island,mqims 2016-2020.pdf,Good,MODERN,2.18975,102.203,1.0
Kedah,Singa Besar,MMKR001,2018,93.0,Island,mqims 2016-2020.pdf,Excellent,MODERN,6.22604,99.7354,1.0
Kedah,Dayang Bunting,MMKR002,2018,93.0,Island,mqims 2016-2020.pdf,Excellent,MODERN,6.20725,99.7803,1.0
Kedah,Dayang Bunting 2*,MMKR003,2018,93.0,Island,mqims 2016-2020.pdf,Excellent,MODERN,6.203111,99.781489,1.0
Kedah,Pulau Perak,MMKP004,2018,94.0,Island,mqims 2016-2020.pdf,Excellent,MODERN,5.68145,98.936,1.0
Kedah,Payar,MMKM001,2018,94.0,Island,mqims 2016-2020.pdf,Excellent,MODERN,6.06353,100.042,1.0
Kedah,Kaca,MMKM002,2018,94.0,Island,mqims 2016-2020.pdf,Excellent,MODERN,6.07172,100.052,1.0
Kedah,Segantang,MMKM003,2018,94.0,Island,mqims 2016-2020.pdf,Excellent,MODERN,6.04353,99.9261,1.0
Kedah,Pantai Kuah,MMKD001,2018,94.0,Island,mqims 2016-2020.pdf,Excellent,MODERN,6.30881,99.8511,1.0
Kedah,Pantai Chenang,MMKD002,2018,82.0,Island,mqims 2016-2020.pdf,Good,MODERN,6.30267,99.7166,1.0
Kedah,Tanjung Rhu,MMKD003,2018,94.0,Island,mqims 2016-2020.pdf,Excellent,MODERN,6.45681,99.8218,1.0
Kedah,Teluk Ewa,MMKD004,2018,94.0,Island,mqims 2016-2020.pdf,Excellent,MODERN,6.43425,99.755,1.0
Kedah,Lembu**,HIST_7KM05,2018,,Island,mqims 2016-2020.pdf,,LEGACY,,,
Kedah,Pasir*,MMKP001,2018,94.0,Island,mqims 2016-2020.pdf,Excellent,MODERN,6.4535,99.7949,1.0
Kedah,Gasing*,MMKP002,2018,94.0,Island,mqims 2016-2020.pdf,Excellent,MODERN,6.45413,99.7902,1.0
Kedah,Dangli*,MMKP003,2018,94.0,Island,mqims 2016-2020.pdf,Excellent,MODERN,6.44737,99.7776,1.0
Pulau Pinang,Tanjung Tokong*,MMPP001,2018,62.0,Island,mqims 2016-2020.pdf,Moderate,MODERN,5.45629,100.315,1.0
Pulau Pinang,Batu Maung,MMPD001,2018,65.0,Island,mqims 2016-2020.pdf,Moderate,MODERN,5.28524,100.292,1.0
Pulau Pinang,Padang Kota,MMPD002,2018,82.0,Island,mqims 2016-2020.pdf,Good,MODERN,5.41921,100.346,1.0
Pulau Pinang,Teluk Bahang*,MMPD003,2018,66.0,Island,mqims 2016-2020.pdf,Moderate,MODERN,5.46083,100.214,1.0
Pulau Pinang,Aman,MMPR001,2018,88.0,Island,mqims 2016-2020.pdf,Good,MODERN,5.26743,100.394,1.0
Pulau Pinang,Jerejak,MMPR002,2018,65.0,Island,mqims 2016-2020.pdf,Moderate,MODERN,5.33333,100.317,1.0
Pulau Pinang,Kendi,MMPR003,2018,93.0,Island,mqims 2016-2020.pdf,Excellent,MODERN,5.23038,100.182,1.0
Pulau Pinang,Rimau,MMPR004,2018,93.0,Island,mqims 2016-2020.pdf,Excellent,MODERN,5.24415,100.273,1.0
Pulau Pinang,Gedong,MMPR005,2018,86.0,Island,mqims 2016-2020.pdf,Good,MODERN,5.27346,100.39,1.0
Perak,Pantai Teluk Gedong,MMAR001,2018,93.0,Island,mqims 2016-2020.pdf,Excellent,MODERN,4.19421,100.581,1.0
Perak,Pantai Puteri Dewi,MMAR002,2018,92.0,Island,mqims 2016-2020.pdf,Excellent,MODERN,4.25314,100.544,1.0
Perak,Pangkor Laut,MMAR003,2018,94.0,Island,mqims 2016-2020.pdf,Excellent,MODERN,4.20159,100.547,1.0
Perak,Sembilan,MMAR004,2018,92.0,Island,mqims 2016-2020.pdf,Excellent,MODERN,4.00853,100.544,1.0
Perak,Tukun Perak,MMAP001,2018,94.0,Island,mqims 2016-2020.pdf,Excellent,MODERN,4.11689,100.561,1.0
Selangor,Ketam,MMBR001,2018,89.0,Island,mqims 2016-2020.pdf,Good,MODERN,3.018,101.258,1.0
Selangor,Angsa,MMBR002,2018,92.0,Island,mqims 2016-2020.pdf,Excellent,MODERN,3.18556,101.219,1.0
Selangor,Lumut,MMBR003,2018,54.0,Island,mqims 2016-2020.pdf,Moderate,MODERN,2.9985,101.362,1.0
N. Sembilan,Arang,MMNP001,2018,92.0,Island,mqims 2016-2020.pdf,Excellent,MODERN,2.51647,101.795,1.0
Melaka,Upeh (Point A),MMMR001,2018,85.0,Island,mqims 2016-2020.pdf,Good,MODERN,2.19489,102.205,1.0
Melaka,Upeh (Point B),MMMR002,2018,84.0,Island,mqims 2016-2020.pdf,Good,MODERN,2.18975,102.203,1.0
Kedah,Singa Besar,MMKR001,2019,84.0,Island,mqims 2016-2020.pdf,Good,MODERN,6.22604,99.7354,1.0
Kedah,Dayang Bunting,MMKR002,2019,90.0,Island,mqims 2016-2020.pdf,Excellent,MODERN,6.20725,99.7803,1.0
Kedah,Dayang Bunting 2*,MMKR003,2019,84.0,Island,mqims 2016-2020.pdf,Good,MODERN,6.203111,99.781489,1.0
Kedah,Pulau Perak,MMKP004,2019,93.0,Island,mqims 2016-2020.pdf,Excellent,MODERN,5.68145,98.936,1.0
Kedah,Payar,MMKM001,2019,92.0,Island,mqims 2016-2020.pdf,Excellent,MODERN,6.06353,100.042,1.0
Kedah,Kaca,MMKM002,2019,86.0,Island,mqims 2016-2020.pdf,Good,MODERN,6.07172,100.052,1.0
Kedah,Segantang,MMKM003,2019,83.0,Island,mqims 2016-2020.pdf,Good,MODERN,6.04353,99.9261,1.0
Kedah,Pantai Kuah,MMKD001,2019,85.0,Island,mqims 2016-2020.pdf,Good,MODERN,6.30881,99.8511,1.0
Kedah,Pantai Chenang,MMKD002,2019,73.0,Island,mqims 2016-2020.pdf,Moderate,MODERN,6.30267,99.7166,1.0
Kedah,Tanjung Rhu,MMKD003,2019,91.0,Island,mqims 2016-2020.pdf,Excellent,MODERN,6.45681,99.8218,1.0
Kedah,Teluk Ewa,MMKD004,2019,95.0,Island,mqims 2016-2020.pdf,Excellent,MODERN,6.43425,99.755,1.0
Kedah,Lembu**,HIST_7KM05,2019,,Island,mqims 2016-2020.pdf,,LEGACY,,,
Kedah,Pasir*,MMKP001,2019,94.0,Island,mqims 2016-2020.pdf,Excellent,MODERN,6.4535,99.7949,1.0
Kedah,Gasing*,MMKP002,2019,94.0,Island,mqims 2016-2020.pdf,Excellent,MODERN,6.45413,99.7902,1.0
Kedah,Dangli*,MMKP003,2019,95.0,Island,mqims 2016-2020.pdf,Excellent,MODERN,6.44737,99.7776,1.0
Pulau Pinang,Tanjung Tokong*,MMPP001,2019,55.0,Island,mqims 2016-2020.pdf,Moderate,MODERN,5.45629,100.315,1.0
Pulau Pinang,Batu Maung,MMPD001,2019,58.0,Island,mqims 2016-2020.pdf,Moderate,MODERN,5.28524,100.292,1.0
Pulau Pinang,Padang Kota,MMPD002,2019,59.0,Island,mqims 2016-2020.pdf,Moderate,MODERN,5.41921,100.346,1.0
Pulau Pinang,Teluk Bahang*,MMPD003,2019,57.0,Island,mqims 2016-2020.pdf,Moderate,MODERN,5.46083,100.214,1.0
Pulau Pinang,Aman,MMPR001,2019,60.0,Island,mqims 2016-2020.pdf,Moderate,MODERN,5.26743,100.394,1.0
Pulau Pinang,Jerejak,MMPR002,2019,57.0,Island,mqims 2016-2020.pdf,Moderate,MODERN,5.33333,100.317,1.0
Pulau Pinang,Kendi,MMPR003,2019,77.0,Island,mqims 2016-2020.pdf,Moderate,MODERN,5.23038,100.182,1.0
Pulau Pinang,Rimau,MMPR004,2019,85.0,Island,mqims 2016-2020.pdf,Good,MODERN,5.24415,100.273,1.0
Pulau Pinang,Gedong,MMPR005,2019,56.0,Island,mqims 2016-2020.pdf,Moderate,MODERN,5.27346,100.39,1.0
Perak,Pantai Teluk Gedong,MMAR001,2019,88.0,Island,mqims 2016-2020.pdf,Good,MODERN,4.19421,100.581,1.0
Perak,Pantai Puteri Dewi,MMAR002,2019,69.0,Island,mqims 2016-2020.pdf,Moderate,MODERN,4.25314,100.544,1.0
Perak,Pangkor Laut,MMAR003,2019,90.0,Island,mqims 2016-2020.pdf,Excellent,MODERN,4.20159,100.547,1.0
Perak,Sembilan,MMAR004,2019,86.0,Island,mqims 2016-2020.pdf,Good,MODERN,4.00853,100.544,1.0
Perak,Tukun Perak,MMAP001,2019,82.0,Island,mqims 2016-2020.pdf,Good,MODERN,4.11689,100.561,1.0
Selangor,Ketam,MMBR001,2019,57.0,Island,mqims 2016-2020.pdf,Moderate,MODERN,3.018,101.258,1.0
Selangor,Angsa,MMBR002,2019,71.0,Island,mqims 2016-2020.pdf,Moderate,MODERN,3.18556,101.219,1.0
Selangor,Lumut,MMBR003,2019,47.0,Island,mqims 2016-2020.pdf,Poor,MODERN,2.9985,101.362,1.0
N. Sembilan,Arang,MMNP001,2019,81.0,Island,mqims 2016-2020.pdf,Good,MODERN,2.51647,101.795,1.0
Melaka,Upeh (Point A),MMMR001,2019,59.0,Island,mqims 2016-2020.pdf,Moderate,MODERN,2.19489,102.205,1.0
Melaka,Upeh (Point B),MMMR002,2019,70.0,Island,mqims 2016-2020.pdf,Moderate,MODERN,2.18975,102.203,1.0
Kedah,Singa Besar,MMKR001,2020,92.0,Island,mqims 2016-2020.pdf,Excellent,MODERN,6.22604,99.7354,1.0
Kedah,Dayang Bunting,MMKR002,2020,87.0,Island,mqims 2016-2020.pdf,Good,MODERN,6.20725,99.7803,1.0
Kedah,Dayang Bunting 2*,MMKR003,2020,94.0,Island,mqims 2016-2020.pdf,Excellent,MODERN,6.203111,99.781489,1.0
Kedah,Pulau Perak,MMKP004,2020,89.0,Island,mqims 2016-2020.pdf,Good,MODERN,5.68145,98.936,1.0
Kedah,Payar,MMKM001,2020,96.0,Island,mqims 2016-2020.pdf,Excellent,MODERN,6.06353,100.042,1.0
Kedah,Kaca,MMKM002,2020,95.0,Island,mqims 2016-2020.pdf,Excellent,MODERN,6.07172,100.052,1.0
Kedah,Segantang,MMKM003,2020,95.0,Island,mqims 2016-2020.pdf,Excellent,MODERN,6.04353,99.9261,1.0
Kedah,Pantai Kuah,MMKD001,2020,92.0,Island,mqims 2016-2020.pdf,Excellent,MODERN,6.30881,99.8511,1.0
Kedah,Pantai Chenang,MMKD002,2020,93.0,Island,mqims 2016-2020.pdf,Excellent,MODERN,6.30267,99.7166,1.0
Kedah,Tanjung Rhu,MMKD003,2020,93.0,Island,mqims 2016-2020.pdf,Excellent,MODERN,6.45681,99.8218,1.0
Kedah,Teluk Ewa,MMKD004,2020,94.0,Island,mqims 2016-2020.pdf,Excellent,MODERN,6.43425,99.755,1.0
Kedah,Lembu**,HIST_7KM05,2020,,Island,mqims 2016-2020.pdf,,LEGACY,,,
Kedah,Pasir*,MMKP001,2020,96.0,Island,mqims 2016-2020.pdf,Excellent,MODERN,6.4535,99.7949,1.0
Kedah,Gasing*,MMKP002,2020,95.0,Island,mqims 2016-2020.pdf,Excellent,MODERN,6.45413,99.7902,1.0
Kedah,Dangli*,MMKP003,2020,95.0,Island,mqims 2016-2020.pdf,Excellent,MODERN,6.44737,99.7776,1.0
Pulau Pinang,Tanjung Tokong*,MMPP001,2020,57.0,Island,mqims 2016-2020.pdf,Moderate,MODERN,5.45629,100.315,1.0
Pulau Pinang,Batu Maung,MMPD001,2020,67.0,Island,mqims 2016-2020.pdf,Moderate,MODERN,5.28524,100.292,1.0
Pulau Pinang,Padang Kota,MMPD002,2020,85.0,Island,mqims 2016-2020.pdf,Good,MODERN,5.41921,100.346,1.0
Pulau Pinang,Teluk Bahang*,MMPD003,2020,71.0,Island,mqims 2016-2020.pdf,Moderate,MODERN,5.46083,100.214,1.0
Pulau Pinang,Aman,MMPR001,2020,72.0,Island,mqims 2016-2020.pdf,Moderate,MODERN,5.26743,100.394,1.0
Pulau Pinang,Jerejak,MMPR002,2020,58.0,Island,mqims 2016-2020.pdf,Moderate,MODERN,5.33333,100.317,1.0
Pulau Pinang,Kendi,MMPR003,2020,93.0,Island,mqims 2016-2020.pdf,Excellent,MODERN,5.23038,100.182,1.0
Pulau Pinang,Rimau,MMPR004,2020,90.0,Island,mqims 2016-2020.pdf,Excellent,MODERN,5.24415,100.273,1.0
Pulau Pinang,Gedong,MMPR005,2020,84.0,Island,mqims 2016-2020.pdf,Good,MODERN,5.27346,100.39,1.0
Perak,Pantai Teluk Gedong,MMAR001,2020,93.0,Island,mqims 2016-2020.pdf,Excellent,MODERN,4.19421,100.581,1.0
Perak,Pantai Puteri Dewi,MMAR002,2020,79.0,Island,mqims 2016-2020.pdf,Moderate,MODERN,4.25314,100.544,1.0
Perak,Pangkor Laut,MMAR003,2020,95.0,Island,mqims 2016-2020.pdf,Excellent,MODERN,4.20159,100.547,1.0
Perak,Sembilan,MMAR004,2020,93.0,Island,mqims 2016-2020.pdf,Excellent,MODERN,4.00853,100.544,1.0
Perak,Tukun Perak,MMAP001,2020,91.0,Island,mqims 2016-2020.pdf,Excellent,MODERN,4.11689,100.561,1.0
Selangor,Ketam,MMBR001,2020,68.0,Island,mqims 2016-2020.pdf,Moderate,MODERN,3.018,101.258,1.0
Selangor,Angsa,MMBR002,2020,59.0,Island,mqims 2016-2020.pdf,Moderate,MODERN,3.18556,101.219,1.0
Selangor,Lumut,MMBR003,2020,46.0,Island,mqims 2016-2020.pdf,Poor,MODERN,2.9985,101.362,1.0
N. Sembilan,Arang,MMNP001,2020,92.0,Island,mqims 2016-2020.pdf,Excellent,MODERN,2.51647,101.795,1.0
Melaka,Upeh (Point A),MMMR001,2020,87.0,Island,mqims 2016-2020.pdf,Good,MODERN,2.19489,102.205,1.0
Melaka,Upeh (Point B),MMMR002,2020,80.0,Island,mqims 2016-2020.pdf,Good,MODERN,2.18975,102.203,1.0
Melaka,Besar (Point A),MMMR003,2016,70.0,Island,mqims 2016-2020.pdf,Moderate,MODERN,2.11669,102.332,1.0
Melaka,Besar (Point B),MMMR004,2016,70.0,Island,mqims 2016-2020.pdf,Moderate,MODERN,2.10672,102.322,1.0
Melaka,Undan (Point A),MMMR005,2016,77.0,Island,mqims 2016-2020.pdf,Moderate,MODERN,2.04894,102.332,1.0
Melaka,Undan (Point B),MMMR006,2016,61.0,Island,mqims 2016-2020.pdf,Moderate,MODERN,2.04728,102.335,1.0
Johor,Setindan,MMJR001,2016,88.0,Island,mqims 2016-2020.pdf,Good,MODERN,2.47664,103.858,1.0
Johor,Babi Tengah,MMJR002,2016,90.0,Island,mqims 2016-2020.pdf,Excellent,MODERN,2.47549,103.955,1.0
Johor,Dayang,MMJM001,2016,88.0,Island,mqims 2016-2020.pdf,Good,MODERN,2.47022,104.504,1.0
Johor,Nanga Besar,MMJM002,2016,90.0,Island,mqims 2016-2020.pdf,Excellent,MODERN,2.27064,104.129,1.0
Johor,Sibu Tengah,MMJM003,2016,83.0,Island,mqims 2016-2020.pdf,Good,MODERN,2.18192,104.096,1.0
Johor,Pemanggil,MMJM004,2016,86.0,Island,mqims 2016-2020.pdf,Good,MODERN,2.56908,104.326,1.0
Johor,Kukup,MMJP001,2016,89.0,Island,mqims 2016-2020.pdf,Good,MODERN,1.32831,103.437,1.0
Johor,Pisang,MMJP002,2016,89.0,Island,mqims 2016-2020.pdf,Good,MODERN,1.46828,103.263,1.0
Pahang,Tioman (Teluk Salang),MMCM001,2016,78.0,Island,mqims 2016-2020.pdf,Moderate,MODERN,2.775,104.117,1.0
Pahang,Tioman (Kg. Nipah),MMCM002,2016,85.0,Island,mqims 2016-2020.pdf,Good,MODERN,2.87637,104.152,1.0
Pahang,Tulai,MMCM003,2016,85.0,Island,mqims 2016-2020.pdf,Good,MODERN,2.90532,104.107,1.0
Pahang,Labas,MMCM004,2016,86.0,Island,mqims 2016-2020.pdf,Good,MODERN,2.89506,104.047,1.0
Pahang,Cebeh,MMCM005,2016,85.0,Island,mqims 2016-2020.pdf,Good,MODERN,2.93018,104.099,1.0
Pahang,Sepui,MMCM006,2016,83.0,Island,mqims 2016-2020.pdf,Good,MODERN,2.88598,104.067,1.0
Pahang,Sembilang,MMCM007,2016,75.0,Island,mqims 2016-2020.pdf,Moderate,MODERN,2.67006,103.91,1.0
Pahang,Seri Buat,MMCM008,2016,84.0,Island,mqims 2016-2020.pdf,Good,MODERN,2.70019,103.898,1.0
Pahang,Tokong Bahara,MMCM009,2016,86.0,Island,mqims 2016-2020.pdf,Good,MODERN,2.66424,104.065,1.0
Terengganu,Gemia,MMTR001,2016,63.0,Island,mqims 2016-2020.pdf,Moderate,MODERN,5.23106,103.261,1.0
Terengganu,Perhentian Besar (South),MMTM001,2016,62.0,Island,mqims 2016-2020.pdf,Moderate,MODERN,5.89448,102.736,1.0
Terengganu,Perhentian Besar (West),MMTM002,2016,61.0,Island,mqims 2016-2020.pdf,Moderate,MODERN,5.88931,102.751,1.0
Terengganu,Perhentian Kecil,MMTM003,2016,78.0,Island,mqims 2016-2020.pdf,Moderate,MODERN,5.91792,102.725,1.0
Terengganu,Redang (North),MMTM004,2016,64.0,Island,mqims 2016-2020.pdf,Moderate,MODERN,5.77561,103.037,1.0
Terengganu,Redang (South),MMTM005,2016,64.0,Island,mqims 2016-2020.pdf,Moderate,MODERN,5.75253,103.003,1.0
Terengganu,Lang Tengah,MMTM006,2016,63.0,Island,mqims 2016-2020.pdf,Moderate,MODERN,5.79247,102.89,1.0
Terengganu,Pinang,MMTM007,2016,63.0,Island,mqims 2016-2020.pdf,Moderate,MODERN,5.74797,103.003,1.0
Terengganu,Ekor Tebu,MMTM008,2016,64.0,Island,mqims 2016-2020.pdf,Moderate,MODERN,5.74044,103.029,1.0
Terengganu,Lima,MMTM009,2016,76.0,Island,mqims 2016-2020.pdf,Moderate,MODERN,5.76986,103.059,1.0
Terengganu,Kapas,MMTM010,2016,64.0,Island,mqims 2016-2020.pdf,Moderate,MODERN,5.21697,103.26,1.0
Kelantan,Panjang,MMDP001,2016,66.0,Island,mqims 2016-2020.pdf,Moderate,MODERN,6.207,102.258,1.0
Kelantan,Kundur,MMDP002,2016,65.0,Island,mqims 2016-2020.pdf,Moderate,MODERN,6.18946,102.292,1.0
Melaka,Besar (Point A),MMMR003,2017,89.0,Island,mqims 2016-2020.pdf,Good,MODERN,2.11669,102.332,1.0
Melaka,Besar (Point B),MMMR004,2017,90.0,Island,mqims 2016-2020.pdf,Excellent,MODERN,2.10672,102.322,1.0
Melaka,Undan (Point A),MMMR005,2017,90.0,Island,mqims 2016-2020.pdf,Excellent,MODERN,2.04894,102.332,1.0
Melaka,Undan (Point B),MMMR006,2017,90.0,Island,mqims 2016-2020.pdf,Excellent,MODERN,2.04728,102.335,1.0
Johor,Setindan,MMJR001,2017,94.0,Island,mqims 2016-2020.pdf,Excellent,MODERN,2.47664,103.858,1.0
Johor,Babi Tengah,MMJR002,2017,94.0,Island,mqims 2016-2020.pdf,Excellent,MODERN,2.47549,103.955,1.0
Johor,Dayang,MMJM001,2017,94.0,Island,mqims 2016-2020.pdf,Excellent,MODERN,2.47022,104.504,1.0
Johor,Nanga Besar,MMJM002,2017,94.0,Island,mqims 2016-2020.pdf,Excellent,MODERN,2.27064,104.129,1.0
Johor,Sibu Tengah,MMJM003,2017,91.0,Island,mqims 2016-2020.pdf,Excellent,MODERN,2.18192,104.096,1.0
Johor,Pemanggil,MMJM004,2017,93.0,Island,mqims 2016-2020.pdf,Excellent,MODERN,2.56908,104.326,1.0
Johor,Kukup,MMJP001,2017,94.0,Island,mqims 2016-2020.pdf,Excellent,MODERN,1.32831,103.437,1.0
Johor,Pisang,MMJP002,2017,94.0,Island,mqims 2016-2020.pdf,Excellent,MODERN,1.46828,103.263,1.0
Pahang,Tioman (Teluk Salang),MMCM001,2017,92.0,Island,mqims 2016-2020.pdf,Excellent,MODERN,2.775,104.117,1.0
Pahang,Tioman (Kg. Nipah),MMCM002,2017,93.0,Island,mqims 2016-2020.pdf,Excellent,MODERN,2.87637,104.152,1.0
Pahang,Tulai,MMCM003,2017,93.0,Island,mqims 2016-2020.pdf,Excellent,MODERN,2.90532,104.107,1.0
Pahang,Labas,MMCM004,2017,93.0,Island,mqims 2016-2020.pdf,Excellent,MODERN,2.89506,104.047,1.0
Pahang,Cebeh,MMCM005,2017,94.0,Island,mqims 2016-2020.pdf,Excellent,MODERN,2.93018,104.099,1.0
Pahang,Sepui,MMCM006,2017,93.0,Island,mqims 2016-2020.pdf,Excellent,MODERN,2.88598,104.067,1.0
Pahang,Sembilang,MMCM007,2017,93.0,Island,mqims 2016-2020.pdf,Excellent,MODERN,2.67006,103.91,1.0
Pahang,Seri Buat,MMCM008,2017,94.0,Island,mqims 2016-2020.pdf,Excellent,MODERN,2.70019,103.898,1.0
Pahang,Tokong Bahara,MMCM009,2017,93.0,Island,mqims 2016-2020.pdf,Excellent,MODERN,2.66424,104.065,1.0
Terengganu,Gemia,MMTR001,2017,89.0,Island,mqims 2016-2020.pdf,Good,MODERN,5.23106,103.261,1.0
Terengganu,Perhentian Besar (South),MMTM001,2017,90.0,Island,mqims 2016-2020.pdf,Excellent,MODERN,5.89448,102.736,1.0
Terengganu,Perhentian Besar (West),MMTM002,2017,90.0,Island,mqims 2016-2020.pdf,Excellent,MODERN,5.88931,102.751,1.0
Terengganu,Perhentian Kecil,MMTM003,2017,90.0,Island,mqims 2016-2020.pdf,Excellent,MODERN,5.91792,102.725,1.0
Terengganu,Redang (North),MMTM004,2017,89.0,Island,mqims 2016-2020.pdf,Good,MODERN,5.77561,103.037,1.0
Terengganu,Redang (South),MMTM005,2017,90.0,Island,mqims 2016-2020.pdf,Excellent,MODERN,5.75253,103.003,1.0
Terengganu,Lang Tengah,MMTM006,2017,90.0,Island,mqims 2016-2020.pdf,Excellent,MODERN,5.79247,102.89,1.0
Terengganu,Pinang,MMTM007,2017,90.0,Island,mqims 2016-2020.pdf,Excellent,MODERN,5.74797,103.003,1.0
Terengganu,Ekor Tebu,MMTM008,2017,90.0,Island,mqims 2016-2020.pdf,Excellent,MODERN,5.74044,103.029,1.0
Terengganu,Lima,MMTM009,2017,90.0,Island,mqims 2016-2020.pdf,Excellent,MODERN,5.76986,103.059,1.0
Terengganu,Kapas,MMTM010,2017,89.0,Island,mqims 2016-2020.pdf,Good,MODERN,5.21697,103.26,1.0
Kelantan,Panjang,MMDP001,2017,88.0,Island,mqims 2016-2020.pdf,Good,MODERN,6.207,102.258,1.0
Kelantan,Kundur,MMDP002,2017,89.0,Island,mqims 2016-2020.pdf,Good,MODERN,6.18946,102.292,1.0
Melaka,Besar (Point A),MMMR003,2018,94.0,Island,mqims 2016-2020.pdf,Excellent,MODERN,2.11669,102.332,1.0
Melaka,Besar (Point B),MMMR004,2018,93.0,Island,mqims 2016-2020.pdf,Excellent,MODERN,2.10672,102.322,1.0
Melaka,Undan (Point A),MMMR005,2018,94.0,Island,mqims 2016-2020.pdf,Excellent,MODERN,2.04894,102.332,1.0
Melaka,Undan (Point B),MMMR006,2018,94.0,Island,mqims 2016-2020.pdf,Excellent,MODERN,2.04728,102.335,1.0
Johor,Setindan,MMJR001,2018,94.0,Island,mqims 2016-2020.pdf,Excellent,MODERN,2.47664,103.858,1.0
Johor,Babi Tengah,MMJR002,2018,94.0,Island,mqims 2016-2020.pdf,Excellent,MODERN,2.47549,103.955,1.0
Johor,Dayang,MMJM001,2018,94.0,Island,mqims 2016-2020.pdf,Excellent,MODERN,2.47022,104.504,1.0
Johor,Nanga Besar,MMJM002,2018,94.0,Island,mqims 2016-2020.pdf,Excellent,MODERN,2.27064,104.129,1.0
Johor,Sibu Tengah,MMJM003,2018,87.0,Island,mqims 2016-2020.pdf,Good,MODERN,2.18192,104.096,1.0
Johor,Pemanggil,MMJM004,2018,93.0,Island,mqims 2016-2020.pdf,Excellent,MODERN,2.56908,104.326,1.0
Johor,Kukup,MMJP001,2018,94.0,Island,mqims 2016-2020.pdf,Excellent,MODERN,1.32831,103.437,1.0
Johor,Pisang,MMJP002,2018,94.0,Island,mqims 2016-2020.pdf,Excellent,MODERN,1.46828,103.263,1.0
Pahang,Tioman (Teluk Salang),MMCM001,2018,94.0,Island,mqims 2016-2020.pdf,Excellent,MODERN,2.775,104.117,1.0
Pahang,Tioman (Kg. Nipah),MMCM002,2018,94.0,Island,mqims 2016-2020.pdf,Excellent,MODERN,2.87637,104.152,1.0
Pahang,Tulai,MMCM003,2018,94.0,Island,mqims 2016-2020.pdf,Excellent,MODERN,2.90532,104.107,1.0
Pahang,Labas,MMCM004,2018,94.0,Island,mqims 2016-2020.pdf,Excellent,MODERN,2.89506,104.047,1.0
Pahang,Cebeh,MMCM005,2018,94.0,Island,mqims 2016-2020.pdf,Excellent,MODERN,2.93018,104.099,1.0
Pahang,Sepui,MMCM006,2018,94.0,Island,mqims 2016-2020.pdf,Excellent,MODERN,2.88598,104.067,1.0
Pahang,Sembilang,MMCM007,2018,94.0,Island,mqims 2016-2020.pdf,Excellent,MODERN,2.67006,103.91,1.0
Pahang,Seri Buat,MMCM008,2018,94.0,Island,mqims 2016-2020.pdf,Excellent,MODERN,2.70019,103.898,1.0
Pahang,Tokong Bahara,MMCM009,2018,94.0,Island,mqims 2016-2020.pdf,Excellent,MODERN,2.66424,104.065,1.0
Terengganu,Gemia,MMTR001,2018,94.0,Island,mqims 2016-2020.pdf,Excellent,MODERN,5.23106,103.261,1.0
Terengganu,Perhentian Besar (South),MMTM001,2018,94.0,Island,mqims 2016-2020.pdf,Excellent,MODERN,5.89448,102.736,1.0
Terengganu,Perhentian Besar (West),MMTM002,2018,94.0,Island,mqims 2016-2020.pdf,Excellent,MODERN,5.88931,102.751,1.0
Terengganu,Perhentian Kecil,MMTM003,2018,94.0,Island,mqims 2016-2020.pdf,Excellent,MODERN,5.91792,102.725,1.0
Terengganu,Redang (North),MMTM004,2018,94.0,Island,mqims 2016-2020.pdf,Excellent,MODERN,5.77561,103.037,1.0
Terengganu,Redang (South),MMTM005,2018,94.0,Island,mqims 2016-2020.pdf,Excellent,MODERN,5.75253,103.003,1.0
Terengganu,Lang Tengah,MMTM006,2018,94.0,Island,mqims 2016-2020.pdf,Excellent,MODERN,5.79247,102.89,1.0
Terengganu,Pinang,MMTM007,2018,94.0,Island,mqims 2016-2020.pdf,Excellent,MODERN,5.74797,103.003,1.0
Terengganu,Ekor Tebu,MMTM008,2018,94.0,Island,mqims 2016-2020.pdf,Excellent,MODERN,5.74044,103.029,1.0
Terengganu,Lima,MMTM009,2018,93.0,Island,mqims 2016-2020.pdf,Excellent,MODERN,5.76986,103.059,1.0
Terengganu,Kapas,MMTM010,2018,94.0,Island,mqims 2016-2020.pdf,Excellent,MODERN,5.21697,103.26,1.0
Kelantan,Panjang,MMDP001,2018,93.0,Island,mqims 2016-2020.pdf,Excellent,MODERN,6.207,102.258,1.0
Kelantan,Kundur,MMDP002,2018,93.0,Island,mqims 2016-2020.pdf,Excellent,MODERN,6.18946,102.292,1.0
Melaka,Besar (Point A),MMMR003,2019,84.0,Island,mqims 2016-2020.pdf,Good,MODERN,2.11669,102.332,1.0
Melaka,Besar (Point B),MMMR004,2019,71.0,Island,mqims 2016-2020.pdf,Moderate,MODERN,2.10672,102.322,1.0
Melaka,Undan (Point A),MMMR005,2019,83.0,Island,mqims 2016-2020.pdf,Good,MODERN,2.04894,102.332,1.0
Melaka,Undan (Point B),MMMR006,2019,91.0,Island,mqims 2016-2020.pdf,Excellent,MODERN,2.04728,102.335,1.0
Johor,Setindan,MMJR001,2019,88.0,Island,mqims 2016-2020.pdf,Good,MODERN,2.47664,103.858,1.0
Johor,Babi Tengah,MMJR002,2019,70.0,Island,mqims 2016-2020.pdf,Moderate,MODERN,2.47549,103.955,1.0
Johor,Dayang,MMJM001,2019,86.0,Island,mqims 2016-2020.pdf,Good,MODERN,2.47022,104.504,1.0
Johor,Nanga Besar,MMJM002,2019,91.0,Island,mqims 2016-2020.pdf,Excellent,MODERN,2.27064,104.129,1.0
Johor,Sibu Tengah,MMJM003,2019,58.0,Island,mqims 2016-2020.pdf,Moderate,MODERN,2.18192,104.096,1.0
Johor,Pemanggil,MMJM004,2019,58.0,Island,mqims 2016-2020.pdf,Moderate,MODERN,2.56908,104.326,1.0
Johor,Kukup,MMJP001,2019,91.0,Island,mqims 2016-2020.pdf,Excellent,MODERN,1.32831,103.437,1.0
Johor,Pisang,MMJP002,2019,94.0,Island,mqims 2016-2020.pdf,Excellent,MODERN,1.46828,103.263,1.0
Pahang,Tioman (Teluk Salang),MMCM001,2019,94.0,Island,mqims 2016-2020.pdf,Excellent,MODERN,2.775,104.117,1.0
Pahang,Tioman (Kg. Nipah),MMCM002,2019,83.0,Island,mqims 2016-2020.pdf,Good,MODERN,2.87637,104.152,1.0
Pahang,Tulai,MMCM003,2019,94.0,Island,mqims 2016-2020.pdf,Excellent,MODERN,2.90532,104.107,1.0
Pahang,Labas,MMCM004,2019,91.0,Island,mqims 2016-2020.pdf,Excellent,MODERN,2.89506,104.047,1.0
Pahang,Cebeh,MMCM005,2019,95.0,Island,mqims 2016-2020.pdf,Excellent,MODERN,2.93018,104.099,1.0
Pahang,Sepui,MMCM006,2019,95.0,Island,mqims 2016-2020.pdf,Excellent,MODERN,2.88598,104.067,1.0
Pahang,Sembilang,MMCM007,2019,96.0,Island,mqims 2016-2020.pdf,Excellent,MODERN,2.67006,103.91,1.0
Pahang,Seri Buat,MMCM008,2019,94.0,Island,mqims 2016-2020.pdf,Excellent,MODERN,2.70019,103.898,1.0
Pahang,Tokong Bahara,MMCM009,2019,69.0,Island,mqims 2016-2020.pdf,Moderate,MODERN,2.66424,104.065,1.0
Terengganu,Gemia,MMTR001,2019,86.0,Island,mqims 2016-2020.pdf,Good,MODERN,5.23106,103.261,1.0
Terengganu,Perhentian Besar (South),MMTM001,2019,92.0,Island,mqims 2016-2020.pdf,Excellent,MODERN,5.89448,102.736,1.0
Terengganu,Perhentian Besar (West),MMTM002,2019,91.0,Island,mqims 2016-2020.pdf,Excellent,MODERN,5.88931,102.751,1.0
Terengganu,Perhentian Kecil,MMTM003,2019,88.0,Island,mqims 2016-2020.pdf,Good,MODERN,5.91792,102.725,1.0
Terengganu,Redang (North),MMTM004,2019,85.0,Island,mqims 2016-2020.pdf,Good,MODERN,5.77561,103.037,1.0
Terengganu,Redang (South),MMTM005,2019,75.0,Island,mqims 2016-2020.pdf,Moderate,MODERN,5.75253,103.003,1.0
Terengganu,Lang Tengah,MMTM006,2019,94.0,Island,mqims 2016-2020.pdf,Excellent,MODERN,5.79247,102.89,1.0
Terengganu,Pinang,MMTM007,2019,87.0,Island,mqims 2016-2020.pdf,Good,MODERN,5.74797,103.003,1.0
Terengganu,Ekor Tebu,MMTM008,2019,97.0,Island,mqims 2016-2020.pdf,Excellent,MODERN,5.74044,103.029,1.0
Terengganu,Lima,MMTM009,2019,90.0,Island,mqims 2016-2020.pdf,Excellent,MODERN,5.76986,103.059,1.0
Terengganu,Kapas,MMTM010,2019,96.0,Island,mqims 2016-2020.pdf,Excellent,MODERN,5.21697,103.26,1.0
Kelantan,Panjang,MMDP001,2019,82.0,Island,mqims 2016-2020.pdf,Good,MODERN,6.207,102.258,1.0
Kelantan,Kundur,MMDP002,2019,84.0,Island,mqims 2016-2020.pdf,Good,MODERN,6.18946,102.292,1.0
Melaka,Besar (Point A),MMMR003,2020,95.0,Island,mqims 2016-2020.pdf,Excellent,MODERN,2.11669,102.332,1.0
Melaka,Besar (Point B),MMMR004,2020,95.0,Island,mqims 2016-2020.pdf,Excellent,MODERN,2.10672,102.322,1.0
Melaka,Undan (Point A),MMMR005,2020,96.0,Island,mqims 2016-2020.pdf,Excellent,MODERN,2.04894,102.332,1.0
Melaka,Undan (Point B),MMMR006,2020,96.0,Island,mqims 2016-2020.pdf,Excellent,MODERN,2.04728,102.335,1.0
Johor,Setindan,MMJR001,2020,94.0,Island,mqims 2016-2020.pdf,Excellent,MODERN,2.47664,103.858,1.0
Johor,Babi Tengah,MMJR002,2020,78.0,Island,mqims 2016-2020.pdf,Moderate,MODERN,2.47549,103.955,1.0
Johor,Dayang,MMJM001,2020,86.0,Island,mqims 2016-2020.pdf,Good,MODERN,2.47022,104.504,1.0
Johor,Nanga Besar,MMJM002,2020,95.0,Island,mqims 2016-2020.pdf,Excellent,MODERN,2.27064,104.129,1.0
Johor,Sibu Tengah,MMJM003,2020,62.0,Island,mqims 2016-2020.pdf,Moderate,MODERN,2.18192,104.096,1.0
Johor,Pemanggil,MMJM004,2020,94.0,Island,mqims 2016-2020.pdf,Excellent,MODERN,2.56908,104.326,1.0
Johor,Kukup,MMJP001,2020,95.0,Island,mqims 2016-2020.pdf,Excellent,MODERN,1.32831,103.437,1.0
Johor,Pisang,MMJP002,2020,94.0,Island,mqims 2016-2020.pdf,Excellent,MODERN,1.46828,103.263,1.0
Pahang,Tioman (Teluk Salang),MMCM001,2020,89.0,Island,mqims 2016-2020.pdf,Good,MODERN,2.775,104.117,1.0
Pahang,Tioman (Kg. Nipah),MMCM002,2020,95.0,Island,mqims 2016-2020.pdf,Excellent,MODERN,2.87637,104.152,1.0
Pahang,Tulai,MMCM003,2020,95.0,Island,mqims 2016-2020.pdf,Excellent,MODERN,2.90532,104.107,1.0
Pahang,Labas,MMCM004,2020,95.0,Island,mqims 2016-2020.pdf,Excellent,MODERN,2.89506,104.047,1.0
Pahang,Cebeh,MMCM005,2020,96.0,Island,mqims 2016-2020.pdf,Excellent,MODERN,2.93018,104.099,1.0
Pahang,Sepui,MMCM006,2020,96.0,Island,mqims 2016-2020.pdf,Excellent,MODERN,2.88598,104.067,1.0
Pahang,Sembilang,MMCM007,2020,94.0,Island,mqims 2016-2020.pdf,Excellent,MODERN,2.67006,103.91,1.0
Pahang,Seri Buat,MMCM008,2020,93.0,Island,mqims 2016-2020.pdf,Excellent,MODERN,2.70019,103.898,1.0
Pahang,Tokong Bahara,MMCM009,2020,69.0,Island,mqims 2016-2020.pdf,Moderate,MODERN,2.66424,104.065,1.0
Terengganu,Gemia,MMTR001,2020,95.0,Island,mqims 2016-2020.pdf,Excellent,MODERN,5.23106,103.261,1.0
Terengganu,Perhentian Besar (South),MMTM001,2020,96.0,Island,mqims 2016-2020.pdf,Excellent,MODERN,5.89448,102.736,1.0
Terengganu,Perhentian Besar (West),MMTM002,2020,96.0,Island,mqims 2016-2020.pdf,Excellent,MODERN,5.88931,102.751,1.0
Terengganu,Perhentian Kecil,MMTM003,2020,96.0,Island,mqims 2016-2020.pdf,Excellent,MODERN,5.91792,102.725,1.0
Terengganu,Redang (North),MMTM004,2020,95.0,Island,mqims 2016-2020.pdf,Excellent,MODERN,5.77561,103.037,1.0
Terengganu,Redang (South),MMTM005,2020,96.0,Island,mqims 2016-2020.pdf,Excellent,MODERN,5.75253,103.003,1.0
Terengganu,Lang Tengah,MMTM006,2020,95.0,Island,mqims 2016-2020.pdf,Excellent,MODERN,5.79247,102.89,1.0
Terengganu,Pinang,MMTM007,2020,97.0,Island,mqims 2016-2020.pdf,Excellent,MODERN,5.74797,103.003,1.0
Terengganu,Ekor Tebu,MMTM008,2020,96.0,Island,mqims 2016-2020.pdf,Excellent,MODERN,5.74044,103.029,1.0
Terengganu,Lima,MMTM009,2020,94.0,Island,mqims 2016-2020.pdf,Excellent,MODERN,5.76986,103.059,1.0
Terengganu,Kapas,MMTM010,2020,90.0,Island,mqims 2016-2020.pdf,Excellent,MODERN,5.21697,103.26,1.0
Kelantan,Panjang,MMDP001,2020,77.0,Island,mqims 2016-2020.pdf,Moderate,MODERN,6.207,102.258,1.0
Kelantan,Kundur,MMDP002,2020,84.0,Island,mqims 2016-2020.pdf,Good,MODERN,6.18946,102.292,1.0
Sarawak,Satang,MMQP001,2016,90.0,Island,mqims 2016-2020.pdf,Excellent,MODERN,1.77766,110.165,1.0
Sarawak,Talang-Talang Kecil,MMQP002,2016,77.0,Island,mqims 2016-2020.pdf,Moderate,MODERN,1.89347,109.767,1.0
Sarawak,Talang-Talang Besar,MMQP003,2016,91.0,Island,mqims 2016-2020.pdf,Excellent,MODERN,1.91103,109.777,1.0
Sabah,Gaya,MMSR001,2016,84.0,Island,mqims 2016-2020.pdf,Good,MODERN,6.01346,116.051,1.0
Sabah,Mabul,MMSR002,2016,81.0,Island,mqims 2016-2020.pdf,Good,MODERN,4.24877,118.633,1.0
Sabah,Sipadan (N),MMSR003,2016,84.0,Island,mqims 2016-2020.pdf,Good,MODERN,4.11766,118.628,1.0
Sabah,Sipadan (W),MMSR004,2016,85.0,Island,mqims 2016-2020.pdf,Good,MODERN,4.11417,118.626,1.0
Sabah,Manukan,MMSR005,2016,83.0,Island,mqims 2016-2020.pdf,Good,MODERN,5.97335,116.005,1.0
Sabah,Tiga,MMSR006,2016,85.0,Island,mqims 2016-2020.pdf,Good,MODERN,5.71661,115.651,1.0
Sabah,Kapalai,MMSR007,2016,82.0,Island,mqims 2016-2020.pdf,Good,MODERN,4.22746,118.684,1.0
Sabah,Molleangan Besar,MMSR008,2016,84.0,Island,mqims 2016-2020.pdf,Good,MODERN,7.08223,117.044,1.0
Sabah,Banggi (South),MMSR009,2016,80.0,Island,mqims 2016-2020.pdf,Good,MODERN,7.11169,117.088,1.0
Sabah,Banggi (East),MMSR010,2016,82.0,Island,mqims 2016-2020.pdf,Good,MODERN,7.13697,117.107,1.0
Sabah,Balambangan,MMSR011,2016,84.0,Island,mqims 2016-2020.pdf,Good,MODERN,7.23201,116.913,1.0
Sabah,Mantanani Besar,MMSR012,2016,85.0,Island,mqims 2016-2020.pdf,Good,MODERN,6.70493,116.358,1.0
Sabah,Sapi,MMSM001,2016,83.0,Island,mqims 2016-2020.pdf,Good,MODERN,6.00727,116.01,1.0
Sabah,Kalampunian Besar,MMSM002,2016,84.0,Island,mqims 2016-2020.pdf,Good,MODERN,5.74821,115.676,1.0
Sabah,Selingan,MMSP001,2016,83.0,Island,mqims 2016-2020.pdf,Good,MODERN,6.17535,118.059,1.0
Sabah,Gulisan,MMSP002,2016,83.0,Island,mqims 2016-2020.pdf,Good,MODERN,6.14957,118.056,1.0
Sabah,Bakungan Kecil,MMSP003,2016,83.0,Island,mqims 2016-2020.pdf,Good,MODERN,6.16391,118.109,1.0
Labuan,Kuraman,MMLM001,2016,67.0,Island,mqims 2016-2020.pdf,Moderate,MODERN,5.21875,115.14,1.0
Labuan,Rusukan Besar,MMLM002,2016,76.0,Island,mqims 2016-2020.pdf,Moderate,MODERN,5.19,115.142,1.0
Labuan,Rusukan Kecil,MMLM003,2016,74.0,Island,mqims 2016-2020.pdf,Moderate,MODERN,5.20178,115.148,1.0
Labuan,Pohon Batu,MMLD001,2016,52.0,Island,mqims 2016-2020.pdf,Moderate,MODERN,5.38053,115.229,1.0
Labuan,Water Front,MMLD002,2016,73.0,Island,mqims 2016-2020.pdf,Moderate,MODERN,5.27275,115.249,1.0
Labuan,LubukTemiang,MMLD003,2016,50.0,Island,mqims 2016-2020.pdf,Moderate,MODERN,5.37187,115.248,1.0
Labuan,Ranca-Ranca,MMLD004,2016,50.0,Island,mqims 2016-2020.pdf,Moderate,MODERN,5.24192,115.24,1.0
Sarawak,Satang,MMQP001,2017,87.0,Island,mqims 2016-2020.pdf,Good,MODERN,1.77766,110.165,1.0
Sarawak,Talang-Talang Kecil,MMQP002,2017,87.0,Island,mqims 2016-2020.pdf,Good,MODERN,1.89347,109.767,1.0
Sarawak,Talang-Talang Besar,MMQP003,2017,87.0,Island,mqims 2016-2020.pdf,Good,MODERN,1.91103,109.777,1.0
Sabah,Gaya,MMSR001,2017,72.0,Island,mqims 2016-2020.pdf,Moderate,MODERN,6.01346,116.051,1.0
Sabah,Mabul,MMSR002,2017,86.0,Island,mqims 2016-2020.pdf,Good,MODERN,4.24877,118.633,1.0
Sabah,Sipadan (N),MMSR003,2017,89.0,Island,mqims 2016-2020.pdf,Good,MODERN,4.11766,118.628,1.0
Sabah,Sipadan (W),MMSR004,2017,89.0,Island,mqims 2016-2020.pdf,Good,MODERN,4.11417,118.626,1.0
Sabah,Manukan,MMSR005,2017,87.0,Island,mqims 2016-2020.pdf,Good,MODERN,5.97335,116.005,1.0
Sabah,Tiga,MMSR006,2017,73.0,Island,mqims 2016-2020.pdf,Moderate,MODERN,5.71661,115.651,1.0
Sabah,Kapalai,MMSR007,2017,87.0,Island,mqims 2016-2020.pdf,Good,MODERN,4.22746,118.684,1.0
Sabah,Molleangan Besar,MMSR008,2017,88.0,Island,mqims 2016-2020.pdf,Good,MODERN,7.08223,117.044,1.0
Sabah,Banggi (South),MMSR009,2017,85.0,Island,mqims 2016-2020.pdf,Good,MODERN,7.11169,117.088,1.0
Sabah,Banggi (East),MMSR010,2017,70.0,Island,mqims 2016-2020.pdf,Moderate,MODERN,7.13697,117.107,1.0
Sabah,Balambangan,MMSR011,2017,85.0,Island,mqims 2016-2020.pdf,Good,MODERN,7.23201,116.913,1.0
Sabah,Mantanani Besar,MMSR012,2017,85.0,Island,mqims 2016-2020.pdf,Good,MODERN,6.70493,116.358,1.0
Sabah,Sapi,MMSM001,2017,88.0,Island,mqims 2016-2020.pdf,Good,MODERN,6.00727,116.01,1.0
Sabah,Kalampunian Besar,MMSM002,2017,87.0,Island,mqims 2016-2020.pdf,Good,MODERN,5.74821,115.676,1.0
Sabah,Selingan,MMSP001,2017,88.0,Island,mqims 2016-2020.pdf,Good,MODERN,6.17535,118.059,1.0
Sabah,Gulisan,MMSP002,2017,88.0,Island,mqims 2016-2020.pdf,Good,MODERN,6.14957,118.056,1.0
Sabah,Bakungan Kecil,MMSP003,2017,85.0,Island,mqims 2016-2020.pdf,Good,MODERN,6.16391,118.109,1.0
Labuan,Kuraman,MMLM001,2017,63.0,Island,mqims 2016-2020.pdf,Moderate,MODERN,5.21875,115.14,1.0
Labuan,Rusukan Besar,MMLM002,2017,66.0,Island,mqims 2016-2020.pdf,Moderate,MODERN,5.19,115.142,1.0
Labuan,Rusukan Kecil,MMLM003,2017,72.0,Island,mqims 2016-2020.pdf,Moderate,MODERN,5.20178,115.148,1.0
Labuan,Pohon Batu,MMLD001,2017,91.0,Island,mqims 2016-2020.pdf,Excellent,MODERN,5.38053,115.229,1.0
Labuan,Water Front,MMLD002,2017,89.0,Island,mqims 2016-2020.pdf,Good,MODERN,5.27275,115.249,1.0
Labuan,LubukTemiang,MMLD003,2017,91.0,Island,mqims 2016-2020.pdf,Excellent,MODERN,5.37187,115.248,1.0
Labuan,Ranca-Ranca,MMLD004,2017,90.0,Island,mqims 2016-2020.pdf,Excellent,MODERN,5.24192,115.24,1.0
Sarawak,Satang,MMQP001,2018,90.0,Island,mqims 2016-2020.pdf,Excellent,MODERN,1.77766,110.165,1.0
Sarawak,Talang-Talang Kecil,MMQP002,2018,91.0,Island,mqims 2016-2020.pdf,Excellent,MODERN,1.89347,109.767,1.0
Sarawak,Talang-Talang Besar,MMQP003,2018,90.0,Island,mqims 2016-2020.pdf,Excellent,MODERN,1.91103,109.777,1.0
Sabah,Gaya,MMSR001,2018,93.0,Island,mqims 2016-2020.pdf,Excellent,MODERN,6.01346,116.051,1.0
Sabah,Mabul,MMSR002,2018,93.0,Island,mqims 2016-2020.pdf,Excellent,MODERN,4.24877,118.633,1.0
Sabah,Sipadan (N),MMSR003,2018,93.0,Island,mqims 2016-2020.pdf,Excellent,MODERN,4.11766,118.628,1.0
Sabah,Sipadan (W),MMSR004,2018,93.0,Island,mqims 2016-2020.pdf,Excellent,MODERN,4.11417,118.626,1.0
Sabah,Manukan,MMSR005,2018,93.0,Island,mqims 2016-2020.pdf,Excellent,MODERN,5.97335,116.005,1.0
Sabah,Tiga,MMSR006,2018,93.0,Island,mqims 2016-2020.pdf,Excellent,MODERN,5.71661,115.651,1.0
Sabah,Kapalai,MMSR007,2018,93.0,Island,mqims 2016-2020.pdf,Excellent,MODERN,4.22746,118.684,1.0
Sabah,Molleangan Besar,MMSR008,2018,93.0,Island,mqims 2016-2020.pdf,Excellent,MODERN,7.08223,117.044,1.0
Sabah,Banggi (South),MMSR009,2018,93.0,Island,mqims 2016-2020.pdf,Excellent,MODERN,7.11169,117.088,1.0
Sabah,Banggi (East),MMSR010,2018,93.0,Island,mqims 2016-2020.pdf,Excellent,MODERN,7.13697,117.107,1.0
Sabah,Balambangan,MMSR011,2018,92.0,Island,mqims 2016-2020.pdf,Excellent,MODERN,7.23201,116.913,1.0
Sabah,Mantanani Besar,MMSR012,2018,93.0,Island,mqims 2016-2020.pdf,Excellent,MODERN,6.70493,116.358,1.0
Sabah,Sapi,MMSM001,2018,93.0,Island,mqims 2016-2020.pdf,Excellent,MODERN,6.00727,116.01,1.0
Sabah,Kalampunian Besar,MMSM002,2018,93.0,Island,mqims 2016-2020.pdf,Excellent,MODERN,5.74821,115.676,1.0
Sabah,Selingan,MMSP001,2018,93.0,Island,mqims 2016-2020.pdf,Excellent,MODERN,6.17535,118.059,1.0
Sabah,Gulisan,MMSP002,2018,93.0,Island,mqims 2016-2020.pdf,Excellent,MODERN,6.14957,118.056,1.0
Sabah,Bakungan Kecil,MMSP003,2018,93.0,Island,mqims 2016-2020.pdf,Excellent,MODERN,6.16391,118.109,1.0
Labuan,Kuraman,MMLM001,2018,92.0,Island,mqims 2016-2020.pdf,Excellent,MODERN,5.21875,115.14,1.0
Labuan,Rusukan Besar,MMLM002,2018,92.0,Island,mqims 2016-2020.pdf,Excellent,MODERN,5.19,115.142,1.0
Labuan,Rusukan Kecil,MMLM003,2018,92.0,Island,mqims 2016-2020.pdf,Excellent,MODERN,5.20178,115.148,1.0
Labuan,Pohon Batu,MMLD001,2018,92.0,Island,mqims 2016-2020.pdf,Excellent,MODERN,5.38053,115.229,1.0
Labuan,Water Front,MMLD002,2018,93.0,Island,mqims 2016-2020.pdf,Excellent,MODERN,5.27275,115.249,1.0
Labuan,LubukTemiang,MMLD003,2018,93.0,Island,mqims 2016-2020.pdf,Excellent,MODERN,5.37187,115.248,1.0
Labuan,Ranca-Ranca,MMLD004,2018,92.0,Island,mqims 2016-2020.pdf,Excellent,MODERN,5.24192,115.24,1.0
Sarawak,Satang,MMQP001,2019,91.0,Island,mqims 2016-2020.pdf,Excellent,MODERN,1.77766,110.165,1.0
Sarawak,Talang-Talang Kecil,MMQP002,2019,92.0,Island,mqims 2016-2020.pdf,Excellent,MODERN,1.89347,109.767,1.0
Sarawak,Talang-Talang Besar,MMQP003,2019,90.0,Island,mqims 2016-2020.pdf,Excellent,MODERN,1.91103,109.777,1.0
Sabah,Gaya,MMSR001,2019,85.0,Island,mqims 2016-2020.pdf,Good,MODERN,6.01346,116.051,1.0
Sabah,Mabul,MMSR002,2019,89.0,Island,mqims 2016-2020.pdf,Good,MODERN,4.24877,118.633,1.0
Sabah,Sipadan (N),MMSR003,2019,85.0,Island,mqims 2016-2020.pdf,Good,MODERN,4.11766,118.628,1.0
Sabah,Sipadan (W),MMSR004,2019,80.0,Island,mqims 2016-2020.pdf,Good,MODERN,4.11417,118.626,1.0
Sabah,Manukan,MMSR005,2019,83.0,Island,mqims 2016-2020.pdf,Good,MODERN,5.97335,116.005,1.0
Sabah,Tiga,MMSR006,2019,86.0,Island,mqims 2016-2020.pdf,Good,MODERN,5.71661,115.651,1.0
Sabah,Kapalai,MMSR007,2019,60.0,Island,mqims 2016-2020.pdf,Moderate,MODERN,4.22746,118.684,1.0
Sabah,Molleangan Besar,MMSR008,2019,63.0,Island,mqims 2016-2020.pdf,Moderate,MODERN,7.08223,117.044,1.0
Sabah,Banggi (South),MMSR009,2019,77.0,Island,mqims 2016-2020.pdf,Moderate,MODERN,7.11169,117.088,1.0
Sabah,Banggi (East),MMSR010,2019,85.0,Island,mqims 2016-2020.pdf,Good,MODERN,7.13697,117.107,1.0
Sabah,Balambangan,MMSR011,2019,87.0,Island,mqims 2016-2020.pdf,Good,MODERN,7.23201,116.913,1.0
Sabah,Mantanani Besar,MMSR012,2019,77.0,Island,mqims 2016-2020.pdf,Moderate,MODERN,6.70493,116.358,1.0
Sabah,Sapi,MMSM001,2019,91.0,Island,mqims 2016-2020.pdf,Excellent,MODERN,6.00727,116.01,1.0
Sabah,Kalampunian Besar,MMSM002,2019,79.0,Island,mqims 2016-2020.pdf,Moderate,MODERN,5.74821,115.676,1.0
Sabah,Selingan,MMSP001,2019,93.0,Island,mqims 2016-2020.pdf,Excellent,MODERN,6.17535,118.059,1.0
Sabah,Gulisan,MMSP002,2019,88.0,Island,mqims 2016-2020.pdf,Good,MODERN,6.14957,118.056,1.0
Sabah,Bakungan Kecil,MMSP003,2019,95.0,Island,mqims 2016-2020.pdf,Excellent,MODERN,6.16391,118.109,1.0
Labuan,Kuraman,MMLM001,2019,86.0,Island,mqims 2016-2020.pdf,Good,MODERN,5.21875,115.14,1.0
Labuan,Rusukan Besar,MMLM002,2019,61.0,Island,mqims 2016-2020.pdf,Moderate,MODERN,5.19,115.142,1.0
Labuan,Rusukan Kecil,MMLM003,2019,67.0,Island,mqims 2016-2020.pdf,Moderate,MODERN,5.20178,115.148,1.0
Labuan,Pohon Batu,MMLD001,2019,90.0,Island,mqims 2016-2020.pdf,Excellent,MODERN,5.38053,115.229,1.0
Labuan,Water Front,MMLD002,2019,88.0,Island,mqims 2016-2020.pdf,Good,MODERN,5.27275,115.249,1.0
Labuan,LubukTemiang,MMLD003,2019,88.0,Island,mqims 2016-2020.pdf,Good,MODERN,5.37187,115.248,1.0
Labuan,Ranca-Ranca,MMLD004,2019,90.0,Island,mqims 2016-2020.pdf,Excellent,MODERN,5.24192,115.24,1.0
Sarawak,Satang,MMQP001,2020,76.0,Island,mqims 2016-2020.pdf,Moderate,MODERN,1.77766,110.165,1.0
Sarawak,Talang-Talang Kecil,MMQP002,2020,69.0,Island,mqims 2016-2020.pdf,Moderate,MODERN,1.89347,109.767,1.0
Sarawak,Talang-Talang Besar,MMQP003,2020,79.0,Island,mqims 2016-2020.pdf,Moderate,MODERN,1.91103,109.777,1.0
Sabah,Gaya,MMSR001,2020,65.0,Island,mqims 2016-2020.pdf,Moderate,MODERN,6.01346,116.051,1.0
Sabah,Mabul,MMSR002,2020,67.0,Island,mqims 2016-2020.pdf,Moderate,MODERN,4.24877,118.633,1.0
Sabah,Sipadan (N),MMSR003,2020,60.0,Island,mqims 2016-2020.pdf,Moderate,MODERN,4.11766,118.628,1.0
Sabah,Sipadan (W),MMSR004,2020,65.0,Island,mqims 2016-2020.pdf,Moderate,MODERN,4.11417,118.626,1.0
Sabah,Manukan,MMSR005,2020,59.0,Island,mqims 2016-2020.pdf,Moderate,MODERN,5.97335,116.005,1.0
Sabah,Tiga,MMSR006,2020,68.0,Island,mqims 2016-2020.pdf,Moderate,MODERN,5.71661,115.651,1.0
Sabah,Kapalai,MMSR007,2020,58.0,Island,mqims 2016-2020.pdf,Moderate,MODERN,4.22746,118.684,1.0
Sabah,Molleangan Besar,MMSR008,2020,59.0,Island,mqims 2016-2020.pdf,Moderate,MODERN,7.08223,117.044,1.0
Sabah,Banggi (South),MMSR009,2020,58.0,Island,mqims 2016-2020.pdf,Moderate,MODERN,7.11169,117.088,1.0
Sabah,Banggi (East),MMSR010,2020,75.0,Island,mqims 2016-2020.pdf,Moderate,MODERN,7.13697,117.107,1.0
Sabah,Balambangan,MMSR011,2020,72.0,Island,mqims 2016-2020.pdf,Moderate,MODERN,7.23201,116.913,1.0
Sabah,Mantanani Besar,MMSR012,2020,58.0,Island,mqims 2016-2020.pdf,Moderate,MODERN,6.70493,116.358,1.0
Sabah,Sapi,MMSM001,2020,61.0,Island,mqims 2016-2020.pdf,Moderate,MODERN,6.00727,116.01,1.0
Sabah,Kalampunian Besar,MMSM002,2020,65.0,Island,mqims 2016-2020.pdf,Moderate,MODERN,5.74821,115.676,1.0
Sabah,Selingan,MMSP001,2020,75.0,Island,mqims 2016-2020.pdf,Moderate,MODERN,6.17535,118.059,1.0
Sabah,Gulisan,MMSP002,2020,69.0,Island,mqims 2016-2020.pdf,Moderate,MODERN,6.14957,118.056,1.0
Sabah,Bakungan Kecil,MMSP003,2020,72.0,Island,mqims 2016-2020.pdf,Moderate,MODERN,6.16391,118.109,1.0
Labuan,Kuraman,MMLM001,2020,67.0,Island,mqims 2016-2020.pdf,Moderate,MODERN,5.21875,115.14,1.0
Labuan,Rusukan Besar,MMLM002,2020,59.0,Island,mqims 2016-2020.pdf,Moderate,MODERN,5.19,115.142,1.0
Labuan,Rusukan Kecil,MMLM003,2020,69.0,Island,mqims 2016-2020.pdf,Moderate,MODERN,5.20178,115.148,1.0
Labuan,Pohon Batu,MMLD001,2020,59.0,Island,mqims 2016-2020.pdf,Moderate,MODERN,5.38053,115.229,1.0
Labuan,Water Front,MMLD002,2020,67.0,Island,mqims 2016-2020.pdf,Moderate,MODERN,5.27275,115.249,1.0
Labuan,LubukTemiang,MMLD003,2020,59.0,Island,mqims 2016-2020.pdf,Moderate,MODERN,5.37187,115.248,1.0
Labuan,Ranca-Ranca,MMLD004,2020,64.0,Island,mqims 2016-2020.pdf,Moderate,MODERN,5.24192,115.24,1.0
Kedah,Pantai Merdeka,MMKC001,2021,85.0,Coastal,mqims 2021-2025.pdf,Good,MODERN,5.66976,100.369,1.0
Kedah,Langkawi Island Resort,MMKC002,2021,94.0,Coastal,mqims 2021-2025.pdf,Excellent,MODERN,6.29669,99.861,1.0
Kedah,Pantai Kok,MMKC003,2021,90.0,Coastal,mqims 2021-2025.pdf,Excellent,MODERN,6.36607,99.6791,1.0
Kedah,Pantai Kuah,MMKC004,2021,88.0,Coastal,mqims 2021-2025.pdf,Good,MODERN,6.313553,99.851419,1.0
Kedah,Pantai Pasir Tengkorak,MMKC005,2021,96.0,Coastal,mqims 2021-2025.pdf,Excellent,MODERN,6.43123,99.7261,1.0
Kedah,Pantai Teluk Burau,MMKC006,2021,94.0,Coastal,mqims 2021-2025.pdf,Excellent,MODERN,6.36391,99.6685,1.0
Kedah,Pantai Teluk Nibong,MMKC007,2021,86.0,Coastal,mqims 2021-2025.pdf,Good,MODERN,6.36022,99.7022,1.0
Kedah,Pantai Tengah,MMKC008,2021,92.0,Coastal,mqims 2021-2025.pdf,Excellent,MODERN,6.27975,99.7275,1.0
Kedah,Pantai Beras Basah,MMKC009,2021,92.0,Coastal,mqims 2021-2025.pdf,Excellent,MODERN,6.23086,99.718,1.0
P. Pinang,Gertak Sanggul,MMPC001,2021,81.0,Coastal,mqims 2021-2025.pdf,Good,MODERN,5.27732,100.194,1.0
P. Pinang,Kawasan Perindustrian Bayan Lepas 1,MMPC002,2021,72.0,Coastal,mqims 2021-2025.pdf,Moderate,MODERN,5.30951,100.301,1.0
P. Pinang,Pantai Bersih,MMPC003,2021,75.0,Coastal,mqims 2021-2025.pdf,Moderate,MODERN,5.44167,100.378,1.0
P. Pinang,Pantai Miami,MMPC004,2021,70.0,Coastal,mqims 2021-2025.pdf,Moderate,MODERN,5.47923,100.268,1.0
P. Pinang,Pantai Pasir Panjang,MMPC005,2021,93.0,Coastal,mqims 2021-2025.pdf,Excellent,MODERN,5.29722,100.183,1.0
P. Pinang,Batu Feringgi (Casuarina),MMPC006,2021,83.0,Coastal,mqims 2021-2025.pdf,Good,MODERN,5.46944,100.242,1.0
P. Pinang,Luar Pantai Teluk Bahang,MMPC007,2021,81.0,Coastal,mqims 2021-2025.pdf,Good,MODERN,5.462,100.213,1.0
P. Pinang,Persiaran Gurney,MMPC008,2021,60.0,Coastal,mqims 2021-2025.pdf,Moderate,MODERN,5.4373,100.313,1.0
P. Pinang,Rumah Pam Baru Perai,MMPC009,2021,68.0,Coastal,mqims 2021-2025.pdf,Moderate,MODERN,5.35417,100.387,1.0
Kedah,Pantai Merdeka,MMKC001,2022,88.0,Coastal,mqims 2021-2025.pdf,Good,MODERN,5.66976,100.369,1.0
Kedah,Langkawi Island Resort,MMKC002,2022,94.0,Coastal,mqims 2021-2025.pdf,Excellent,MODERN,6.29669,99.861,1.0
Kedah,Pantai Kok,MMKC003,2022,83.0,Coastal,mqims 2021-2025.pdf,Good,MODERN,6.36607,99.6791,1.0
Kedah,Pantai Kuah,MMKC004,2022,90.0,Coastal,mqims 2021-2025.pdf,Excellent,MODERN,6.313553,99.851419,1.0
Kedah,Pantai Pasir Tengkorak,MMKC005,2022,93.0,Coastal,mqims 2021-2025.pdf,Excellent,MODERN,6.43123,99.7261,1.0
Kedah,Pantai Teluk Burau,MMKC006,2022,86.0,Coastal,mqims 2021-2025.pdf,Good,MODERN,6.36391,99.6685,1.0
Kedah,Pantai Teluk Nibong,MMKC007,2022,92.0,Coastal,mqims 2021-2025.pdf,Excellent,MODERN,6.36022,99.7022,1.0
Kedah,Pantai Tengah,MMKC008,2022,92.0,Coastal,mqims 2021-2025.pdf,Excellent,MODERN,6.27975,99.7275,1.0
Kedah,Pantai Beras Basah,MMKC009,2022,96.0,Coastal,mqims 2021-2025.pdf,Excellent,MODERN,6.23086,99.718,1.0
P. Pinang,Gertak Sanggul,MMPC001,2022,83.0,Coastal,mqims 2021-2025.pdf,Good,MODERN,5.27732,100.194,1.0
P. Pinang,Kawasan Perindustrian Bayan Lepas 1,MMPC002,2022,60.0,Coastal,mqims 2021-2025.pdf,Moderate,MODERN,5.30951,100.301,1.0
P. Pinang,Pantai Bersih,MMPC003,2022,86.0,Coastal,mqims 2021-2025.pdf,Good,MODERN,5.44167,100.378,1.0
P. Pinang,Pantai Miami,MMPC004,2022,86.0,Coastal,mqims 2021-2025.pdf,Good,MODERN,5.47923,100.268,1.0
P. Pinang,Pantai Pasir Panjang,MMPC005,2022,95.0,Coastal,mqims 2021-2025.pdf,Excellent,MODERN,5.29722,100.183,1.0
P. Pinang,Batu Feringgi (Casuarina),MMPC006,2022,82.0,Coastal,mqims 2021-2025.pdf,Good,MODERN,5.46944,100.242,1.0
P. Pinang,Luar Pantai Teluk Bahang,MMPC007,2022,88.0,Coastal,mqims 2021-2025.pdf,Good,MODERN,5.462,100.213,1.0
P. Pinang,Persiaran Gurney,MMPC008,2022,79.0,Coastal,mqims 2021-2025.pdf,Moderate,MODERN,5.4373,100.313,1.0
P. Pinang,Rumah Pam Baru Perai,MMPC009,2022,76.0,Coastal,mqims 2021-2025.pdf,Moderate,MODERN,5.35417,100.387,1.0
Kedah,Pantai Merdeka,MMKC001,2023,91.0,Coastal,mqims 2021-2025.pdf,Excellent,MODERN,5.66976,100.369,1.0
Kedah,Langkawi Island Resort,MMKC002,2023,96.0,Coastal,mqims 2021-2025.pdf,Excellent,MODERN,6.29669,99.861,1.0
Kedah,Pantai Kok,MMKC003,2023,95.0,Coastal,mqims 2021-2025.pdf,Excellent,MODERN,6.36607,99.6791,1.0
Kedah,Pantai Kuah,MMKC004,2023,91.0,Coastal,mqims 2021-2025.pdf,Excellent,MODERN,6.313553,99.851419,1.0
Kedah,Pantai Pasir Tengkorak,MMKC005,2023,93.0,Coastal,mqims 2021-2025.pdf,Excellent,MODERN,6.43123,99.7261,1.0
Kedah,Pantai Teluk Burau,MMKC006,2023,96.0,Coastal,mqims 2021-2025.pdf,Excellent,MODERN,6.36391,99.6685,1.0
Kedah,Pantai Teluk Nibong,MMKC007,2023,95.0,Coastal,mqims 2021-2025.pdf,Excellent,MODERN,6.36022,99.7022,1.0
Kedah,Pantai Tengah,MMKC008,2023,94.0,Coastal,mqims 2021-2025.pdf,Excellent,MODERN,6.27975,99.7275,1.0
Kedah,Pantai Beras Basah,MMKC009,2023,96.0,Coastal,mqims 2021-2025.pdf,Excellent,MODERN,6.23086,99.718,1.0
P. Pinang,Gertak Sanggul,MMPC001,2023,94.0,Coastal,mqims 2021-2025.pdf,Excellent,MODERN,5.27732,100.194,1.0
P. Pinang,Kawasan Perindustrian Bayan Lepas 1,MMPC002,2023,79.0,Coastal,mqims 2021-2025.pdf,Moderate,MODERN,5.30951,100.301,1.0
P. Pinang,Pantai Bersih,MMPC003,2023,73.0,Coastal,mqims 2021-2025.pdf,Moderate,MODERN,5.44167,100.378,1.0
P. Pinang,Pantai Miami,MMPC004,2023,90.0,Coastal,mqims 2021-2025.pdf,Excellent,MODERN,5.47923,100.268,1.0
P. Pinang,Pantai Pasir Panjang,MMPC005,2023,93.0,Coastal,mqims 2021-2025.pdf,Excellent,MODERN,5.29722,100.183,1.0
P. Pinang,Batu Feringgi (Casuarina),MMPC006,2023,93.0,Coastal,mqims 2021-2025.pdf,Excellent,MODERN,5.46944,100.242,1.0
P. Pinang,Luar Pantai Teluk Bahang,MMPC007,2023,94.0,Coastal,mqims 2021-2025.pdf,Excellent,MODERN,5.462,100.213,1.0
P. Pinang,Persiaran Gurney,MMPC008,2023,73.0,Coastal,mqims 2021-2025.pdf,Moderate,MODERN,5.4373,100.313,1.0
P. Pinang,Rumah Pam Baru Perai,MMPC009,2023,88.0,Coastal,mqims 2021-2025.pdf,Good,MODERN,5.35417,100.387,1.0
Kedah,Pantai Merdeka,MMKC001,2024,92.0,Coastal,mqims 2021-2025.pdf,Excellent,MODERN,5.66976,100.369,1.0
Kedah,Langkawi Island Resort,MMKC002,2024,95.0,Coastal,mqims 2021-2025.pdf,Excellent,MODERN,6.29669,99.861,1.0
Kedah,Pantai Kok,MMKC003,2024,96.0,Coastal,mqims 2021-2025.pdf,Excellent,MODERN,6.36607,99.6791,1.0
Kedah,Pantai Kuah,MMKC004,2024,95.0,Coastal,mqims 2021-2025.pdf,Excellent,MODERN,6.313553,99.851419,1.0
Kedah,Pantai Pasir Tengkorak,MMKC005,2024,95.0,Coastal,mqims 2021-2025.pdf,Excellent,MODERN,6.43123,99.7261,1.0
Kedah,Pantai Teluk Burau,MMKC006,2024,94.0,Coastal,mqims 2021-2025.pdf,Excellent,MODERN,6.36391,99.6685,1.0
Kedah,Pantai Teluk Nibong,MMKC007,2024,96.0,Coastal,mqims 2021-2025.pdf,Excellent,MODERN,6.36022,99.7022,1.0
Kedah,Pantai Tengah,MMKC008,2024,96.0,Coastal,mqims 2021-2025.pdf,Excellent,MODERN,6.27975,99.7275,1.0
Kedah,Pantai Beras Basah,MMKC009,2024,96.0,Coastal,mqims 2021-2025.pdf,Excellent,MODERN,6.23086,99.718,1.0
P. Pinang,Gertak Sanggul,MMPC001,2024,91.0,Coastal,mqims 2021-2025.pdf,Excellent,MODERN,5.27732,100.194,1.0
P. Pinang,Kawasan Perindustrian Bayan Lepas 1,MMPC002,2024,67.0,Coastal,mqims 2021-2025.pdf,Moderate,MODERN,5.30951,100.301,1.0
P. Pinang,Pantai Bersih,MMPC003,2024,84.0,Coastal,mqims 2021-2025.pdf,Good,MODERN,5.44167,100.378,1.0
P. Pinang,Pantai Miami,MMPC004,2024,88.0,Coastal,mqims 2021-2025.pdf,Good,MODERN,5.47923,100.268,1.0
P. Pinang,Pantai Pasir Panjang,MMPC005,2024,93.0,Coastal,mqims 2021-2025.pdf,Excellent,MODERN,5.29722,100.183,1.0
P. Pinang,Batu Feringgi (Casuarina),MMPC006,2024,85.0,Coastal,mqims 2021-2025.pdf,Good,MODERN,5.46944,100.242,1.0
P. Pinang,Luar Pantai Teluk Bahang,MMPC007,2024,91.0,Coastal,mqims 2021-2025.pdf,Excellent,MODERN,5.462,100.213,1.0
P. Pinang,Persiaran Gurney,MMPC008,2024,84.0,Coastal,mqims 2021-2025.pdf,Good,MODERN,5.4373,100.313,1.0
P. Pinang,Rumah Pam Baru Perai,MMPC009,2024,83.0,Coastal,mqims 2021-2025.pdf,Good,MODERN,5.35417,100.387,1.0
Kedah,Pantai Merdeka,MMKC001,2025,88.0,Coastal,mqims 2021-2025.pdf,Good,MODERN,5.66976,100.369,1.0
Kedah,Langkawi Island Resort,MMKC002,2025,96.0,Coastal,mqims 2021-2025.pdf,Excellent,MODERN,6.29669,99.861,1.0
Kedah,Pantai Kok,MMKC003,2025,96.0,Coastal,mqims 2021-2025.pdf,Excellent,MODERN,6.36607,99.6791,1.0
Kedah,Pantai Kuah,MMKC004,2025,91.0,Coastal,mqims 2021-2025.pdf,Excellent,MODERN,6.313553,99.851419,1.0
Kedah,Pantai Pasir Tengkorak,MMKC005,2025,95.0,Coastal,mqims 2021-2025.pdf,Excellent,MODERN,6.43123,99.7261,1.0
Kedah,Pantai Teluk Burau,MMKC006,2025,96.0,Coastal,mqims 2021-2025.pdf,Excellent,MODERN,6.36391,99.6685,1.0
Kedah,Pantai Teluk Nibong,MMKC007,2025,96.0,Coastal,mqims 2021-2025.pdf,Excellent,MODERN,6.36022,99.7022,1.0
Kedah,Pantai Tengah,MMKC008,2025,95.0,Coastal,mqims 2021-2025.pdf,Excellent,MODERN,6.27975,99.7275,1.0
Kedah,Pantai Beras Basah,MMKC009,2025,95.0,Coastal,mqims 2021-2025.pdf,Excellent,MODERN,6.23086,99.718,1.0
P. Pinang,Gertak Sanggul,MMPC001,2025,88.0,Coastal,mqims 2021-2025.pdf,Good,MODERN,5.27732,100.194,1.0
P. Pinang,Kawasan Perindustrian Bayan Lepas 1,MMPC002,2025,84.0,Coastal,mqims 2021-2025.pdf,Good,MODERN,5.30951,100.301,1.0
P. Pinang,Pantai Bersih,MMPC003,2025,81.0,Coastal,mqims 2021-2025.pdf,Good,MODERN,5.44167,100.378,1.0
P. Pinang,Pantai Miami,MMPC004,2025,90.0,Coastal,mqims 2021-2025.pdf,Excellent,MODERN,5.47923,100.268,1.0
P. Pinang,Pantai Pasir Panjang,MMPC005,2025,88.0,Coastal,mqims 2021-2025.pdf,Good,MODERN,5.29722,100.183,1.0
P. Pinang,Batu Feringgi (Casuarina),MMPC006,2025,86.0,Coastal,mqims 2021-2025.pdf,Good,MODERN,5.46944,100.242,1.0
P. Pinang,Luar Pantai Teluk Bahang,MMPC007,2025,94.0,Coastal,mqims 2021-2025.pdf,Excellent,MODERN,5.462,100.213,1.0
P. Pinang,Persiaran Gurney,MMPC008,2025,71.0,Coastal,mqims 2021-2025.pdf,Moderate,MODERN,5.4373,100.313,1.0
P. Pinang,Rumah Pam Baru Perai,MMPC009,2025,81.0,Coastal,mqims 2021-2025.pdf,Good,MODERN,5.35417,100.387,1.0
P. Pinang,Rumah Pam Lama Perai,MMPC010,2021,65.0,Coastal,mqims 2021-2025.pdf,Moderate,MODERN,5.33445,100.31,1.0
P. Pinang,Selat PP Selatan (Jelutong),MMPC011,2021,59.0,Coastal,mqims 2021-2025.pdf,Moderate,MODERN,5.39108,100.329,1.0
P. Pinang,Tanjung Bungah,MMPC012,2021,67.0,Coastal,mqims 2021-2025.pdf,Moderate,MODERN,5.46742,100.281,1.0
P. Pinang,Tanjung Bungah 2,MMPC013,2021,70.0,Coastal,mqims 2021-2025.pdf,Moderate,MODERN,5.46856,100.294,1.0
P. Pinang,Batu Maung 2,MMPC014,2021,69.0,Coastal,mqims 2021-2025.pdf,Moderate,MODERN,5.287831,100.292314,1.0
P. Pinang,Pantai Sungai Batu Ferringhi 3,MMPC015,2021,86.0,Coastal,mqims 2021-2025.pdf,Good,MODERN,5.480744,100.253394,1.0
P. Pinang,Pantai Sungai Batu Ferringhi 2,MMPC016,2021,90.0,Coastal,mqims 2021-2025.pdf,Excellent,MODERN,5.47719,100.249,1.0
P. Pinang,Pantai Sungai Batu Ferringhi 1,MMPC017,2021,91.0,Coastal,mqims 2021-2025.pdf,Excellent,MODERN,5.4728,100.244,1.0
Perak,Pantai Pasir Bogak,MMAC001,2021,95.0,Coastal,mqims 2021-2025.pdf,Excellent,MODERN,4.21176,100.551,1.0
Perak,Pantai Teluk Dalam,MMAC002,2021,94.0,Coastal,mqims 2021-2025.pdf,Excellent,MODERN,4.25,100.556,1.0
Perak,Pantai Teluk Batik,MMAC003,2021,78.0,Coastal,mqims 2021-2025.pdf,Moderate,MODERN,4.18732,100.606,1.0
Perak,Pantai Tanjung Batu,MMAC004,2021,93.0,Coastal,mqims 2021-2025.pdf,Excellent,MODERN,4.42659,100.595,1.0
Perak,Pantai Teluk Rubiah,MMAC005,2021,90.0,Coastal,mqims 2021-2025.pdf,Excellent,MODERN,4.16016,100.622,1.0
Perak,Pantai Damai Laut,MMAC006,2021,94.0,Coastal,mqims 2021-2025.pdf,Excellent,MODERN,4.26412,100.589,1.0
Perak,Pantai Teluk Senangin,MMAC007,2021,90.0,Coastal,mqims 2021-2025.pdf,Excellent,MODERN,4.29387,100.582,1.0
Perak,Pantai Pasir Panjang,MMAC008,2021,91.0,Coastal,mqims 2021-2025.pdf,Excellent,MODERN,4.34797,100.568,1.0
Selangor,Pantai Bagan Lalang,MMBC001,2021,84.0,Coastal,mqims 2021-2025.pdf,Good,MODERN,2.6054,101.687,1.0
Selangor,Pantai Morib,MMBC002,2021,68.0,Coastal,mqims 2021-2025.pdf,Moderate,MODERN,2.75,101.439,1.0
Selangor,Selat Pulau Babi,MMBC003,2021,87.0,Coastal,mqims 2021-2025.pdf,Good,MODERN,3.00766,101.273,1.0
Selangor,Selat Klang Utara,MMBC004,2021,62.0,Coastal,mqims 2021-2025.pdf,Moderate,MODERN,3.02818,101.351,1.0
Selangor,Pantai Remis,MMBC005,2021,83.0,Coastal,mqims 2021-2025.pdf,Good,MODERN,3.20073,101.302,1.0
Selangor,Pantai Klanang,MMBC006,2021,74.0,Coastal,mqims 2021-2025.pdf,Moderate,MODERN,2.78927,101.409,1.0
N. Sembilan,Bagan Pinang,MMNC001,2021,91.0,Coastal,mqims 2021-2025.pdf,Excellent,MODERN,2.50823,101.828,1.0
N. Sembilan,Telok Sinting,MMNC002,2021,87.0,Coastal,mqims 2021-2025.pdf,Good,MODERN,2.41522,101.941,1.0
N. Sembilan,Port Dickson Bandar,MMNC003,2021,88.0,Coastal,mqims 2021-2025.pdf,Good,MODERN,2.52001,101.798,1.0
N. Sembilan,Port Dickson Batu 4,MMNC004,2021,88.0,Coastal,mqims 2021-2025.pdf,Good,MODERN,2.49971,101.837,1.0
N. Sembilan,Port Dickson Batu 5,MMNC005,2021,73.0,Coastal,mqims 2021-2025.pdf,Moderate,MODERN,2.49585,101.838,1.0
N. Sembilan,Port Dickson Batu 6,MMNC006,2021,90.0,Coastal,mqims 2021-2025.pdf,Excellent,MODERN,2.48079,101.847,1.0
P. Pinang,Rumah Pam Lama Perai,MMPC010,2022,59.0,Coastal,mqims 2021-2025.pdf,Moderate,MODERN,5.33445,100.31,1.0
P. Pinang,Selat PP Selatan (Jelutong),MMPC011,2022,59.0,Coastal,mqims 2021-2025.pdf,Moderate,MODERN,5.39108,100.329,1.0
P. Pinang,Tanjung Bungah,MMPC012,2022,72.0,Coastal,mqims 2021-2025.pdf,Moderate,MODERN,5.46742,100.281,1.0
P. Pinang,Tanjung Bungah 2,MMPC013,2022,63.0,Coastal,mqims 2021-2025.pdf,Moderate,MODERN,5.46856,100.294,1.0
P. Pinang,Batu Maung 2,MMPC014,2022,58.0,Coastal,mqims 2021-2025.pdf,Moderate,MODERN,5.287831,100.292314,1.0
P. Pinang,Pantai Sungai Batu Ferringhi 3,MMPC015,2022,92.0,Coastal,mqims 2021-2025.pdf,Excellent,MODERN,5.480744,100.253394,1.0
P. Pinang,Pantai Sungai Batu Ferringhi 2,MMPC016,2022,94.0,Coastal,mqims 2021-2025.pdf,Excellent,MODERN,5.47719,100.249,1.0
P. Pinang,Pantai Sungai Batu Ferringhi 1,MMPC017,2022,91.0,Coastal,mqims 2021-2025.pdf,Excellent,MODERN,5.4728,100.244,1.0
Perak,Pantai Pasir Bogak,MMAC001,2022,94.0,Coastal,mqims 2021-2025.pdf,Excellent,MODERN,4.21176,100.551,1.0
Perak,Pantai Teluk Dalam,MMAC002,2022,92.0,Coastal,mqims 2021-2025.pdf,Excellent,MODERN,4.25,100.556,1.0
Perak,Pantai Teluk Batik,MMAC003,2022,89.0,Coastal,mqims 2021-2025.pdf,Good,MODERN,4.18732,100.606,1.0
Perak,Pantai Tanjung Batu,MMAC004,2022,94.0,Coastal,mqims 2021-2025.pdf,Excellent,MODERN,4.42659,100.595,1.0
Perak,Pantai Teluk Rubiah,MMAC005,2022,81.0,Coastal,mqims 2021-2025.pdf,Good,MODERN,4.16016,100.622,1.0
Perak,Pantai Damai Laut,MMAC006,2022,91.0,Coastal,mqims 2021-2025.pdf,Excellent,MODERN,4.26412,100.589,1.0
Perak,Pantai Teluk Senangin,MMAC007,2022,93.0,Coastal,mqims 2021-2025.pdf,Excellent,MODERN,4.29387,100.582,1.0
Perak,Pantai Pasir Panjang,MMAC008,2022,95.0,Coastal,mqims 2021-2025.pdf,Excellent,MODERN,4.34797,100.568,1.0
Selangor,Pantai Bagan Lalang,MMBC001,2022,84.0,Coastal,mqims 2021-2025.pdf,Good,MODERN,2.6054,101.687,1.0
Selangor,Pantai Morib,MMBC002,2022,84.0,Coastal,mqims 2021-2025.pdf,Good,MODERN,2.75,101.439,1.0
Selangor,Selat Pulau Babi,MMBC003,2022,91.0,Coastal,mqims 2021-2025.pdf,Excellent,MODERN,3.00766,101.273,1.0
Selangor,Selat Klang Utara,MMBC004,2022,56.0,Coastal,mqims 2021-2025.pdf,Moderate,MODERN,3.02818,101.351,1.0
Selangor,Pantai Remis,MMBC005,2022,79.0,Coastal,mqims 2021-2025.pdf,Moderate,MODERN,3.20073,101.302,1.0
Selangor,Pantai Klanang,MMBC006,2022,69.0,Coastal,mqims 2021-2025.pdf,Moderate,MODERN,2.78927,101.409,1.0
N. Sembilan,Bagan Pinang,MMNC001,2022,90.0,Coastal,mqims 2021-2025.pdf,Excellent,MODERN,2.50823,101.828,1.0
N. Sembilan,Telok Sinting,MMNC002,2022,94.0,Coastal,mqims 2021-2025.pdf,Excellent,MODERN,2.41522,101.941,1.0
N. Sembilan,Port Dickson Bandar,MMNC003,2022,88.0,Coastal,mqims 2021-2025.pdf,Good,MODERN,2.52001,101.798,1.0
N. Sembilan,Port Dickson Batu 4,MMNC004,2022,89.0,Coastal,mqims 2021-2025.pdf,Good,MODERN,2.49971,101.837,1.0
N. Sembilan,Port Dickson Batu 5,MMNC005,2022,81.0,Coastal,mqims 2021-2025.pdf,Good,MODERN,2.49585,101.838,1.0
N. Sembilan,Port Dickson Batu 6,MMNC006,2022,93.0,Coastal,mqims 2021-2025.pdf,Excellent,MODERN,2.48079,101.847,1.0
P. Pinang,Rumah Pam Lama Perai,MMPC010,2023,67.0,Coastal,mqims 2021-2025.pdf,Moderate,MODERN,5.33445,100.31,1.0
P. Pinang,Selat PP Selatan (Jelutong),MMPC011,2023,59.0,Coastal,mqims 2021-2025.pdf,Moderate,MODERN,5.39108,100.329,1.0
P. Pinang,Tanjung Bungah,MMPC012,2023,90.0,Coastal,mqims 2021-2025.pdf,Excellent,MODERN,5.46742,100.281,1.0
P. Pinang,Tanjung Bungah 2,MMPC013,2023,69.0,Coastal,mqims 2021-2025.pdf,Moderate,MODERN,5.46856,100.294,1.0
P. Pinang,Batu Maung 2,MMPC014,2023,72.0,Coastal,mqims 2021-2025.pdf,Moderate,MODERN,5.287831,100.292314,1.0
P. Pinang,Pantai Sungai Batu Ferringhi 3,MMPC015,2023,92.0,Coastal,mqims 2021-2025.pdf,Excellent,MODERN,5.480744,100.253394,1.0
P. Pinang,Pantai Sungai Batu Ferringhi 2,MMPC016,2023,94.0,Coastal,mqims 2021-2025.pdf,Excellent,MODERN,5.47719,100.249,1.0
P. Pinang,Pantai Sungai Batu Ferringhi 1,MMPC017,2023,92.0,Coastal,mqims 2021-2025.pdf,Excellent,MODERN,5.4728,100.244,1.0
Perak,Pantai Pasir Bogak,MMAC001,2023,92.0,Coastal,mqims 2021-2025.pdf,Excellent,MODERN,4.21176,100.551,1.0
Perak,Pantai Teluk Dalam,MMAC002,2023,93.0,Coastal,mqims 2021-2025.pdf,Excellent,MODERN,4.25,100.556,1.0
Perak,Pantai Teluk Batik,MMAC003,2023,92.0,Coastal,mqims 2021-2025.pdf,Excellent,MODERN,4.18732,100.606,1.0
Perak,Pantai Tanjung Batu,MMAC004,2023,93.0,Coastal,mqims 2021-2025.pdf,Excellent,MODERN,4.42659,100.595,1.0
Perak,Pantai Teluk Rubiah,MMAC005,2023,88.0,Coastal,mqims 2021-2025.pdf,Good,MODERN,4.16016,100.622,1.0
Perak,Pantai Damai Laut,MMAC006,2023,93.0,Coastal,mqims 2021-2025.pdf,Excellent,MODERN,4.26412,100.589,1.0
Perak,Pantai Teluk Senangin,MMAC007,2023,95.0,Coastal,mqims 2021-2025.pdf,Excellent,MODERN,4.29387,100.582,1.0
Perak,Pantai Pasir Panjang,MMAC008,2023,94.0,Coastal,mqims 2021-2025.pdf,Excellent,MODERN,4.34797,100.568,1.0
Selangor,Pantai Bagan Lalang,MMBC001,2023,89.0,Coastal,mqims 2021-2025.pdf,Good,MODERN,2.6054,101.687,1.0
Selangor,Pantai Morib,MMBC002,2023,88.0,Coastal,mqims 2021-2025.pdf,Good,MODERN,2.75,101.439,1.0
Selangor,Selat Pulau Babi,MMBC003,2023,95.0,Coastal,mqims 2021-2025.pdf,Excellent,MODERN,3.00766,101.273,1.0
Selangor,Selat Klang Utara,MMBC004,2023,79.0,Coastal,mqims 2021-2025.pdf,Moderate,MODERN,3.02818,101.351,1.0
Selangor,Pantai Remis,MMBC005,2023,92.0,Coastal,mqims 2021-2025.pdf,Excellent,MODERN,3.20073,101.302,1.0
Selangor,Pantai Klanang,MMBC006,2023,82.0,Coastal,mqims 2021-2025.pdf,Good,MODERN,2.78927,101.409,1.0
N. Sembilan,Bagan Pinang,MMNC001,2023,95.0,Coastal,mqims 2021-2025.pdf,Excellent,MODERN,2.50823,101.828,1.0
N. Sembilan,Telok Sinting,MMNC002,2023,89.0,Coastal,mqims 2021-2025.pdf,Good,MODERN,2.41522,101.941,1.0
N. Sembilan,Port Dickson Bandar,MMNC003,2023,93.0,Coastal,mqims 2021-2025.pdf,Excellent,MODERN,2.52001,101.798,1.0
N. Sembilan,Port Dickson Batu 4,MMNC004,2023,89.0,Coastal,mqims 2021-2025.pdf,Good,MODERN,2.49971,101.837,1.0
N. Sembilan,Port Dickson Batu 5,MMNC005,2023,94.0,Coastal,mqims 2021-2025.pdf,Excellent,MODERN,2.49585,101.838,1.0
N. Sembilan,Port Dickson Batu 6,MMNC006,2023,96.0,Coastal,mqims 2021-2025.pdf,Excellent,MODERN,2.48079,101.847,1.0
P. Pinang,Rumah Pam Lama Perai,MMPC010,2024,72.0,Coastal,mqims 2021-2025.pdf,Moderate,MODERN,5.33445,100.31,1.0
P. Pinang,Selat PP Selatan (Jelutong),MMPC011,2024,57.0,Coastal,mqims 2021-2025.pdf,Moderate,MODERN,5.39108,100.329,1.0
P. Pinang,Tanjung Bungah,MMPC012,2024,80.0,Coastal,mqims 2021-2025.pdf,Good,MODERN,5.46742,100.281,1.0
P. Pinang,Tanjung Bungah 2,MMPC013,2024,87.0,Coastal,mqims 2021-2025.pdf,Good,MODERN,5.46856,100.294,1.0
P. Pinang,Batu Maung 2,MMPC014,2024,71.0,Coastal,mqims 2021-2025.pdf,Moderate,MODERN,5.287831,100.292314,1.0
P. Pinang,Pantai Sungai Batu Ferringhi 3,MMPC015,2024,91.0,Coastal,mqims 2021-2025.pdf,Excellent,MODERN,5.480744,100.253394,1.0
P. Pinang,Pantai Sungai Batu Ferringhi 2,MMPC016,2024,93.0,Coastal,mqims 2021-2025.pdf,Excellent,MODERN,5.47719,100.249,1.0
P. Pinang,Pantai Sungai Batu Ferringhi 1,MMPC017,2024,91.0,Coastal,mqims 2021-2025.pdf,Excellent,MODERN,5.4728,100.244,1.0
Perak,Pantai Pasir Bogak,MMAC001,2024,95.0,Coastal,mqims 2021-2025.pdf,Excellent,MODERN,4.21176,100.551,1.0
Perak,Pantai Teluk Dalam,MMAC002,2024,95.0,Coastal,mqims 2021-2025.pdf,Excellent,MODERN,4.25,100.556,1.0
Perak,Pantai Teluk Batik,MMAC003,2024,95.0,Coastal,mqims 2021-2025.pdf,Excellent,MODERN,4.18732,100.606,1.0
Perak,Pantai Tanjung Batu,MMAC004,2024,96.0,Coastal,mqims 2021-2025.pdf,Excellent,MODERN,4.42659,100.595,1.0
Perak,Pantai Teluk Rubiah,MMAC005,2024,96.0,Coastal,mqims 2021-2025.pdf,Excellent,MODERN,4.16016,100.622,1.0
Perak,Pantai Damai Laut,MMAC006,2024,95.0,Coastal,mqims 2021-2025.pdf,Excellent,MODERN,4.26412,100.589,1.0
Perak,Pantai Teluk Senangin,MMAC007,2024,95.0,Coastal,mqims 2021-2025.pdf,Excellent,MODERN,4.29387,100.582,1.0
Perak,Pantai Pasir Panjang,MMAC008,2024,95.0,Coastal,mqims 2021-2025.pdf,Excellent,MODERN,4.34797,100.568,1.0
Selangor,Pantai Bagan Lalang,MMBC001,2024,86.0,Coastal,mqims 2021-2025.pdf,Good,MODERN,2.6054,101.687,1.0
Selangor,Pantai Morib,MMBC002,2024,85.0,Coastal,mqims 2021-2025.pdf,Good,MODERN,2.75,101.439,1.0
Selangor,Selat Pulau Babi,MMBC003,2024,89.0,Coastal,mqims 2021-2025.pdf,Good,MODERN,3.00766,101.273,1.0
Selangor,Selat Klang Utara,MMBC004,2024,56.0,Coastal,mqims 2021-2025.pdf,Moderate,MODERN,3.02818,101.351,1.0
Selangor,Pantai Remis,MMBC005,2024,84.0,Coastal,mqims 2021-2025.pdf,Good,MODERN,3.20073,101.302,1.0
Selangor,Pantai Klanang,MMBC006,2024,66.0,Coastal,mqims 2021-2025.pdf,Moderate,MODERN,2.78927,101.409,1.0
N. Sembilan,Bagan Pinang,MMNC001,2024,95.0,Coastal,mqims 2021-2025.pdf,Excellent,MODERN,2.50823,101.828,1.0
N. Sembilan,Telok Sinting,MMNC002,2024,91.0,Coastal,mqims 2021-2025.pdf,Excellent,MODERN,2.41522,101.941,1.0
N. Sembilan,Port Dickson Bandar,MMNC003,2024,95.0,Coastal,mqims 2021-2025.pdf,Excellent,MODERN,2.52001,101.798,1.0
N. Sembilan,Port Dickson Batu 4,MMNC004,2024,95.0,Coastal,mqims 2021-2025.pdf,Excellent,MODERN,2.49971,101.837,1.0
N. Sembilan,Port Dickson Batu 5,MMNC005,2024,95.0,Coastal,mqims 2021-2025.pdf,Excellent,MODERN,2.49585,101.838,1.0
N. Sembilan,Port Dickson Batu 6,MMNC006,2024,93.0,Coastal,mqims 2021-2025.pdf,Excellent,MODERN,2.48079,101.847,1.0
P. Pinang,Rumah Pam Lama Perai,MMPC010,2025,69.0,Coastal,mqims 2021-2025.pdf,Moderate,MODERN,5.33445,100.31,1.0
P. Pinang,Selat PP Selatan (Jelutong),MMPC011,2025,57.0,Coastal,mqims 2021-2025.pdf,Moderate,MODERN,5.39108,100.329,1.0
P. Pinang,Tanjung Bungah,MMPC012,2025,89.0,Coastal,mqims 2021-2025.pdf,Good,MODERN,5.46742,100.281,1.0
P. Pinang,Tanjung Bungah 2,MMPC013,2025,76.0,Coastal,mqims 2021-2025.pdf,Moderate,MODERN,5.46856,100.294,1.0
P. Pinang,Batu Maung 2,MMPC014,2025,57.0,Coastal,mqims 2021-2025.pdf,Moderate,MODERN,5.287831,100.292314,1.0
P. Pinang,Pantai Sungai Batu Ferringhi 3,MMPC015,2025,90.0,Coastal,mqims 2021-2025.pdf,Excellent,MODERN,5.480744,100.253394,1.0
P. Pinang,Pantai Sungai Batu Ferringhi 2,MMPC016,2025,91.0,Coastal,mqims 2021-2025.pdf,Excellent,MODERN,5.47719,100.249,1.0
P. Pinang,Pantai Sungai Batu Ferringhi 1,MMPC017,2025,93.0,Coastal,mqims 2021-2025.pdf,Excellent,MODERN,5.4728,100.244,1.0
Perak,Pantai Pasir Bogak,MMAC001,2025,95.0,Coastal,mqims 2021-2025.pdf,Excellent,MODERN,4.21176,100.551,1.0
Perak,Pantai Teluk Dalam,MMAC002,2025,91.0,Coastal,mqims 2021-2025.pdf,Excellent,MODERN,4.25,100.556,1.0
Perak,Pantai Teluk Batik,MMAC003,2025,95.0,Coastal,mqims 2021-2025.pdf,Excellent,MODERN,4.18732,100.606,1.0
Perak,Pantai Tanjung Batu,MMAC004,2025,92.0,Coastal,mqims 2021-2025.pdf,Excellent,MODERN,4.42659,100.595,1.0
Perak,Pantai Teluk Rubiah,MMAC005,2025,95.0,Coastal,mqims 2021-2025.pdf,Excellent,MODERN,4.16016,100.622,1.0
Perak,Pantai Damai Laut,MMAC006,2025,91.0,Coastal,mqims 2021-2025.pdf,Excellent,MODERN,4.26412,100.589,1.0
Perak,Pantai Teluk Senangin,MMAC007,2025,92.0,Coastal,mqims 2021-2025.pdf,Excellent,MODERN,4.29387,100.582,1.0
Perak,Pantai Pasir Panjang,MMAC008,2025,96.0,Coastal,mqims 2021-2025.pdf,Excellent,MODERN,4.34797,100.568,1.0
Selangor,Pantai Bagan Lalang,MMBC001,2025,91.0,Coastal,mqims 2021-2025.pdf,Excellent,MODERN,2.6054,101.687,1.0
Selangor,Pantai Morib,MMBC002,2025,72.0,Coastal,mqims 2021-2025.pdf,Moderate,MODERN,2.75,101.439,1.0
Selangor,Selat Pulau Babi,MMBC003,2025,71.0,Coastal,mqims 2021-2025.pdf,Moderate,MODERN,3.00766,101.273,1.0
Selangor,Selat Klang Utara,MMBC004,2025,55.0,Coastal,mqims 2021-2025.pdf,Moderate,MODERN,3.02818,101.351,1.0
Selangor,Pantai Remis,MMBC005,2025,80.0,Coastal,mqims 2021-2025.pdf,Good,MODERN,3.20073,101.302,1.0
Selangor,Pantai Klanang,MMBC006,2025,68.0,Coastal,mqims 2021-2025.pdf,Moderate,MODERN,2.78927,101.409,1.0
N. Sembilan,Bagan Pinang,MMNC001,2025,90.0,Coastal,mqims 2021-2025.pdf,Excellent,MODERN,2.50823,101.828,1.0
N. Sembilan,Telok Sinting,MMNC002,2025,90.0,Coastal,mqims 2021-2025.pdf,Excellent,MODERN,2.41522,101.941,1.0
N. Sembilan,Port Dickson Bandar,MMNC003,2025,91.0,Coastal,mqims 2021-2025.pdf,Excellent,MODERN,2.52001,101.798,1.0
N. Sembilan,Port Dickson Batu 4,MMNC004,2025,92.0,Coastal,mqims 2021-2025.pdf,Excellent,MODERN,2.49971,101.837,1.0
N. Sembilan,Port Dickson Batu 5,MMNC005,2025,89.0,Coastal,mqims 2021-2025.pdf,Good,MODERN,2.49585,101.838,1.0
N. Sembilan,Port Dickson Batu 6,MMNC006,2025,91.0,Coastal,mqims 2021-2025.pdf,Excellent,MODERN,2.48079,101.847,1.0
N. Sembilan,Port Dickson Batu 7,MMNC007,2021,93.0,Coastal,mqims 2021-2025.pdf,Excellent,MODERN,2.46123,101.851,1.0
N. Sembilan,Port Dickson Batu 8,MMNC008,2021,93.0,Coastal,mqims 2021-2025.pdf,Excellent,MODERN,2.45415,101.854,1.0
N. Sembilan,Port Dickson Batu 10,MMNC009,2021,92.0,Coastal,mqims 2021-2025.pdf,Excellent,MODERN,2.41706,101.856,1.0
N. Sembilan,Port Dickson Janakuasa TNB,MMNC010,2021,70.0,Coastal,mqims 2021-2025.pdf,Moderate,MODERN,2.54237,101.798,1.0
N. Sembilan,Telok Pelanduk,MMNC011,2021,91.0,Coastal,mqims 2021-2025.pdf,Excellent,MODERN,2.41663,101.892,1.0
N. Sembilan,Pantai Cermin,MMNC012,2021,94.0,Coastal,mqims 2021-2025.pdf,Excellent,MODERN,2.41499,101.861,1.0
N. Sembilan,Pantai Teluk Kemang,MMNC013,2021,91.0,Coastal,mqims 2021-2025.pdf,Excellent,MODERN,2.44777,101.854,1.0
N. Sembilan,Pantai Seri Purnama,MMNC014,2021,92.0,Coastal,mqims 2021-2025.pdf,Excellent,MODERN,2.44313,101.855,1.0
Melaka,Pantai Rombang,MMMC001,2021,88.0,Coastal,mqims 2021-2025.pdf,Good,MODERN,2.22728,102.148,1.0
Melaka,Pantai Kundur,MMMC002,2021,89.0,Coastal,mqims 2021-2025.pdf,Good,MODERN,2.24319,102.14,1.0
Melaka,Pantai Tanjung Bidara,MMMC003,2021,69.0,Coastal,mqims 2021-2025.pdf,Moderate,MODERN,2.29075,102.088,1.0
Melaka,Teluk Gong,MMMC004,2021,60.0,Coastal,mqims 2021-2025.pdf,Moderate,MODERN,2.33983,102.056,1.0
Melaka,Pulau Melaka Point A1,MMMC005,2021,89.0,Coastal,mqims 2021-2025.pdf,Good,MODERN,2.17992,102.243,1.0
Melaka,Pulau Melaka Point A2,MMMC006,2021,80.0,Coastal,mqims 2021-2025.pdf,Good,MODERN,2.17644,102.252,1.0
Melaka,Pulau Melaka Point B1,MMMC007,2021,58.0,Coastal,mqims 2021-2025.pdf,Moderate,MODERN,2.18332,102.248,1.0
Melaka,Pulau Melaka Point B2,MMMC008,2021,57.0,Coastal,mqims 2021-2025.pdf,Moderate,MODERN,2.1813,102.255,1.0
Melaka,Pantai Klebang,MMMC009,2021,87.0,Coastal,mqims 2021-2025.pdf,Good,MODERN,2.21607,102.191,1.0
Johor,Tanjung Bin,MMJC001,2021,90.0,Coastal,mqims 2021-2025.pdf,Excellent,MODERN,1.32456,103.557,1.0
Johor,Pelabuhan Tanjung Pelepas,MMJC002,2021,91.0,Coastal,mqims 2021-2025.pdf,Excellent,MODERN,1.35361,103.543,1.0
Johor,Hadapan Jabatan Laut,MMJC003,2021,82.0,Coastal,mqims 2021-2025.pdf,Good,MODERN,1.38275,103.535,1.0
Johor,Pantai Stulang Laut,MMJC004,2021,56.0,Coastal,mqims 2021-2025.pdf,Moderate,MODERN,1.46722,103.779,1.0
Johor,Jeti Teluk Jawa,MMJC005,2021,70.0,Coastal,mqims 2021-2025.pdf,Moderate,MODERN,1.47354,103.848,1.0
Johor,Pelabuhan Pasir Gudang,MMJC006,2021,59.0,Coastal,mqims 2021-2025.pdf,Moderate,MODERN,1.43255,103.899,1.0
Johor,Hadapan HSAJB,MMJC007,2021,58.0,Coastal,mqims 2021-2025.pdf,Moderate,MODERN,1.45644,103.746,1.0
Johor,Pantai Lido,MMJC008,2021,54.0,Coastal,mqims 2021-2025.pdf,Moderate,MODERN,1.46556,103.725,1.0
Johor,Pantai Teluk Mahkota,MMJC009,2021,93.0,Coastal,mqims 2021-2025.pdf,Excellent,MODERN,1.89781,104.105,1.0
Johor,Pantai Tanjung Leman,MMJC010,2021,97.0,Coastal,mqims 2021-2025.pdf,Excellent,MODERN,2.14528,104.007,1.0
Johor,Pantai Sri Pantai,MMJC011,2021,91.0,Coastal,mqims 2021-2025.pdf,Excellent,MODERN,2.37917,103.889,1.0
N. Sembilan,Port Dickson Batu 7,MMNC007,2022,95.0,Coastal,mqims 2021-2025.pdf,Excellent,MODERN,2.46123,101.851,1.0
N. Sembilan,Port Dickson Batu 8,MMNC008,2022,95.0,Coastal,mqims 2021-2025.pdf,Excellent,MODERN,2.45415,101.854,1.0
N. Sembilan,Port Dickson Batu 10,MMNC009,2022,97.0,Coastal,mqims 2021-2025.pdf,Excellent,MODERN,2.41706,101.856,1.0
N. Sembilan,Port Dickson Janakuasa TNB,MMNC010,2022,90.0,Coastal,mqims 2021-2025.pdf,Excellent,MODERN,2.54237,101.798,1.0
N. Sembilan,Telok Pelanduk,MMNC011,2022,94.0,Coastal,mqims 2021-2025.pdf,Excellent,MODERN,2.41663,101.892,1.0
N. Sembilan,Pantai Cermin,MMNC012,2022,94.0,Coastal,mqims 2021-2025.pdf,Excellent,MODERN,2.41499,101.861,1.0
N. Sembilan,Pantai Teluk Kemang,MMNC013,2022,95.0,Coastal,mqims 2021-2025.pdf,Excellent,MODERN,2.44777,101.854,1.0
N. Sembilan,Pantai Seri Purnama,MMNC014,2022,96.0,Coastal,mqims 2021-2025.pdf,Excellent,MODERN,2.44313,101.855,1.0
Melaka,Pantai Rombang,MMMC001,2022,88.0,Coastal,mqims 2021-2025.pdf,Good,MODERN,2.22728,102.148,1.0
Melaka,Pantai Kundur,MMMC002,2022,83.0,Coastal,mqims 2021-2025.pdf,Good,MODERN,2.24319,102.14,1.0
Melaka,Pantai Tanjung Bidara,MMMC003,2022,87.0,Coastal,mqims 2021-2025.pdf,Good,MODERN,2.29075,102.088,1.0
Melaka,Teluk Gong,MMMC004,2022,90.0,Coastal,mqims 2021-2025.pdf,Excellent,MODERN,2.33983,102.056,1.0
Melaka,Pulau Melaka Point A1,MMMC005,2022,83.0,Coastal,mqims 2021-2025.pdf,Good,MODERN,2.17992,102.243,1.0
Melaka,Pulau Melaka Point A2,MMMC006,2022,83.0,Coastal,mqims 2021-2025.pdf,Good,MODERN,2.17644,102.252,1.0
Melaka,Pulau Melaka Point B1,MMMC007,2022,57.0,Coastal,mqims 2021-2025.pdf,Moderate,MODERN,2.18332,102.248,1.0
Melaka,Pulau Melaka Point B2,MMMC008,2022,57.0,Coastal,mqims 2021-2025.pdf,Moderate,MODERN,2.1813,102.255,1.0
Melaka,Pantai Klebang,MMMC009,2022,89.0,Coastal,mqims 2021-2025.pdf,Good,MODERN,2.21607,102.191,1.0
Johor,Tanjung Bin,MMJC001,2022,91.0,Coastal,mqims 2021-2025.pdf,Excellent,MODERN,1.32456,103.557,1.0
Johor,Pelabuhan Tanjung Pelepas,MMJC002,2022,82.0,Coastal,mqims 2021-2025.pdf,Good,MODERN,1.35361,103.543,1.0
Johor,Hadapan Jabatan Laut,MMJC003,2022,81.0,Coastal,mqims 2021-2025.pdf,Good,MODERN,1.38275,103.535,1.0
Johor,Pantai Stulang Laut,MMJC004,2022,55.0,Coastal,mqims 2021-2025.pdf,Moderate,MODERN,1.46722,103.779,1.0
Johor,Jeti Teluk Jawa,MMJC005,2022,59.0,Coastal,mqims 2021-2025.pdf,Moderate,MODERN,1.47354,103.848,1.0
Johor,Pelabuhan Pasir Gudang,MMJC006,2022,66.0,Coastal,mqims 2021-2025.pdf,Moderate,MODERN,1.43255,103.899,1.0
Johor,Hadapan HSAJB,MMJC007,2022,51.0,Coastal,mqims 2021-2025.pdf,Moderate,MODERN,1.45644,103.746,1.0
Johor,Pantai Lido,MMJC008,2022,50.0,Coastal,mqims 2021-2025.pdf,Moderate,MODERN,1.46556,103.725,1.0
Johor,Pantai Teluk Mahkota,MMJC009,2022,95.0,Coastal,mqims 2021-2025.pdf,Excellent,MODERN,1.89781,104.105,1.0
Johor,Pantai Tanjung Leman,MMJC010,2022,94.0,Coastal,mqims 2021-2025.pdf,Excellent,MODERN,2.14528,104.007,1.0
Johor,Pantai Sri Pantai,MMJC011,2022,95.0,Coastal,mqims 2021-2025.pdf,Excellent,MODERN,2.37917,103.889,1.0
N. Sembilan,Port Dickson Batu 7,MMNC007,2023,94.0,Coastal,mqims 2021-2025.pdf,Excellent,MODERN,2.46123,101.851,1.0
N. Sembilan,Port Dickson Batu 8,MMNC008,2023,95.0,Coastal,mqims 2021-2025.pdf,Excellent,MODERN,2.45415,101.854,1.0
N. Sembilan,Port Dickson Batu 10,MMNC009,2023,95.0,Coastal,mqims 2021-2025.pdf,Excellent,MODERN,2.41706,101.856,1.0
N. Sembilan,Port Dickson Janakuasa TNB,MMNC010,2023,93.0,Coastal,mqims 2021-2025.pdf,Excellent,MODERN,2.54237,101.798,1.0
N. Sembilan,Telok Pelanduk,MMNC011,2023,92.0,Coastal,mqims 2021-2025.pdf,Excellent,MODERN,2.41663,101.892,1.0
N. Sembilan,Pantai Cermin,MMNC012,2023,94.0,Coastal,mqims 2021-2025.pdf,Excellent,MODERN,2.41499,101.861,1.0
N. Sembilan,Pantai Teluk Kemang,MMNC013,2023,95.0,Coastal,mqims 2021-2025.pdf,Excellent,MODERN,2.44777,101.854,1.0
N. Sembilan,Pantai Seri Purnama,MMNC014,2023,92.0,Coastal,mqims 2021-2025.pdf,Excellent,MODERN,2.44313,101.855,1.0
Melaka,Pantai Rombang,MMMC001,2023,91.0,Coastal,mqims 2021-2025.pdf,Excellent,MODERN,2.22728,102.148,1.0
Melaka,Pantai Kundur,MMMC002,2023,89.0,Coastal,mqims 2021-2025.pdf,Good,MODERN,2.24319,102.14,1.0
Melaka,Pantai Tanjung Bidara,MMMC003,2023,92.0,Coastal,mqims 2021-2025.pdf,Excellent,MODERN,2.29075,102.088,1.0
Melaka,Teluk Gong,MMMC004,2023,90.0,Coastal,mqims 2021-2025.pdf,Excellent,MODERN,2.33983,102.056,1.0
Melaka,Pulau Melaka Point A1,MMMC005,2023,88.0,Coastal,mqims 2021-2025.pdf,Good,MODERN,2.17992,102.243,1.0
Melaka,Pulau Melaka Point A2,MMMC006,2023,92.0,Coastal,mqims 2021-2025.pdf,Excellent,MODERN,2.17644,102.252,1.0
Melaka,Pulau Melaka Point B1,MMMC007,2023,54.0,Coastal,mqims 2021-2025.pdf,Moderate,MODERN,2.18332,102.248,1.0
Melaka,Pulau Melaka Point B2,MMMC008,2023,55.0,Coastal,mqims 2021-2025.pdf,Moderate,MODERN,2.1813,102.255,1.0
Melaka,Pantai Klebang,MMMC009,2023,88.0,Coastal,mqims 2021-2025.pdf,Good,MODERN,2.21607,102.191,1.0
Johor,Tanjung Bin,MMJC001,2023,93.0,Coastal,mqims 2021-2025.pdf,Excellent,MODERN,1.32456,103.557,1.0
Johor,Pelabuhan Tanjung Pelepas,MMJC002,2023,80.0,Coastal,mqims 2021-2025.pdf,Good,MODERN,1.35361,103.543,1.0
Johor,Hadapan Jabatan Laut,MMJC003,2023,69.0,Coastal,mqims 2021-2025.pdf,Moderate,MODERN,1.38275,103.535,1.0
Johor,Pantai Stulang Laut,MMJC004,2023,56.0,Coastal,mqims 2021-2025.pdf,Moderate,MODERN,1.46722,103.779,1.0
Johor,Jeti Teluk Jawa,MMJC005,2023,64.0,Coastal,mqims 2021-2025.pdf,Moderate,MODERN,1.47354,103.848,1.0
Johor,Pelabuhan Pasir Gudang,MMJC006,2023,58.0,Coastal,mqims 2021-2025.pdf,Moderate,MODERN,1.43255,103.899,1.0
Johor,Hadapan HSAJB,MMJC007,2023,56.0,Coastal,mqims 2021-2025.pdf,Moderate,MODERN,1.45644,103.746,1.0
Johor,Pantai Lido,MMJC008,2023,55.0,Coastal,mqims 2021-2025.pdf,Moderate,MODERN,1.46556,103.725,1.0
Johor,Pantai Teluk Mahkota,MMJC009,2023,93.0,Coastal,mqims 2021-2025.pdf,Excellent,MODERN,1.89781,104.105,1.0
Johor,Pantai Tanjung Leman,MMJC010,2023,96.0,Coastal,mqims 2021-2025.pdf,Excellent,MODERN,2.14528,104.007,1.0
Johor,Pantai Sri Pantai,MMJC011,2023,97.0,Coastal,mqims 2021-2025.pdf,Excellent,MODERN,2.37917,103.889,1.0
N. Sembilan,Port Dickson Batu 7,MMNC007,2024,93.0,Coastal,mqims 2021-2025.pdf,Excellent,MODERN,2.46123,101.851,1.0
N. Sembilan,Port Dickson Batu 8,MMNC008,2024,94.0,Coastal,mqims 2021-2025.pdf,Excellent,MODERN,2.45415,101.854,1.0
N. Sembilan,Port Dickson Batu 10,MMNC009,2024,95.0,Coastal,mqims 2021-2025.pdf,Excellent,MODERN,2.41706,101.856,1.0
N. Sembilan,Port Dickson Janakuasa TNB,MMNC010,2024,95.0,Coastal,mqims 2021-2025.pdf,Excellent,MODERN,2.54237,101.798,1.0
N. Sembilan,Telok Pelanduk,MMNC011,2024,93.0,Coastal,mqims 2021-2025.pdf,Excellent,MODERN,2.41663,101.892,1.0
N. Sembilan,Pantai Cermin,MMNC012,2024,92.0,Coastal,mqims 2021-2025.pdf,Excellent,MODERN,2.41499,101.861,1.0
N. Sembilan,Pantai Teluk Kemang,MMNC013,2024,94.0,Coastal,mqims 2021-2025.pdf,Excellent,MODERN,2.44777,101.854,1.0
N. Sembilan,Pantai Seri Purnama,MMNC014,2024,95.0,Coastal,mqims 2021-2025.pdf,Excellent,MODERN,2.44313,101.855,1.0
Melaka,Pantai Rombang,MMMC001,2024,93.0,Coastal,mqims 2021-2025.pdf,Excellent,MODERN,2.22728,102.148,1.0
Melaka,Pantai Kundur,MMMC002,2024,90.0,Coastal,mqims 2021-2025.pdf,Excellent,MODERN,2.24319,102.14,1.0
Melaka,Pantai Tanjung Bidara,MMMC003,2024,94.0,Coastal,mqims 2021-2025.pdf,Excellent,MODERN,2.29075,102.088,1.0
Melaka,Teluk Gong,MMMC004,2024,92.0,Coastal,mqims 2021-2025.pdf,Excellent,MODERN,2.33983,102.056,1.0
Melaka,Pulau Melaka Point A1,MMMC005,2024,88.0,Coastal,mqims 2021-2025.pdf,Good,MODERN,2.17992,102.243,1.0
Melaka,Pulau Melaka Point A2,MMMC006,2024,88.0,Coastal,mqims 2021-2025.pdf,Good,MODERN,2.17644,102.252,1.0
Melaka,Pulau Melaka Point B1,MMMC007,2024,57.0,Coastal,mqims 2021-2025.pdf,Moderate,MODERN,2.18332,102.248,1.0
Melaka,Pulau Melaka Point B2,MMMC008,2024,56.0,Coastal,mqims 2021-2025.pdf,Moderate,MODERN,2.1813,102.255,1.0
Melaka,Pantai Klebang,MMMC009,2024,85.0,Coastal,mqims 2021-2025.pdf,Good,MODERN,2.21607,102.191,1.0
Johor,Tanjung Bin,MMJC001,2024,93.0,Coastal,mqims 2021-2025.pdf,Excellent,MODERN,1.32456,103.557,1.0
Johor,Pelabuhan Tanjung Pelepas,MMJC002,2024,92.0,Coastal,mqims 2021-2025.pdf,Excellent,MODERN,1.35361,103.543,1.0
Johor,Hadapan Jabatan Laut,MMJC003,2024,83.0,Coastal,mqims 2021-2025.pdf,Good,MODERN,1.38275,103.535,1.0
Johor,Pantai Stulang Laut,MMJC004,2024,55.0,Coastal,mqims 2021-2025.pdf,Moderate,MODERN,1.46722,103.779,1.0
Johor,Jeti Teluk Jawa,MMJC005,2024,79.0,Coastal,mqims 2021-2025.pdf,Moderate,MODERN,1.47354,103.848,1.0
Johor,Pelabuhan Pasir Gudang,MMJC006,2024,59.0,Coastal,mqims 2021-2025.pdf,Moderate,MODERN,1.43255,103.899,1.0
Johor,Hadapan HSAJB,MMJC007,2024,56.0,Coastal,mqims 2021-2025.pdf,Moderate,MODERN,1.45644,103.746,1.0
Johor,Pantai Lido,MMJC008,2024,54.0,Coastal,mqims 2021-2025.pdf,Moderate,MODERN,1.46556,103.725,1.0
Johor,Pantai Teluk Mahkota,MMJC009,2024,95.0,Coastal,mqims 2021-2025.pdf,Excellent,MODERN,1.89781,104.105,1.0
Johor,Pantai Tanjung Leman,MMJC010,2024,96.0,Coastal,mqims 2021-2025.pdf,Excellent,MODERN,2.14528,104.007,1.0
Johor,Pantai Sri Pantai,MMJC011,2024,96.0,Coastal,mqims 2021-2025.pdf,Excellent,MODERN,2.37917,103.889,1.0
N. Sembilan,Port Dickson Batu 7,MMNC007,2025,92.0,Coastal,mqims 2021-2025.pdf,Excellent,MODERN,2.46123,101.851,1.0
N. Sembilan,Port Dickson Batu 8,MMNC008,2025,95.0,Coastal,mqims 2021-2025.pdf,Excellent,MODERN,2.45415,101.854,1.0
N. Sembilan,Port Dickson Batu 10,MMNC009,2025,91.0,Coastal,mqims 2021-2025.pdf,Excellent,MODERN,2.41706,101.856,1.0
N. Sembilan,Port Dickson Janakuasa TNB,MMNC010,2025,91.0,Coastal,mqims 2021-2025.pdf,Excellent,MODERN,2.54237,101.798,1.0
N. Sembilan,Telok Pelanduk,MMNC011,2025,91.0,Coastal,mqims 2021-2025.pdf,Excellent,MODERN,2.41663,101.892,1.0
N. Sembilan,Pantai Cermin,MMNC012,2025,94.0,Coastal,mqims 2021-2025.pdf,Excellent,MODERN,2.41499,101.861,1.0
N. Sembilan,Pantai Teluk Kemang,MMNC013,2025,94.0,Coastal,mqims 2021-2025.pdf,Excellent,MODERN,2.44777,101.854,1.0
N. Sembilan,Pantai Seri Purnama,MMNC014,2025,95.0,Coastal,mqims 2021-2025.pdf,Excellent,MODERN,2.44313,101.855,1.0
Melaka,Pantai Rombang,MMMC001,2025,87.0,Coastal,mqims 2021-2025.pdf,Good,MODERN,2.22728,102.148,1.0
Melaka,Pantai Kundur,MMMC002,2025,90.0,Coastal,mqims 2021-2025.pdf,Excellent,MODERN,2.24319,102.14,1.0
Melaka,Pantai Tanjung Bidara,MMMC003,2025,86.0,Coastal,mqims 2021-2025.pdf,Good,MODERN,2.29075,102.088,1.0
Melaka,Teluk Gong,MMMC004,2025,85.0,Coastal,mqims 2021-2025.pdf,Good,MODERN,2.33983,102.056,1.0
Melaka,Pulau Melaka Point A1,MMMC005,2025,82.0,Coastal,mqims 2021-2025.pdf,Good,MODERN,2.17992,102.243,1.0
Melaka,Pulau Melaka Point A2,MMMC006,2025,90.0,Coastal,mqims 2021-2025.pdf,Excellent,MODERN,2.17644,102.252,1.0
Melaka,Pulau Melaka Point B1,MMMC007,2025,59.0,Coastal,mqims 2021-2025.pdf,Moderate,MODERN,2.18332,102.248,1.0
Melaka,Pulau Melaka Point B2,MMMC008,2025,58.0,Coastal,mqims 2021-2025.pdf,Moderate,MODERN,2.1813,102.255,1.0
Melaka,Pantai Klebang,MMMC009,2025,91.0,Coastal,mqims 2021-2025.pdf,Excellent,MODERN,2.21607,102.191,1.0
Johor,Tanjung Bin,MMJC001,2025,87.0,Coastal,mqims 2021-2025.pdf,Good,MODERN,1.32456,103.557,1.0
Johor,Pelabuhan Tanjung Pelepas,MMJC002,2025,86.0,Coastal,mqims 2021-2025.pdf,Good,MODERN,1.35361,103.543,1.0
Johor,Hadapan Jabatan Laut,MMJC003,2025,73.0,Coastal,mqims 2021-2025.pdf,Moderate,MODERN,1.38275,103.535,1.0
Johor,Pantai Stulang Laut,MMJC004,2025,53.0,Coastal,mqims 2021-2025.pdf,Moderate,MODERN,1.46722,103.779,1.0
Johor,Jeti Teluk Jawa,MMJC005,2025,59.0,Coastal,mqims 2021-2025.pdf,Moderate,MODERN,1.47354,103.848,1.0
Johor,Pelabuhan Pasir Gudang,MMJC006,2025,57.0,Coastal,mqims 2021-2025.pdf,Moderate,MODERN,1.43255,103.899,1.0
Johor,Hadapan HSAJB,MMJC007,2025,53.0,Coastal,mqims 2021-2025.pdf,Moderate,MODERN,1.45644,103.746,1.0
Johor,Pantai Lido,MMJC008,2025,52.0,Coastal,mqims 2021-2025.pdf,Moderate,MODERN,1.46556,103.725,1.0
Johor,Pantai Teluk Mahkota,MMJC009,2025,91.0,Coastal,mqims 2021-2025.pdf,Excellent,MODERN,1.89781,104.105,1.0
Johor,Pantai Tanjung Leman,MMJC010,2025,93.0,Coastal,mqims 2021-2025.pdf,Excellent,MODERN,2.14528,104.007,1.0
Johor,Pantai Sri Pantai,MMJC011,2025,94.0,Coastal,mqims 2021-2025.pdf,Excellent,MODERN,2.37917,103.889,1.0
Johor,Tanjung Merak,MMJC012,2021,85.0,Coastal,mqims 2021-2025.pdf,Good,MODERN,1.36275,104.11,1.0
Johor,Tanjung Pengelih,MMJC013,2021,92.0,Coastal,mqims 2021-2025.pdf,Excellent,MODERN,1.37075,104.089,1.0
Johor,Pantai Tanjong Stapa,MMJC014,2021,72.0,Coastal,mqims 2021-2025.pdf,Moderate,MODERN,1.3425,104.136,1.0
Johor,Pantai Teluk Gorek,MMJC015,2021,93.0,Coastal,mqims 2021-2025.pdf,Excellent,MODERN,2.5825,103.805,1.0
Johor,Pantai Air Papan,MMJC016,2021,92.0,Coastal,mqims 2021-2025.pdf,Excellent,MODERN,2.51806,103.833,1.0
Johor,Jeti Kukup,MMJC017,2021,62.0,Coastal,mqims 2021-2025.pdf,Moderate,MODERN,1.325,103.441,1.0
Johor,Pasir Gogok,MMJC018,2021,89.0,Coastal,mqims 2021-2025.pdf,Good,MODERN,1.41744,104.1,1.0
Johor,Tanjung Buai,MMJC019,2021,91.0,Coastal,mqims 2021-2025.pdf,Excellent,MODERN,1.49669,104.045,1.0
Johor,Pantai Desaru,MMJC020,2021,94.0,Coastal,mqims 2021-2025.pdf,Excellent,MODERN,1.54667,104.261,1.0
Johor,Tanjung Sepang,MMJC021,2021,90.0,Coastal,mqims 2021-2025.pdf,Excellent,MODERN,1.39192,104.108,1.0
Johor,Tanjung Penyusup,MMJC022,2021,93.0,Coastal,mqims 2021-2025.pdf,Excellent,MODERN,1.37025,104.28,1.0
Johor,Pantai Sungai Lurus,MMJC023,2021,88.0,Coastal,mqims 2021-2025.pdf,Good,MODERN,1.72833,103.029,1.0
Johor,Punggur,MMJC024,2021,90.0,Coastal,mqims 2021-2025.pdf,Excellent,MODERN,1.68472,103.098,1.0
Johor,Pantai Penyabung,MMJC025,2021,95.0,Coastal,mqims 2021-2025.pdf,Excellent,MODERN,2.64874,103.75,1.0
Johor,Tanjung Resang,MMJC026,2021,92.0,Coastal,mqims 2021-2025.pdf,Excellent,MODERN,2.57397,103.817,1.0
Johor,Tanjung Balau,MMJC027,2021,94.0,Coastal,mqims 2021-2025.pdf,Excellent,MODERN,1.61269,104.261,1.0
Johor,Batu Layar,MMJC028,2021,92.0,Coastal,mqims 2021-2025.pdf,Excellent,MODERN,1.44611,104.296,1.0
Johor,Tanjung Sengat,MMJC029,2021,85.0,Coastal,mqims 2021-2025.pdf,Good,MODERN,1.56073,104.03,1.0
Pahang,Pantai Cherating (Club Med A),MMCC001,2021,95.0,Coastal,mqims 2021-2025.pdf,Excellent,MODERN,4.14197,103.409,1.0
Pahang,Pantai Cherating (Club Med B),MMCC002,2021,97.0,Coastal,mqims 2021-2025.pdf,Excellent,MODERN,4.12786,103.406,1.0
Pahang,Pantai Cherating (Legend A),MMCC003,2021,93.0,Coastal,mqims 2021-2025.pdf,Excellent,MODERN,4.11167,103.386,1.0
Pahang,Pantai Cherating (Legend B),MMCC004,2021,95.0,Coastal,mqims 2021-2025.pdf,Excellent,MODERN,4.10461,103.386,1.0
Pahang,Pantai Muhibbah Balok A,MMCC005,2021,90.0,Coastal,mqims 2021-2025.pdf,Excellent,MODERN,3.94163,103.385,1.0
Pahang,Pantai Muhibbah Balok B,MMCC006,2021,74.0,Coastal,mqims 2021-2025.pdf,Moderate,MODERN,3.92353,103.375,1.0
Pahang,Pantai Batu Hitam A,MMCC007,2021,92.0,Coastal,mqims 2021-2025.pdf,Excellent,MODERN,3.886,103.368,1.0
Pahang,Pantai Batu Hitam B,MMCC008,2021,84.0,Coastal,mqims 2021-2025.pdf,Good,MODERN,3.89031,103.369,1.0
Pahang,Pantai Berserah A,MMCC009,2021,93.0,Coastal,mqims 2021-2025.pdf,Excellent,MODERN,3.88228,103.368,1.0
Pahang,Pantai Berserah B,MMCC010,2021,90.0,Coastal,mqims 2021-2025.pdf,Excellent,MODERN,3.876,103.369,1.0
Pahang,Pantai Teluk Cempedak A,MMCC011,2021,94.0,Coastal,mqims 2021-2025.pdf,Excellent,MODERN,3.81667,103.374,1.0
Johor,Tanjung Merak,MMJC012,2022,89.0,Coastal,mqims 2021-2025.pdf,Good,MODERN,1.36275,104.11,1.0
Johor,Tanjung Pengelih,MMJC013,2022,88.0,Coastal,mqims 2021-2025.pdf,Good,MODERN,1.37075,104.089,1.0
Johor,Pantai Tanjong Stapa,MMJC014,2022,77.0,Coastal,mqims 2021-2025.pdf,Moderate,MODERN,1.3425,104.136,1.0
Johor,Pantai Teluk Gorek,MMJC015,2022,93.0,Coastal,mqims 2021-2025.pdf,Excellent,MODERN,2.5825,103.805,1.0
Johor,Pantai Air Papan,MMJC016,2022,93.0,Coastal,mqims 2021-2025.pdf,Excellent,MODERN,2.51806,103.833,1.0
Johor,Jeti Kukup,MMJC017,2022,83.0,Coastal,mqims 2021-2025.pdf,Good,MODERN,1.325,103.441,1.0
Johor,Pasir Gogok,MMJC018,2022,89.0,Coastal,mqims 2021-2025.pdf,Good,MODERN,1.41744,104.1,1.0
Johor,Tanjung Buai,MMJC019,2022,87.0,Coastal,mqims 2021-2025.pdf,Good,MODERN,1.49669,104.045,1.0
Johor,Pantai Desaru,MMJC020,2022,95.0,Coastal,mqims 2021-2025.pdf,Excellent,MODERN,1.54667,104.261,1.0
Johor,Tanjung Sepang,MMJC021,2022,93.0,Coastal,mqims 2021-2025.pdf,Excellent,MODERN,1.39192,104.108,1.0
Johor,Tanjung Penyusup,MMJC022,2022,93.0,Coastal,mqims 2021-2025.pdf,Excellent,MODERN,1.37025,104.28,1.0
Johor,Pantai Sungai Lurus,MMJC023,2022,85.0,Coastal,mqims 2021-2025.pdf,Good,MODERN,1.72833,103.029,1.0
Johor,Punggur,MMJC024,2022,79.0,Coastal,mqims 2021-2025.pdf,Moderate,MODERN,1.68472,103.098,1.0
Johor,Pantai Penyabung,MMJC025,2022,96.0,Coastal,mqims 2021-2025.pdf,Excellent,MODERN,2.64874,103.75,1.0
Johor,Tanjung Resang,MMJC026,2022,94.0,Coastal,mqims 2021-2025.pdf,Excellent,MODERN,2.57397,103.817,1.0
Johor,Tanjung Balau,MMJC027,2022,94.0,Coastal,mqims 2021-2025.pdf,Excellent,MODERN,1.61269,104.261,1.0
Johor,Batu Layar,MMJC028,2022,95.0,Coastal,mqims 2021-2025.pdf,Excellent,MODERN,1.44611,104.296,1.0
Johor,Tanjung Sengat,MMJC029,2022,92.0,Coastal,mqims 2021-2025.pdf,Excellent,MODERN,1.56073,104.03,1.0
Pahang,Pantai Cherating (Club Med A),MMCC001,2022,80.0,Coastal,mqims 2021-2025.pdf,Good,MODERN,4.14197,103.409,1.0
Pahang,Pantai Cherating (Club Med B),MMCC002,2022,87.0,Coastal,mqims 2021-2025.pdf,Good,MODERN,4.12786,103.406,1.0
Pahang,Pantai Cherating (Legend A),MMCC003,2022,93.0,Coastal,mqims 2021-2025.pdf,Excellent,MODERN,4.11167,103.386,1.0
Pahang,Pantai Cherating (Legend B),MMCC004,2022,94.0,Coastal,mqims 2021-2025.pdf,Excellent,MODERN,4.10461,103.386,1.0
Pahang,Pantai Muhibbah Balok A,MMCC005,2022,93.0,Coastal,mqims 2021-2025.pdf,Excellent,MODERN,3.94163,103.385,1.0
Pahang,Pantai Muhibbah Balok B,MMCC006,2022,90.0,Coastal,mqims 2021-2025.pdf,Excellent,MODERN,3.92353,103.375,1.0
Pahang,Pantai Batu Hitam A,MMCC007,2022,93.0,Coastal,mqims 2021-2025.pdf,Excellent,MODERN,3.886,103.368,1.0
Pahang,Pantai Batu Hitam B,MMCC008,2022,96.0,Coastal,mqims 2021-2025.pdf,Excellent,MODERN,3.89031,103.369,1.0
Pahang,Pantai Berserah A,MMCC009,2022,93.0,Coastal,mqims 2021-2025.pdf,Excellent,MODERN,3.88228,103.368,1.0
Pahang,Pantai Berserah B,MMCC010,2022,90.0,Coastal,mqims 2021-2025.pdf,Excellent,MODERN,3.876,103.369,1.0
Pahang,Pantai Teluk Cempedak A,MMCC011,2022,95.0,Coastal,mqims 2021-2025.pdf,Excellent,MODERN,3.81667,103.374,1.0
Johor,Tanjung Merak,MMJC012,2023,92.0,Coastal,mqims 2021-2025.pdf,Excellent,MODERN,1.36275,104.11,1.0
Johor,Tanjung Pengelih,MMJC013,2023,94.0,Coastal,mqims 2021-2025.pdf,Excellent,MODERN,1.37075,104.089,1.0
Johor,Pantai Tanjong Stapa,MMJC014,2023,93.0,Coastal,mqims 2021-2025.pdf,Excellent,MODERN,1.3425,104.136,1.0
Johor,Pantai Teluk Gorek,MMJC015,2023,95.0,Coastal,mqims 2021-2025.pdf,Excellent,MODERN,2.5825,103.805,1.0
Johor,Pantai Air Papan,MMJC016,2023,95.0,Coastal,mqims 2021-2025.pdf,Excellent,MODERN,2.51806,103.833,1.0
Johor,Jeti Kukup,MMJC017,2023,70.0,Coastal,mqims 2021-2025.pdf,Moderate,MODERN,1.325,103.441,1.0
Johor,Pasir Gogok,MMJC018,2023,91.0,Coastal,mqims 2021-2025.pdf,Excellent,MODERN,1.41744,104.1,1.0
Johor,Tanjung Buai,MMJC019,2023,89.0,Coastal,mqims 2021-2025.pdf,Good,MODERN,1.49669,104.045,1.0
Johor,Pantai Desaru,MMJC020,2023,96.0,Coastal,mqims 2021-2025.pdf,Excellent,MODERN,1.54667,104.261,1.0
Johor,Tanjung Sepang,MMJC021,2023,92.0,Coastal,mqims 2021-2025.pdf,Excellent,MODERN,1.39192,104.108,1.0
Johor,Tanjung Penyusup,MMJC022,2023,95.0,Coastal,mqims 2021-2025.pdf,Excellent,MODERN,1.37025,104.28,1.0
Johor,Pantai Sungai Lurus,MMJC023,2023,94.0,Coastal,mqims 2021-2025.pdf,Excellent,MODERN,1.72833,103.029,1.0
Johor,Punggur,MMJC024,2023,95.0,Coastal,mqims 2021-2025.pdf,Excellent,MODERN,1.68472,103.098,1.0
Johor,Pantai Penyabung,MMJC025,2023,94.0,Coastal,mqims 2021-2025.pdf,Excellent,MODERN,2.64874,103.75,1.0
Johor,Tanjung Resang,MMJC026,2023,94.0,Coastal,mqims 2021-2025.pdf,Excellent,MODERN,2.57397,103.817,1.0
Johor,Tanjung Balau,MMJC027,2023,97.0,Coastal,mqims 2021-2025.pdf,Excellent,MODERN,1.61269,104.261,1.0
Johor,Batu Layar,MMJC028,2023,97.0,Coastal,mqims 2021-2025.pdf,Excellent,MODERN,1.44611,104.296,1.0
Johor,Tanjung Sengat,MMJC029,2023,83.0,Coastal,mqims 2021-2025.pdf,Good,MODERN,1.56073,104.03,1.0
Pahang,Pantai Cherating (Club Med A),MMCC001,2023,96.0,Coastal,mqims 2021-2025.pdf,Excellent,MODERN,4.14197,103.409,1.0
Pahang,Pantai Cherating (Club Med B),MMCC002,2023,96.0,Coastal,mqims 2021-2025.pdf,Excellent,MODERN,4.12786,103.406,1.0
Pahang,Pantai Cherating (Legend A),MMCC003,2023,96.0,Coastal,mqims 2021-2025.pdf,Excellent,MODERN,4.11167,103.386,1.0
Pahang,Pantai Cherating (Legend B),MMCC004,2023,96.0,Coastal,mqims 2021-2025.pdf,Excellent,MODERN,4.10461,103.386,1.0
Pahang,Pantai Muhibbah Balok A,MMCC005,2023,96.0,Coastal,mqims 2021-2025.pdf,Excellent,MODERN,3.94163,103.385,1.0
Pahang,Pantai Muhibbah Balok B,MMCC006,2023,92.0,Coastal,mqims 2021-2025.pdf,Excellent,MODERN,3.92353,103.375,1.0
Pahang,Pantai Batu Hitam A,MMCC007,2023,92.0,Coastal,mqims 2021-2025.pdf,Excellent,MODERN,3.886,103.368,1.0
Pahang,Pantai Batu Hitam B,MMCC008,2023,94.0,Coastal,mqims 2021-2025.pdf,Excellent,MODERN,3.89031,103.369,1.0
Pahang,Pantai Berserah A,MMCC009,2023,93.0,Coastal,mqims 2021-2025.pdf,Excellent,MODERN,3.88228,103.368,1.0
Pahang,Pantai Berserah B,MMCC010,2023,94.0,Coastal,mqims 2021-2025.pdf,Excellent,MODERN,3.876,103.369,1.0
Pahang,Pantai Teluk Cempedak A,MMCC011,2023,95.0,Coastal,mqims 2021-2025.pdf,Excellent,MODERN,3.81667,103.374,1.0
Johor,Tanjung Merak,MMJC012,2024,95.0,Coastal,mqims 2021-2025.pdf,Excellent,MODERN,1.36275,104.11,1.0
Johor,Tanjung Pengelih,MMJC013,2024,95.0,Coastal,mqims 2021-2025.pdf,Excellent,MODERN,1.37075,104.089,1.0
Johor,Pantai Tanjong Stapa,MMJC014,2024,95.0,Coastal,mqims 2021-2025.pdf,Excellent,MODERN,1.3425,104.136,1.0
Johor,Pantai Teluk Gorek,MMJC015,2024,96.0,Coastal,mqims 2021-2025.pdf,Excellent,MODERN,2.5825,103.805,1.0
Johor,Pantai Air Papan,MMJC016,2024,95.0,Coastal,mqims 2021-2025.pdf,Excellent,MODERN,2.51806,103.833,1.0
Johor,Jeti Kukup,MMJC017,2024,76.0,Coastal,mqims 2021-2025.pdf,Moderate,MODERN,1.325,103.441,1.0
Johor,Pasir Gogok,MMJC018,2024,93.0,Coastal,mqims 2021-2025.pdf,Excellent,MODERN,1.41744,104.1,1.0
Johor,Tanjung Buai,MMJC019,2024,90.0,Coastal,mqims 2021-2025.pdf,Excellent,MODERN,1.49669,104.045,1.0
Johor,Pantai Desaru,MMJC020,2024,94.0,Coastal,mqims 2021-2025.pdf,Excellent,MODERN,1.54667,104.261,1.0
Johor,Tanjung Sepang,MMJC021,2024,94.0,Coastal,mqims 2021-2025.pdf,Excellent,MODERN,1.39192,104.108,1.0
Johor,Tanjung Penyusup,MMJC022,2024,94.0,Coastal,mqims 2021-2025.pdf,Excellent,MODERN,1.37025,104.28,1.0
Johor,Pantai Sungai Lurus,MMJC023,2024,94.0,Coastal,mqims 2021-2025.pdf,Excellent,MODERN,1.72833,103.029,1.0
Johor,Punggur,MMJC024,2024,81.0,Coastal,mqims 2021-2025.pdf,Good,MODERN,1.68472,103.098,1.0
Johor,Pantai Penyabung,MMJC025,2024,95.0,Coastal,mqims 2021-2025.pdf,Excellent,MODERN,2.64874,103.75,1.0
Johor,Tanjung Resang,MMJC026,2024,95.0,Coastal,mqims 2021-2025.pdf,Excellent,MODERN,2.57397,103.817,1.0
Johor,Tanjung Balau,MMJC027,2024,96.0,Coastal,mqims 2021-2025.pdf,Excellent,MODERN,1.61269,104.261,1.0
Johor,Batu Layar,MMJC028,2024,96.0,Coastal,mqims 2021-2025.pdf,Excellent,MODERN,1.44611,104.296,1.0
Johor,Tanjung Sengat,MMJC029,2024,89.0,Coastal,mqims 2021-2025.pdf,Good,MODERN,1.56073,104.03,1.0
Pahang,Pantai Cherating (Club Med A),MMCC001,2024,96.0,Coastal,mqims 2021-2025.pdf,Excellent,MODERN,4.14197,103.409,1.0
Pahang,Pantai Cherating (Club Med B),MMCC002,2024,97.0,Coastal,mqims 2021-2025.pdf,Excellent,MODERN,4.12786,103.406,1.0
Pahang,Pantai Cherating (Legend A),MMCC003,2024,95.0,Coastal,mqims 2021-2025.pdf,Excellent,MODERN,4.11167,103.386,1.0
Pahang,Pantai Cherating (Legend B),MMCC004,2024,97.0,Coastal,mqims 2021-2025.pdf,Excellent,MODERN,4.10461,103.386,1.0
Pahang,Pantai Muhibbah Balok A,MMCC005,2024,94.0,Coastal,mqims 2021-2025.pdf,Excellent,MODERN,3.94163,103.385,1.0
Pahang,Pantai Muhibbah Balok B,MMCC006,2024,94.0,Coastal,mqims 2021-2025.pdf,Excellent,MODERN,3.92353,103.375,1.0
Pahang,Pantai Batu Hitam A,MMCC007,2024,95.0,Coastal,mqims 2021-2025.pdf,Excellent,MODERN,3.886,103.368,1.0
Pahang,Pantai Batu Hitam B,MMCC008,2024,97.0,Coastal,mqims 2021-2025.pdf,Excellent,MODERN,3.89031,103.369,1.0
Pahang,Pantai Berserah A,MMCC009,2024,95.0,Coastal,mqims 2021-2025.pdf,Excellent,MODERN,3.88228,103.368,1.0
Pahang,Pantai Berserah B,MMCC010,2024,93.0,Coastal,mqims 2021-2025.pdf,Excellent,MODERN,3.876,103.369,1.0
Pahang,Pantai Teluk Cempedak A,MMCC011,2024,92.0,Coastal,mqims 2021-2025.pdf,Excellent,MODERN,3.81667,103.374,1.0
Johor,Tanjung Merak,MMJC012,2025,90.0,Coastal,mqims 2021-2025.pdf,Excellent,MODERN,1.36275,104.11,1.0
Johor,Tanjung Pengelih,MMJC013,2025,92.0,Coastal,mqims 2021-2025.pdf,Excellent,MODERN,1.37075,104.089,1.0
Johor,Pantai Tanjong Stapa,MMJC014,2025,76.0,Coastal,mqims 2021-2025.pdf,Moderate,MODERN,1.3425,104.136,1.0
Johor,Pantai Teluk Gorek,MMJC015,2025,94.0,Coastal,mqims 2021-2025.pdf,Excellent,MODERN,2.5825,103.805,1.0
Johor,Pantai Air Papan,MMJC016,2025,95.0,Coastal,mqims 2021-2025.pdf,Excellent,MODERN,2.51806,103.833,1.0
Johor,Jeti Kukup,MMJC017,2025,77.0,Coastal,mqims 2021-2025.pdf,Moderate,MODERN,1.325,103.441,1.0
Johor,Pasir Gogok,MMJC018,2025,84.0,Coastal,mqims 2021-2025.pdf,Good,MODERN,1.41744,104.1,1.0
Johor,Tanjung Buai,MMJC019,2025,83.0,Coastal,mqims 2021-2025.pdf,Good,MODERN,1.49669,104.045,1.0
Johor,Pantai Desaru,MMJC020,2025,96.0,Coastal,mqims 2021-2025.pdf,Excellent,MODERN,1.54667,104.261,1.0
Johor,Tanjung Sepang,MMJC021,2025,88.0,Coastal,mqims 2021-2025.pdf,Good,MODERN,1.39192,104.108,1.0
Johor,Tanjung Penyusup,MMJC022,2025,93.0,Coastal,mqims 2021-2025.pdf,Excellent,MODERN,1.37025,104.28,1.0
Johor,Pantai Sungai Lurus,MMJC023,2025,84.0,Coastal,mqims 2021-2025.pdf,Good,MODERN,1.72833,103.029,1.0
Johor,Punggur,MMJC024,2025,74.0,Coastal,mqims 2021-2025.pdf,Moderate,MODERN,1.68472,103.098,1.0
Johor,Pantai Penyabung,MMJC025,2025,95.0,Coastal,mqims 2021-2025.pdf,Excellent,MODERN,2.64874,103.75,1.0
Johor,Tanjung Resang,MMJC026,2025,94.0,Coastal,mqims 2021-2025.pdf,Excellent,MODERN,2.57397,103.817,1.0
Johor,Tanjung Balau,MMJC027,2025,94.0,Coastal,mqims 2021-2025.pdf,Excellent,MODERN,1.61269,104.261,1.0
Johor,Batu Layar,MMJC028,2025,94.0,Coastal,mqims 2021-2025.pdf,Excellent,MODERN,1.44611,104.296,1.0
Johor,Tanjung Sengat,MMJC029,2025,88.0,Coastal,mqims 2021-2025.pdf,Good,MODERN,1.56073,104.03,1.0
Pahang,Pantai Cherating (Club Med A),MMCC001,2025,95.0,Coastal,mqims 2021-2025.pdf,Excellent,MODERN,4.14197,103.409,1.0
Pahang,Pantai Cherating (Club Med B),MMCC002,2025,96.0,Coastal,mqims 2021-2025.pdf,Excellent,MODERN,4.12786,103.406,1.0
Pahang,Pantai Cherating (Legend A),MMCC003,2025,94.0,Coastal,mqims 2021-2025.pdf,Excellent,MODERN,4.11167,103.386,1.0
Pahang,Pantai Cherating (Legend B),MMCC004,2025,96.0,Coastal,mqims 2021-2025.pdf,Excellent,MODERN,4.10461,103.386,1.0
Pahang,Pantai Muhibbah Balok A,MMCC005,2025,93.0,Coastal,mqims 2021-2025.pdf,Excellent,MODERN,3.94163,103.385,1.0
Pahang,Pantai Muhibbah Balok B,MMCC006,2025,72.0,Coastal,mqims 2021-2025.pdf,Moderate,MODERN,3.92353,103.375,1.0
Pahang,Pantai Batu Hitam A,MMCC007,2025,93.0,Coastal,mqims 2021-2025.pdf,Excellent,MODERN,3.886,103.368,1.0
Pahang,Pantai Batu Hitam B,MMCC008,2025,92.0,Coastal,mqims 2021-2025.pdf,Excellent,MODERN,3.89031,103.369,1.0
Pahang,Pantai Berserah A,MMCC009,2025,96.0,Coastal,mqims 2021-2025.pdf,Excellent,MODERN,3.88228,103.368,1.0
Pahang,Pantai Berserah B,MMCC010,2025,95.0,Coastal,mqims 2021-2025.pdf,Excellent,MODERN,3.876,103.369,1.0
Pahang,Pantai Teluk Cempedak A,MMCC011,2025,93.0,Coastal,mqims 2021-2025.pdf,Excellent,MODERN,3.81667,103.374,1.0
Pahang,Pantai Teluk Cempedak B,MMCC012,2021,93.0,Coastal,mqims 2021-2025.pdf,Excellent,MODERN,3.81019,103.374,1.0
Pahang,Pantai Teluk Gelora A,MMCC013,2021,72.0,Coastal,mqims 2021-2025.pdf,Moderate,MODERN,3.80303,103.364,1.0
Pahang,Pantai Teluk Gelora B,MMCC014,2021,59.0,Coastal,mqims 2021-2025.pdf,Moderate,MODERN,3.80278,103.351,1.0
Pahang,Pantai Sepat A,MMCC015,2021,94.0,Coastal,mqims 2021-2025.pdf,Excellent,MODERN,3.7015,103.339,1.0
Pahang,Pantai Sepat B,MMCC016,2021,95.0,Coastal,mqims 2021-2025.pdf,Excellent,MODERN,3.69886,103.34,1.0
Pahang,Pantai Legenda A,MMCC017,2021,92.0,Coastal,mqims 2021-2025.pdf,Excellent,MODERN,3.61798,103.413,1.0
Pahang,Pantai Legenda B,MMCC018,2021,92.0,Coastal,mqims 2021-2025.pdf,Excellent,MODERN,3.55029,103.467,1.0
Pahang,Pantai Kuala Api-Api,MMCC019,2021,94.0,Coastal,mqims 2021-2025.pdf,Excellent,MODERN,3.28119,103.433,1.0
Pahang,Pantai Tanjung Batu,MMCC020,2021,94.0,Coastal,mqims 2021-2025.pdf,Excellent,MODERN,3.20503,103.447,1.0
Pahang,Pantai Chendor,MMCC021,2021,92.0,Coastal,mqims 2021-2025.pdf,Excellent,MODERN,4.16419,103.414,1.0
Pahang,Pantai Lanjut,MMCC022,2021,94.0,Coastal,mqims 2021-2025.pdf,Excellent,MODERN,2.84378,103.472,1.0
Terengganu,Pantai Batu Buruk,MMTC001,2021,88.0,Coastal,mqims 2021-2025.pdf,Good,MODERN,5.32654,103.156,1.0
Terengganu,Pantai Bukit Keluang,MMTC002,2021,96.0,Coastal,mqims 2021-2025.pdf,Excellent,MODERN,5.80676,102.61,1.0
Terengganu,Pantai Chendering,MMTC003,2021,95.0,Coastal,mqims 2021-2025.pdf,Excellent,MODERN,5.27104,103.189,1.0
Terengganu,Pantai Rantau Abang,MMTC004,2021,96.0,Coastal,mqims 2021-2025.pdf,Excellent,MODERN,4.87237,103.393,1.0
Terengganu,KIPC Utara,MMTC005,2021,95.0,Coastal,mqims 2021-2025.pdf,Excellent,MODERN,4.61285,103.452,1.0
Terengganu,KIPC Tengah,MMTC006,2021,94.0,Coastal,mqims 2021-2025.pdf,Excellent,MODERN,4.58227,103.466,1.0
Terengganu,KIPC Selatan,MMTC007,2021,95.0,Coastal,mqims 2021-2025.pdf,Excellent,MODERN,4.5536,103.477,1.0
Terengganu,Pantai Rhu 10,MMTC008,2021,97.0,Coastal,mqims 2021-2025.pdf,Excellent,MODERN,5.65011,102.774,1.0
Terengganu,Pantai Tok Jembal,MMTC009,2021,95.0,Coastal,mqims 2021-2025.pdf,Excellent,MODERN,5.40042,103.107,1.0
Terengganu,Pantai Kelulut,MMTC010,2021,96.0,Coastal,mqims 2021-2025.pdf,Excellent,MODERN,5.19043,103.226,1.0
Terengganu,Pantai Teluk Ketapang,MMTC011,2021,96.0,Coastal,mqims 2021-2025.pdf,Excellent,MODERN,5.38492,103.118,1.0
Terengganu,Pantai Kuala Abang,MMTC012,2021,95.0,Coastal,mqims 2021-2025.pdf,Excellent,MODERN,4.82743,103.42,1.0
Terengganu,Pantai Teluk Kalong,MMTC013,2021,95.0,Coastal,mqims 2021-2025.pdf,Excellent,MODERN,4.28333,103.478,1.0
Terengganu,Pantai Sura,MMTC014,2021,94.0,Coastal,mqims 2021-2025.pdf,Excellent,MODERN,4.77019,103.424,1.0
Terengganu,Pantai Tanjung Bidara,MMTC015,2021,94.0,Coastal,mqims 2021-2025.pdf,Excellent,MODERN,4.78506,103.438,1.0
Terengganu,Pantai Kemasik,MMTC016,2021,97.0,Coastal,mqims 2021-2025.pdf,Excellent,MODERN,4.45595,103.449,1.0
Pahang,Pantai Teluk Cempedak B,MMCC012,2022,95.0,Coastal,mqims 2021-2025.pdf,Excellent,MODERN,3.81019,103.374,1.0
Pahang,Pantai Teluk Gelora A,MMCC013,2022,70.0,Coastal,mqims 2021-2025.pdf,Moderate,MODERN,3.80303,103.364,1.0
Pahang,Pantai Teluk Gelora B,MMCC014,2022,59.0,Coastal,mqims 2021-2025.pdf,Moderate,MODERN,3.80278,103.351,1.0
Pahang,Pantai Sepat A,MMCC015,2022,96.0,Coastal,mqims 2021-2025.pdf,Excellent,MODERN,3.7015,103.339,1.0
Pahang,Pantai Sepat B,MMCC016,2022,95.0,Coastal,mqims 2021-2025.pdf,Excellent,MODERN,3.69886,103.34,1.0
Pahang,Pantai Legenda A,MMCC017,2022,95.0,Coastal,mqims 2021-2025.pdf,Excellent,MODERN,3.61798,103.413,1.0
Pahang,Pantai Legenda B,MMCC018,2022,95.0,Coastal,mqims 2021-2025.pdf,Excellent,MODERN,3.55029,103.467,1.0
Pahang,Pantai Kuala Api-Api,MMCC019,2022,95.0,Coastal,mqims 2021-2025.pdf,Excellent,MODERN,3.28119,103.433,1.0
Pahang,Pantai Tanjung Batu,MMCC020,2022,92.0,Coastal,mqims 2021-2025.pdf,Excellent,MODERN,3.20503,103.447,1.0
Pahang,Pantai Chendor,MMCC021,2022,84.0,Coastal,mqims 2021-2025.pdf,Good,MODERN,4.16419,103.414,1.0
Pahang,Pantai Lanjut,MMCC022,2022,91.0,Coastal,mqims 2021-2025.pdf,Excellent,MODERN,2.84378,103.472,1.0
Terengganu,Pantai Batu Buruk,MMTC001,2022,95.0,Coastal,mqims 2021-2025.pdf,Excellent,MODERN,5.32654,103.156,1.0
Terengganu,Pantai Bukit Keluang,MMTC002,2022,95.0,Coastal,mqims 2021-2025.pdf,Excellent,MODERN,5.80676,102.61,1.0
Terengganu,Pantai Chendering,MMTC003,2022,95.0,Coastal,mqims 2021-2025.pdf,Excellent,MODERN,5.27104,103.189,1.0
Terengganu,Pantai Rantau Abang,MMTC004,2022,97.0,Coastal,mqims 2021-2025.pdf,Excellent,MODERN,4.87237,103.393,1.0
Terengganu,KIPC Utara,MMTC005,2022,94.0,Coastal,mqims 2021-2025.pdf,Excellent,MODERN,4.61285,103.452,1.0
Terengganu,KIPC Tengah,MMTC006,2022,94.0,Coastal,mqims 2021-2025.pdf,Excellent,MODERN,4.58227,103.466,1.0
Terengganu,KIPC Selatan,MMTC007,2022,95.0,Coastal,mqims 2021-2025.pdf,Excellent,MODERN,4.5536,103.477,1.0
Terengganu,Pantai Rhu 10,MMTC008,2022,90.0,Coastal,mqims 2021-2025.pdf,Excellent,MODERN,5.65011,102.774,1.0
Terengganu,Pantai Tok Jembal,MMTC009,2022,96.0,Coastal,mqims 2021-2025.pdf,Excellent,MODERN,5.40042,103.107,1.0
Terengganu,Pantai Kelulut,MMTC010,2022,97.0,Coastal,mqims 2021-2025.pdf,Excellent,MODERN,5.19043,103.226,1.0
Terengganu,Pantai Teluk Ketapang,MMTC011,2022,96.0,Coastal,mqims 2021-2025.pdf,Excellent,MODERN,5.38492,103.118,1.0
Terengganu,Pantai Kuala Abang,MMTC012,2022,97.0,Coastal,mqims 2021-2025.pdf,Excellent,MODERN,4.82743,103.42,1.0
Terengganu,Pantai Teluk Kalong,MMTC013,2022,97.0,Coastal,mqims 2021-2025.pdf,Excellent,MODERN,4.28333,103.478,1.0
Terengganu,Pantai Sura,MMTC014,2022,96.0,Coastal,mqims 2021-2025.pdf,Excellent,MODERN,4.77019,103.424,1.0
Terengganu,Pantai Tanjung Bidara,MMTC015,2022,97.0,Coastal,mqims 2021-2025.pdf,Excellent,MODERN,4.78506,103.438,1.0
Terengganu,Pantai Kemasik,MMTC016,2022,97.0,Coastal,mqims 2021-2025.pdf,Excellent,MODERN,4.45595,103.449,1.0
Pahang,Pantai Teluk Cempedak B,MMCC012,2023,96.0,Coastal,mqims 2021-2025.pdf,Excellent,MODERN,3.81019,103.374,1.0
Pahang,Pantai Teluk Gelora A,MMCC013,2023,95.0,Coastal,mqims 2021-2025.pdf,Excellent,MODERN,3.80303,103.364,1.0
Pahang,Pantai Teluk Gelora B,MMCC014,2023,92.0,Coastal,mqims 2021-2025.pdf,Excellent,MODERN,3.80278,103.351,1.0
Pahang,Pantai Sepat A,MMCC015,2023,96.0,Coastal,mqims 2021-2025.pdf,Excellent,MODERN,3.7015,103.339,1.0
Pahang,Pantai Sepat B,MMCC016,2023,94.0,Coastal,mqims 2021-2025.pdf,Excellent,MODERN,3.69886,103.34,1.0
Pahang,Pantai Legenda A,MMCC017,2023,96.0,Coastal,mqims 2021-2025.pdf,Excellent,MODERN,3.61798,103.413,1.0
Pahang,Pantai Legenda B,MMCC018,2023,97.0,Coastal,mqims 2021-2025.pdf,Excellent,MODERN,3.55029,103.467,1.0
Pahang,Pantai Kuala Api-Api,MMCC019,2023,96.0,Coastal,mqims 2021-2025.pdf,Excellent,MODERN,3.28119,103.433,1.0
Pahang,Pantai Tanjung Batu,MMCC020,2023,96.0,Coastal,mqims 2021-2025.pdf,Excellent,MODERN,3.20503,103.447,1.0
Pahang,Pantai Chendor,MMCC021,2023,95.0,Coastal,mqims 2021-2025.pdf,Excellent,MODERN,4.16419,103.414,1.0
Pahang,Pantai Lanjut,MMCC022,2023,95.0,Coastal,mqims 2021-2025.pdf,Excellent,MODERN,2.84378,103.472,1.0
Terengganu,Pantai Batu Buruk,MMTC001,2023,91.0,Coastal,mqims 2021-2025.pdf,Excellent,MODERN,5.32654,103.156,1.0
Terengganu,Pantai Bukit Keluang,MMTC002,2023,96.0,Coastal,mqims 2021-2025.pdf,Excellent,MODERN,5.80676,102.61,1.0
Terengganu,Pantai Chendering,MMTC003,2023,97.0,Coastal,mqims 2021-2025.pdf,Excellent,MODERN,5.27104,103.189,1.0
Terengganu,Pantai Rantau Abang,MMTC004,2023,97.0,Coastal,mqims 2021-2025.pdf,Excellent,MODERN,4.87237,103.393,1.0
Terengganu,KIPC Utara,MMTC005,2023,96.0,Coastal,mqims 2021-2025.pdf,Excellent,MODERN,4.61285,103.452,1.0
Terengganu,KIPC Tengah,MMTC006,2023,96.0,Coastal,mqims 2021-2025.pdf,Excellent,MODERN,4.58227,103.466,1.0
Terengganu,KIPC Selatan,MMTC007,2023,96.0,Coastal,mqims 2021-2025.pdf,Excellent,MODERN,4.5536,103.477,1.0
Terengganu,Pantai Rhu 10,MMTC008,2023,97.0,Coastal,mqims 2021-2025.pdf,Excellent,MODERN,5.65011,102.774,1.0
Terengganu,Pantai Tok Jembal,MMTC009,2023,97.0,Coastal,mqims 2021-2025.pdf,Excellent,MODERN,5.40042,103.107,1.0
Terengganu,Pantai Kelulut,MMTC010,2023,97.0,Coastal,mqims 2021-2025.pdf,Excellent,MODERN,5.19043,103.226,1.0
Terengganu,Pantai Teluk Ketapang,MMTC011,2023,97.0,Coastal,mqims 2021-2025.pdf,Excellent,MODERN,5.38492,103.118,1.0
Terengganu,Pantai Kuala Abang,MMTC012,2023,97.0,Coastal,mqims 2021-2025.pdf,Excellent,MODERN,4.82743,103.42,1.0
Terengganu,Pantai Teluk Kalong,MMTC013,2023,96.0,Coastal,mqims 2021-2025.pdf,Excellent,MODERN,4.28333,103.478,1.0
Terengganu,Pantai Sura,MMTC014,2023,97.0,Coastal,mqims 2021-2025.pdf,Excellent,MODERN,4.77019,103.424,1.0
Terengganu,Pantai Tanjung Bidara,MMTC015,2023,97.0,Coastal,mqims 2021-2025.pdf,Excellent,MODERN,4.78506,103.438,1.0
Terengganu,Pantai Kemasik,MMTC016,2023,96.0,Coastal,mqims 2021-2025.pdf,Excellent,MODERN,4.45595,103.449,1.0
Pahang,Pantai Teluk Cempedak B,MMCC012,2024,87.0,Coastal,mqims 2021-2025.pdf,Good,MODERN,3.81019,103.374,1.0
Pahang,Pantai Teluk Gelora A,MMCC013,2024,91.0,Coastal,mqims 2021-2025.pdf,Excellent,MODERN,3.80303,103.364,1.0
Pahang,Pantai Teluk Gelora B,MMCC014,2024,87.0,Coastal,mqims 2021-2025.pdf,Good,MODERN,3.80278,103.351,1.0
Pahang,Pantai Sepat A,MMCC015,2024,96.0,Coastal,mqims 2021-2025.pdf,Excellent,MODERN,3.7015,103.339,1.0
Pahang,Pantai Sepat B,MMCC016,2024,95.0,Coastal,mqims 2021-2025.pdf,Excellent,MODERN,3.69886,103.34,1.0
Pahang,Pantai Legenda A,MMCC017,2024,96.0,Coastal,mqims 2021-2025.pdf,Excellent,MODERN,3.61798,103.413,1.0
Pahang,Pantai Legenda B,MMCC018,2024,96.0,Coastal,mqims 2021-2025.pdf,Excellent,MODERN,3.55029,103.467,1.0
Pahang,Pantai Kuala Api-Api,MMCC019,2024,96.0,Coastal,mqims 2021-2025.pdf,Excellent,MODERN,3.28119,103.433,1.0
Pahang,Pantai Tanjung Batu,MMCC020,2024,95.0,Coastal,mqims 2021-2025.pdf,Excellent,MODERN,3.20503,103.447,1.0
Pahang,Pantai Chendor,MMCC021,2024,96.0,Coastal,mqims 2021-2025.pdf,Excellent,MODERN,4.16419,103.414,1.0
Pahang,Pantai Lanjut,MMCC022,2024,93.0,Coastal,mqims 2021-2025.pdf,Excellent,MODERN,2.84378,103.472,1.0
Terengganu,Pantai Batu Buruk,MMTC001,2024,97.0,Coastal,mqims 2021-2025.pdf,Excellent,MODERN,5.32654,103.156,1.0
Terengganu,Pantai Bukit Keluang,MMTC002,2024,96.0,Coastal,mqims 2021-2025.pdf,Excellent,MODERN,5.80676,102.61,1.0
Terengganu,Pantai Chendering,MMTC003,2024,96.0,Coastal,mqims 2021-2025.pdf,Excellent,MODERN,5.27104,103.189,1.0
Terengganu,Pantai Rantau Abang,MMTC004,2024,96.0,Coastal,mqims 2021-2025.pdf,Excellent,MODERN,4.87237,103.393,1.0
Terengganu,KIPC Utara,MMTC005,2024,96.0,Coastal,mqims 2021-2025.pdf,Excellent,MODERN,4.61285,103.452,1.0
Terengganu,KIPC Tengah,MMTC006,2024,96.0,Coastal,mqims 2021-2025.pdf,Excellent,MODERN,4.58227,103.466,1.0
Terengganu,KIPC Selatan,MMTC007,2024,95.0,Coastal,mqims 2021-2025.pdf,Excellent,MODERN,4.5536,103.477,1.0
Terengganu,Pantai Rhu 10,MMTC008,2024,97.0,Coastal,mqims 2021-2025.pdf,Excellent,MODERN,5.65011,102.774,1.0
Terengganu,Pantai Tok Jembal,MMTC009,2024,96.0,Coastal,mqims 2021-2025.pdf,Excellent,MODERN,5.40042,103.107,1.0
Terengganu,Pantai Kelulut,MMTC010,2024,96.0,Coastal,mqims 2021-2025.pdf,Excellent,MODERN,5.19043,103.226,1.0
Terengganu,Pantai Teluk Ketapang,MMTC011,2024,96.0,Coastal,mqims 2021-2025.pdf,Excellent,MODERN,5.38492,103.118,1.0
Terengganu,Pantai Kuala Abang,MMTC012,2024,96.0,Coastal,mqims 2021-2025.pdf,Excellent,MODERN,4.82743,103.42,1.0
Terengganu,Pantai Teluk Kalong,MMTC013,2024,97.0,Coastal,mqims 2021-2025.pdf,Excellent,MODERN,4.28333,103.478,1.0
Terengganu,Pantai Sura,MMTC014,2024,96.0,Coastal,mqims 2021-2025.pdf,Excellent,MODERN,4.77019,103.424,1.0
Terengganu,Pantai Tanjung Bidara,MMTC015,2024,97.0,Coastal,mqims 2021-2025.pdf,Excellent,MODERN,4.78506,103.438,1.0
Terengganu,Pantai Kemasik,MMTC016,2024,95.0,Coastal,mqims 2021-2025.pdf,Excellent,MODERN,4.45595,103.449,1.0
Pahang,Pantai Teluk Cempedak B,MMCC012,2025,95.0,Coastal,mqims 2021-2025.pdf,Excellent,MODERN,3.81019,103.374,1.0
Pahang,Pantai Teluk Gelora A,MMCC013,2025,94.0,Coastal,mqims 2021-2025.pdf,Excellent,MODERN,3.80303,103.364,1.0
Pahang,Pantai Teluk Gelora B,MMCC014,2025,89.0,Coastal,mqims 2021-2025.pdf,Good,MODERN,3.80278,103.351,1.0
Pahang,Pantai Sepat A,MMCC015,2025,94.0,Coastal,mqims 2021-2025.pdf,Excellent,MODERN,3.7015,103.339,1.0
Pahang,Pantai Sepat B,MMCC016,2025,94.0,Coastal,mqims 2021-2025.pdf,Excellent,MODERN,3.69886,103.34,1.0
Pahang,Pantai Legenda A,MMCC017,2025,95.0,Coastal,mqims 2021-2025.pdf,Excellent,MODERN,3.61798,103.413,1.0
Pahang,Pantai Legenda B,MMCC018,2025,96.0,Coastal,mqims 2021-2025.pdf,Excellent,MODERN,3.55029,103.467,1.0
Pahang,Pantai Kuala Api-Api,MMCC019,2025,95.0,Coastal,mqims 2021-2025.pdf,Excellent,MODERN,3.28119,103.433,1.0
Pahang,Pantai Tanjung Batu,MMCC020,2025,96.0,Coastal,mqims 2021-2025.pdf,Excellent,MODERN,3.20503,103.447,1.0
Pahang,Pantai Chendor,MMCC021,2025,95.0,Coastal,mqims 2021-2025.pdf,Excellent,MODERN,4.16419,103.414,1.0
Pahang,Pantai Lanjut,MMCC022,2025,96.0,Coastal,mqims 2021-2025.pdf,Excellent,MODERN,2.84378,103.472,1.0
Terengganu,Pantai Batu Buruk,MMTC001,2025,95.0,Coastal,mqims 2021-2025.pdf,Excellent,MODERN,5.32654,103.156,1.0
Terengganu,Pantai Bukit Keluang,MMTC002,2025,95.0,Coastal,mqims 2021-2025.pdf,Excellent,MODERN,5.80676,102.61,1.0
Terengganu,Pantai Chendering,MMTC003,2025,93.0,Coastal,mqims 2021-2025.pdf,Excellent,MODERN,5.27104,103.189,1.0
Terengganu,Pantai Rantau Abang,MMTC004,2025,94.0,Coastal,mqims 2021-2025.pdf,Excellent,MODERN,4.87237,103.393,1.0
Terengganu,KIPC Utara,MMTC005,2025,96.0,Coastal,mqims 2021-2025.pdf,Excellent,MODERN,4.61285,103.452,1.0
Terengganu,KIPC Tengah,MMTC006,2025,95.0,Coastal,mqims 2021-2025.pdf,Excellent,MODERN,4.58227,103.466,1.0
Terengganu,KIPC Selatan,MMTC007,2025,93.0,Coastal,mqims 2021-2025.pdf,Excellent,MODERN,4.5536,103.477,1.0
Terengganu,Pantai Rhu 10,MMTC008,2025,96.0,Coastal,mqims 2021-2025.pdf,Excellent,MODERN,5.65011,102.774,1.0
Terengganu,Pantai Tok Jembal,MMTC009,2025,94.0,Coastal,mqims 2021-2025.pdf,Excellent,MODERN,5.40042,103.107,1.0
Terengganu,Pantai Kelulut,MMTC010,2025,89.0,Coastal,mqims 2021-2025.pdf,Good,MODERN,5.19043,103.226,1.0
Terengganu,Pantai Teluk Ketapang,MMTC011,2025,95.0,Coastal,mqims 2021-2025.pdf,Excellent,MODERN,5.38492,103.118,1.0
Terengganu,Pantai Kuala Abang,MMTC012,2025,95.0,Coastal,mqims 2021-2025.pdf,Excellent,MODERN,4.82743,103.42,1.0
Terengganu,Pantai Teluk Kalong,MMTC013,2025,96.0,Coastal,mqims 2021-2025.pdf,Excellent,MODERN,4.28333,103.478,1.0
Terengganu,Pantai Sura,MMTC014,2025,92.0,Coastal,mqims 2021-2025.pdf,Excellent,MODERN,4.77019,103.424,1.0
Terengganu,Pantai Tanjung Bidara,MMTC015,2025,96.0,Coastal,mqims 2021-2025.pdf,Excellent,MODERN,4.78506,103.438,1.0
Terengganu,Pantai Kemasik,MMTC016,2025,95.0,Coastal,mqims 2021-2025.pdf,Excellent,MODERN,4.45595,103.449,1.0
Kelantan,Pantai Seri Tujuh,MMDC001,2021,93.0,Coastal,mqims 2021-2025.pdf,Excellent,MODERN,6.22804,102.117,1.0
Kelantan,Pantai Cahaya Bulan,MMDC002,2021,95.0,Coastal,mqims 2021-2025.pdf,Excellent,MODERN,6.19646,102.277,1.0
Kelantan,Pantai Sabak,MMDC003,2021,95.0,Coastal,mqims 2021-2025.pdf,Excellent,MODERN,6.17962,102.322,1.0
Kelantan,Pantai Irama Bachok,MMDC004,2021,95.0,Coastal,mqims 2021-2025.pdf,Excellent,MODERN,6.06686,102.4,1.0
Kelantan,Pantai Bisikan Bayu,MMDC005,2021,95.0,Coastal,mqims 2021-2025.pdf,Excellent,MODERN,5.86259,102.518,1.0
Kelantan,Pantai Melawi,MMDC006,2021,95.0,Coastal,mqims 2021-2025.pdf,Excellent,MODERN,5.99465,102.441,1.0
Sarawak,Pantai Sematan,MMQC001,2021,93.0,Coastal,mqims 2021-2025.pdf,Excellent,MODERN,1.82722,109.775,1.0
Sarawak,Pantai Pandan,MMQC002,2021,92.0,Coastal,mqims 2021-2025.pdf,Excellent,MODERN,1.76553,109.865,1.0
Sarawak,Pantai Pasir Putih,MMQC003,2021,84.0,Coastal,mqims 2021-2025.pdf,Good,MODERN,1.66153,110.487,1.0
Sarawak,Pantai Bako,MMQC004,2021,89.0,Coastal,mqims 2021-2025.pdf,Good,MODERN,1.71806,110.442,1.0
Sarawak,Pantai Damai,MMQC005,2021,86.0,Coastal,mqims 2021-2025.pdf,Good,MODERN,1.75026,110.308,1.0
Sarawak,Pantai Tanjung Kembang,MMQC006,2021,77.0,Coastal,mqims 2021-2025.pdf,Moderate,MODERN,1.82444,111.096,1.0
Sarawak,Pantai Harmoni Mukah,MMQC007,2021,67.0,Coastal,mqims 2021-2025.pdf,Moderate,MODERN,2.90972,112.056,1.0
Sarawak,Pantai Tanjung Batu,MMQC008,2021,81.0,Coastal,mqims 2021-2025.pdf,Good,MODERN,3.21064,113.043,1.0
Sarawak,Pantai Likau,MMQC009,2021,88.0,Coastal,mqims 2021-2025.pdf,Good,MODERN,3.34426,113.148,1.0
Sarawak,Pantai Emas,MMQC010,2021,75.0,Coastal,mqims 2021-2025.pdf,Moderate,MODERN,3.44106,113.224,1.0
Sarawak,Pantai Piasau,MMQC011,2021,85.0,Coastal,mqims 2021-2025.pdf,Good,MODERN,4.43787,113.994,1.0
Sarawak,Pantai Brighton,MMQC012,2021,75.0,Coastal,mqims 2021-2025.pdf,Moderate,MODERN,4.37878,113.97,1.0
Sarawak,Pantai Esplaned,MMQC013,2021,83.0,Coastal,mqims 2021-2025.pdf,Good,MODERN,4.32458,113.961,1.0
Sarawak,Pantai Beraya,MMQC014,2021,83.0,Coastal,mqims 2021-2025.pdf,Good,MODERN,4.19248,113.877,1.0
Sarawak,Pantai Bungai,MMQC015,2021,75.0,Coastal,mqims 2021-2025.pdf,Moderate,MODERN,4.06457,113.782,1.0
Sarawak,Pantai Belawai,MMQC016,2021,67.0,Coastal,mqims 2021-2025.pdf,Moderate,MODERN,2.22094,111.208,1.0
Sarawak,Pantai Mukah,MMQC017,2021,89.0,Coastal,mqims 2021-2025.pdf,Good,MODERN,2.93974,112.167,1.0
Sarawak,Tanjung Kidurong,MMQC018,2021,80.0,Coastal,mqims 2021-2025.pdf,Good,MODERN,3.25601,113.049,1.0
Sarawak,Pasir Pandak,MMQC019,2021,91.0,Coastal,mqims 2021-2025.pdf,Excellent,MODERN,1.69883,110.301,1.0
Sarawak,Rambungan,MMQC020,2021,93.0,Coastal,mqims 2021-2025.pdf,Excellent,MODERN,1.70326,110.108,1.0
Sarawak,Sri Tanjung Lawas,MMQC021,2021,68.0,Coastal,mqims 2021-2025.pdf,Moderate,MODERN,4.97162,115.242,1.0
Sarawak,Pantai Luak,MMQC022,2021,84.0,Coastal,mqims 2021-2025.pdf,Good,MODERN,4.28427,113.938,1.0
Sarawak,Pasir Panjang,MMQC023,2021,86.0,Coastal,mqims 2021-2025.pdf,Good,MODERN,3.09593,112.836,1.0
Kelantan,Pantai Seri Tujuh,MMDC001,2022,94.0,Coastal,mqims 2021-2025.pdf,Excellent,MODERN,6.22804,102.117,1.0
Kelantan,Pantai Cahaya Bulan,MMDC002,2022,95.0,Coastal,mqims 2021-2025.pdf,Excellent,MODERN,6.19646,102.277,1.0
Kelantan,Pantai Sabak,MMDC003,2022,95.0,Coastal,mqims 2021-2025.pdf,Excellent,MODERN,6.17962,102.322,1.0
Kelantan,Pantai Irama Bachok,MMDC004,2022,93.0,Coastal,mqims 2021-2025.pdf,Excellent,MODERN,6.06686,102.4,1.0
Kelantan,Pantai Bisikan Bayu,MMDC005,2022,94.0,Coastal,mqims 2021-2025.pdf,Excellent,MODERN,5.86259,102.518,1.0
Kelantan,Pantai Melawi,MMDC006,2022,95.0,Coastal,mqims 2021-2025.pdf,Excellent,MODERN,5.99465,102.441,1.0
Sarawak,Pantai Sematan,MMQC001,2022,90.0,Coastal,mqims 2021-2025.pdf,Excellent,MODERN,1.82722,109.775,1.0
Sarawak,Pantai Pandan,MMQC002,2022,86.0,Coastal,mqims 2021-2025.pdf,Good,MODERN,1.76553,109.865,1.0
Sarawak,Pantai Pasir Putih,MMQC003,2022,85.0,Coastal,mqims 2021-2025.pdf,Good,MODERN,1.66153,110.487,1.0
Sarawak,Pantai Bako,MMQC004,2022,91.0,Coastal,mqims 2021-2025.pdf,Excellent,MODERN,1.71806,110.442,1.0
Sarawak,Pantai Damai,MMQC005,2022,89.0,Coastal,mqims 2021-2025.pdf,Good,MODERN,1.75026,110.308,1.0
Sarawak,Pantai Tanjung Kembang,MMQC006,2022,90.0,Coastal,mqims 2021-2025.pdf,Excellent,MODERN,1.82444,111.096,1.0
Sarawak,Pantai Harmoni Mukah,MMQC007,2022,73.0,Coastal,mqims 2021-2025.pdf,Moderate,MODERN,2.90972,112.056,1.0
Sarawak,Pantai Tanjung Batu,MMQC008,2022,74.0,Coastal,mqims 2021-2025.pdf,Moderate,MODERN,3.21064,113.043,1.0
Sarawak,Pantai Likau,MMQC009,2022,66.0,Coastal,mqims 2021-2025.pdf,Moderate,MODERN,3.34426,113.148,1.0
Sarawak,Pantai Emas,MMQC010,2022,66.0,Coastal,mqims 2021-2025.pdf,Moderate,MODERN,3.44106,113.224,1.0
Sarawak,Pantai Piasau,MMQC011,2022,74.0,Coastal,mqims 2021-2025.pdf,Moderate,MODERN,4.43787,113.994,1.0
Sarawak,Pantai Brighton,MMQC012,2022,56.0,Coastal,mqims 2021-2025.pdf,Moderate,MODERN,4.37878,113.97,1.0
Sarawak,Pantai Esplaned,MMQC013,2022,56.0,Coastal,mqims 2021-2025.pdf,Moderate,MODERN,4.32458,113.961,1.0
Sarawak,Pantai Beraya,MMQC014,2022,57.0,Coastal,mqims 2021-2025.pdf,Moderate,MODERN,4.19248,113.877,1.0
Sarawak,Pantai Bungai,MMQC015,2022,66.0,Coastal,mqims 2021-2025.pdf,Moderate,MODERN,4.06457,113.782,1.0
Sarawak,Pantai Belawai,MMQC016,2022,92.0,Coastal,mqims 2021-2025.pdf,Excellent,MODERN,2.22094,111.208,1.0
Sarawak,Pantai Mukah,MMQC017,2022,89.0,Coastal,mqims 2021-2025.pdf,Good,MODERN,2.93974,112.167,1.0
Sarawak,Tanjung Kidurong,MMQC018,2022,90.0,Coastal,mqims 2021-2025.pdf,Excellent,MODERN,3.25601,113.049,1.0
Sarawak,Pasir Pandak,MMQC019,2022,91.0,Coastal,mqims 2021-2025.pdf,Excellent,MODERN,1.69883,110.301,1.0
Sarawak,Rambungan,MMQC020,2022,83.0,Coastal,mqims 2021-2025.pdf,Good,MODERN,1.70326,110.108,1.0
Sarawak,Sri Tanjung Lawas,MMQC021,2022,67.0,Coastal,mqims 2021-2025.pdf,Moderate,MODERN,4.97162,115.242,1.0
Sarawak,Pantai Luak,MMQC022,2022,56.0,Coastal,mqims 2021-2025.pdf,Moderate,MODERN,4.28427,113.938,1.0
Sarawak,Pasir Panjang,MMQC023,2022,78.0,Coastal,mqims 2021-2025.pdf,Moderate,MODERN,3.09593,112.836,1.0
Kelantan,Pantai Seri Tujuh,MMDC001,2023,95.0,Coastal,mqims 2021-2025.pdf,Excellent,MODERN,6.22804,102.117,1.0
Kelantan,Pantai Cahaya Bulan,MMDC002,2023,96.0,Coastal,mqims 2021-2025.pdf,Excellent,MODERN,6.19646,102.277,1.0
Kelantan,Pantai Sabak,MMDC003,2023,96.0,Coastal,mqims 2021-2025.pdf,Excellent,MODERN,6.17962,102.322,1.0
Kelantan,Pantai Irama Bachok,MMDC004,2023,95.0,Coastal,mqims 2021-2025.pdf,Excellent,MODERN,6.06686,102.4,1.0
Kelantan,Pantai Bisikan Bayu,MMDC005,2023,96.0,Coastal,mqims 2021-2025.pdf,Excellent,MODERN,5.86259,102.518,1.0
Kelantan,Pantai Melawi,MMDC006,2023,95.0,Coastal,mqims 2021-2025.pdf,Excellent,MODERN,5.99465,102.441,1.0
Sarawak,Pantai Sematan,MMQC001,2023,66.0,Coastal,mqims 2021-2025.pdf,Moderate,MODERN,1.82722,109.775,1.0
Sarawak,Pantai Pandan,MMQC002,2023,62.0,Coastal,mqims 2021-2025.pdf,Moderate,MODERN,1.76553,109.865,1.0
Sarawak,Pantai Pasir Putih,MMQC003,2023,76.0,Coastal,mqims 2021-2025.pdf,Moderate,MODERN,1.66153,110.487,1.0
Sarawak,Pantai Bako,MMQC004,2023,70.0,Coastal,mqims 2021-2025.pdf,Moderate,MODERN,1.71806,110.442,1.0
Sarawak,Pantai Damai,MMQC005,2023,75.0,Coastal,mqims 2021-2025.pdf,Moderate,MODERN,1.75026,110.308,1.0
Sarawak,Pantai Tanjung Kembang,MMQC006,2023,58.0,Coastal,mqims 2021-2025.pdf,Moderate,MODERN,1.82444,111.096,1.0
Sarawak,Pantai Harmoni Mukah,MMQC007,2023,76.0,Coastal,mqims 2021-2025.pdf,Moderate,MODERN,2.90972,112.056,1.0
Sarawak,Pantai Tanjung Batu,MMQC008,2023,58.0,Coastal,mqims 2021-2025.pdf,Moderate,MODERN,3.21064,113.043,1.0
Sarawak,Pantai Likau,MMQC009,2023,58.0,Coastal,mqims 2021-2025.pdf,Moderate,MODERN,3.34426,113.148,1.0
Sarawak,Pantai Emas,MMQC010,2023,58.0,Coastal,mqims 2021-2025.pdf,Moderate,MODERN,3.44106,113.224,1.0
Sarawak,Pantai Piasau,MMQC011,2023,72.0,Coastal,mqims 2021-2025.pdf,Moderate,MODERN,4.43787,113.994,1.0
Sarawak,Pantai Brighton,MMQC012,2023,61.0,Coastal,mqims 2021-2025.pdf,Moderate,MODERN,4.37878,113.97,1.0
Sarawak,Pantai Esplaned,MMQC013,2023,57.0,Coastal,mqims 2021-2025.pdf,Moderate,MODERN,4.32458,113.961,1.0
Sarawak,Pantai Beraya,MMQC014,2023,58.0,Coastal,mqims 2021-2025.pdf,Moderate,MODERN,4.19248,113.877,1.0
Sarawak,Pantai Bungai,MMQC015,2023,56.0,Coastal,mqims 2021-2025.pdf,Moderate,MODERN,4.06457,113.782,1.0
Sarawak,Pantai Belawai,MMQC016,2023,64.0,Coastal,mqims 2021-2025.pdf,Moderate,MODERN,2.22094,111.208,1.0
Sarawak,Pantai Mukah,MMQC017,2023,76.0,Coastal,mqims 2021-2025.pdf,Moderate,MODERN,2.93974,112.167,1.0
Sarawak,Tanjung Kidurong,MMQC018,2023,58.0,Coastal,mqims 2021-2025.pdf,Moderate,MODERN,3.25601,113.049,1.0
Sarawak,Pasir Pandak,MMQC019,2023,66.0,Coastal,mqims 2021-2025.pdf,Moderate,MODERN,1.69883,110.301,1.0
Sarawak,Rambungan,MMQC020,2023,71.0,Coastal,mqims 2021-2025.pdf,Moderate,MODERN,1.70326,110.108,1.0
Sarawak,Sri Tanjung Lawas,MMQC021,2023,59.0,Coastal,mqims 2021-2025.pdf,Moderate,MODERN,4.97162,115.242,1.0
Sarawak,Pantai Luak,MMQC022,2023,57.0,Coastal,mqims 2021-2025.pdf,Moderate,MODERN,4.28427,113.938,1.0
Sarawak,Pasir Panjang,MMQC023,2023,58.0,Coastal,mqims 2021-2025.pdf,Moderate,MODERN,3.09593,112.836,1.0
Kelantan,Pantai Seri Tujuh,MMDC001,2024,95.0,Coastal,mqims 2021-2025.pdf,Excellent,MODERN,6.22804,102.117,1.0
Kelantan,Pantai Cahaya Bulan,MMDC002,2024,97.0,Coastal,mqims 2021-2025.pdf,Excellent,MODERN,6.19646,102.277,1.0
Kelantan,Pantai Sabak,MMDC003,2024,96.0,Coastal,mqims 2021-2025.pdf,Excellent,MODERN,6.17962,102.322,1.0
Kelantan,Pantai Irama Bachok,MMDC004,2024,96.0,Coastal,mqims 2021-2025.pdf,Excellent,MODERN,6.06686,102.4,1.0
Kelantan,Pantai Bisikan Bayu,MMDC005,2024,96.0,Coastal,mqims 2021-2025.pdf,Excellent,MODERN,5.86259,102.518,1.0
Kelantan,Pantai Melawi,MMDC006,2024,96.0,Coastal,mqims 2021-2025.pdf,Excellent,MODERN,5.99465,102.441,1.0
Sarawak,Pantai Sematan,MMQC001,2024,68.0,Coastal,mqims 2021-2025.pdf,Moderate,MODERN,1.82722,109.775,1.0
Sarawak,Pantai Pandan,MMQC002,2024,60.0,Coastal,mqims 2021-2025.pdf,Moderate,MODERN,1.76553,109.865,1.0
Sarawak,Pantai Pasir Putih,MMQC003,2024,64.0,Coastal,mqims 2021-2025.pdf,Moderate,MODERN,1.66153,110.487,1.0
Sarawak,Pantai Bako,MMQC004,2024,63.0,Coastal,mqims 2021-2025.pdf,Moderate,MODERN,1.71806,110.442,1.0
Sarawak,Pantai Damai,MMQC005,2024,74.0,Coastal,mqims 2021-2025.pdf,Moderate,MODERN,1.75026,110.308,1.0
Sarawak,Pantai Tanjung Kembang,MMQC006,2024,70.0,Coastal,mqims 2021-2025.pdf,Moderate,MODERN,1.82444,111.096,1.0
Sarawak,Pantai Harmoni Mukah,MMQC007,2024,78.0,Coastal,mqims 2021-2025.pdf,Moderate,MODERN,2.90972,112.056,1.0
Sarawak,Pantai Tanjung Batu,MMQC008,2024,68.0,Coastal,mqims 2021-2025.pdf,Moderate,MODERN,3.21064,113.043,1.0
Sarawak,Pantai Likau,MMQC009,2024,75.0,Coastal,mqims 2021-2025.pdf,Moderate,MODERN,3.34426,113.148,1.0
Sarawak,Pantai Emas,MMQC010,2024,72.0,Coastal,mqims 2021-2025.pdf,Moderate,MODERN,3.44106,113.224,1.0
Sarawak,Pantai Piasau,MMQC011,2024,58.0,Coastal,mqims 2021-2025.pdf,Moderate,MODERN,4.43787,113.994,1.0
Sarawak,Pantai Brighton,MMQC012,2024,57.0,Coastal,mqims 2021-2025.pdf,Moderate,MODERN,4.37878,113.97,1.0
Sarawak,Pantai Esplaned,MMQC013,2024,57.0,Coastal,mqims 2021-2025.pdf,Moderate,MODERN,4.32458,113.961,1.0
Sarawak,Pantai Beraya,MMQC014,2024,58.0,Coastal,mqims 2021-2025.pdf,Moderate,MODERN,4.19248,113.877,1.0
Sarawak,Pantai Bungai,MMQC015,2024,57.0,Coastal,mqims 2021-2025.pdf,Moderate,MODERN,4.06457,113.782,1.0
Sarawak,Pantai Belawai,MMQC016,2024,61.0,Coastal,mqims 2021-2025.pdf,Moderate,MODERN,2.22094,111.208,1.0
Sarawak,Pantai Mukah,MMQC017,2024,75.0,Coastal,mqims 2021-2025.pdf,Moderate,MODERN,2.93974,112.167,1.0
Sarawak,Tanjung Kidurong,MMQC018,2024,75.0,Coastal,mqims 2021-2025.pdf,Moderate,MODERN,3.25601,113.049,1.0
Sarawak,Pasir Pandak,MMQC019,2024,74.0,Coastal,mqims 2021-2025.pdf,Moderate,MODERN,1.69883,110.301,1.0
Sarawak,Rambungan,MMQC020,2024,76.0,Coastal,mqims 2021-2025.pdf,Moderate,MODERN,1.70326,110.108,1.0
Sarawak,Sri Tanjung Lawas,MMQC021,2024,59.0,Coastal,mqims 2021-2025.pdf,Moderate,MODERN,4.97162,115.242,1.0
Sarawak,Pantai Luak,MMQC022,2024,57.0,Coastal,mqims 2021-2025.pdf,Moderate,MODERN,4.28427,113.938,1.0
Sarawak,Pasir Panjang,MMQC023,2024,68.0,Coastal,mqims 2021-2025.pdf,Moderate,MODERN,3.09593,112.836,1.0
Kelantan,Pantai Seri Tujuh,MMDC001,2025,94.0,Coastal,mqims 2021-2025.pdf,Excellent,MODERN,6.22804,102.117,1.0
Kelantan,Pantai Cahaya Bulan,MMDC002,2025,95.0,Coastal,mqims 2021-2025.pdf,Excellent,MODERN,6.19646,102.277,1.0
Kelantan,Pantai Sabak,MMDC003,2025,93.0,Coastal,mqims 2021-2025.pdf,Excellent,MODERN,6.17962,102.322,1.0
Kelantan,Pantai Irama Bachok,MMDC004,2025,95.0,Coastal,mqims 2021-2025.pdf,Excellent,MODERN,6.06686,102.4,1.0
Kelantan,Pantai Bisikan Bayu,MMDC005,2025,95.0,Coastal,mqims 2021-2025.pdf,Excellent,MODERN,5.86259,102.518,1.0
Kelantan,Pantai Melawi,MMDC006,2025,95.0,Coastal,mqims 2021-2025.pdf,Excellent,MODERN,5.99465,102.441,1.0
Sarawak,Pantai Sematan,MMQC001,2025,79.0,Coastal,mqims 2021-2025.pdf,Moderate,MODERN,1.82722,109.775,1.0
Sarawak,Pantai Pandan,MMQC002,2025,75.0,Coastal,mqims 2021-2025.pdf,Moderate,MODERN,1.76553,109.865,1.0
Sarawak,Pantai Pasir Putih,MMQC003,2025,75.0,Coastal,mqims 2021-2025.pdf,Moderate,MODERN,1.66153,110.487,1.0
Sarawak,Pantai Bako,MMQC004,2025,80.0,Coastal,mqims 2021-2025.pdf,Good,MODERN,1.71806,110.442,1.0
Sarawak,Pantai Damai,MMQC005,2025,89.0,Coastal,mqims 2021-2025.pdf,Good,MODERN,1.75026,110.308,1.0
Sarawak,Pantai Tanjung Kembang,MMQC006,2025,69.0,Coastal,mqims 2021-2025.pdf,Moderate,MODERN,1.82444,111.096,1.0
Sarawak,Pantai Harmoni Mukah,MMQC007,2025,73.0,Coastal,mqims 2021-2025.pdf,Moderate,MODERN,2.90972,112.056,1.0
Sarawak,Pantai Tanjung Batu,MMQC008,2025,66.0,Coastal,mqims 2021-2025.pdf,Moderate,MODERN,3.21064,113.043,1.0
Sarawak,Pantai Likau,MMQC009,2025,83.0,Coastal,mqims 2021-2025.pdf,Good,MODERN,3.34426,113.148,1.0
Sarawak,Pantai Emas,MMQC010,2025,76.0,Coastal,mqims 2021-2025.pdf,Moderate,MODERN,3.44106,113.224,1.0
Sarawak,Pantai Piasau,MMQC011,2025,65.0,Coastal,mqims 2021-2025.pdf,Moderate,MODERN,4.43787,113.994,1.0
Sarawak,Pantai Brighton,MMQC012,2025,74.0,Coastal,mqims 2021-2025.pdf,Moderate,MODERN,4.37878,113.97,1.0
Sarawak,Pantai Esplaned,MMQC013,2025,82.0,Coastal,mqims 2021-2025.pdf,Good,MODERN,4.32458,113.961,1.0
Sarawak,Pantai Beraya,MMQC014,2025,81.0,Coastal,mqims 2021-2025.pdf,Good,MODERN,4.19248,113.877,1.0
Sarawak,Pantai Bungai,MMQC015,2025,83.0,Coastal,mqims 2021-2025.pdf,Good,MODERN,4.06457,113.782,1.0
Sarawak,Pantai Belawai,MMQC016,2025,73.0,Coastal,mqims 2021-2025.pdf,Moderate,MODERN,2.22094,111.208,1.0
Sarawak,Pantai Mukah,MMQC017,2025,79.0,Coastal,mqims 2021-2025.pdf,Moderate,MODERN,2.93974,112.167,1.0
Sarawak,Tanjung Kidurong,MMQC018,2025,69.0,Coastal,mqims 2021-2025.pdf,Moderate,MODERN,3.25601,113.049,1.0
Sarawak,Pasir Pandak,MMQC019,2025,78.0,Coastal,mqims 2021-2025.pdf,Moderate,MODERN,1.69883,110.301,1.0
Sarawak,Rambungan,MMQC020,2025,82.0,Coastal,mqims 2021-2025.pdf,Good,MODERN,1.70326,110.108,1.0
Sarawak,Sri Tanjung Lawas,MMQC021,2025,84.0,Coastal,mqims 2021-2025.pdf,Good,MODERN,4.97162,115.242,1.0
Sarawak,Pantai Luak,MMQC022,2025,70.0,Coastal,mqims 2021-2025.pdf,Moderate,MODERN,4.28427,113.938,1.0
Sarawak,Pasir Panjang,MMQC023,2025,75.0,Coastal,mqims 2021-2025.pdf,Moderate,MODERN,3.09593,112.836,1.0
Sabah,Pantai Teluk Brunei 1,MMSC001,2021,73.0,Coastal,mqims 2021-2025.pdf,Moderate,MODERN,5.14579,115.52,1.0
Sabah,Pantai Teluk Brunei 2,MMSC002,2021,84.0,Coastal,mqims 2021-2025.pdf,Good,MODERN,5.11798,115.528,1.0
Sabah,Pantai Teluk Brunei 3,MMSC003,2021,75.0,Coastal,mqims 2021-2025.pdf,Moderate,MODERN,5.16107,115.496,1.0
Sabah,Pantai Teluk Brunei 4,MMSC004,2021,84.0,Coastal,mqims 2021-2025.pdf,Good,MODERN,5.17585,115.472,1.0
Sabah,Pantai Teluk Brunei 5,MMSC005,2021,69.0,Coastal,mqims 2021-2025.pdf,Moderate,MODERN,5.20352,115.435,1.0
Sabah,Pantai Teluk Brunei 6,MMSC006,2021,58.0,Coastal,mqims 2021-2025.pdf,Moderate,MODERN,5.09419,115.527,1.0
Sabah,Borneo Golf Seawater,MMSC007,2021,59.0,Coastal,mqims 2021-2025.pdf,Moderate,MODERN,5.55,115.784,1.0
Sabah,Pantai Manis Papar,MMSC008,2021,59.0,Coastal,mqims 2021-2025.pdf,Moderate,MODERN,5.74425,115.893,1.0
Sabah,Pantai Melinsung,MMSC009,2021,70.0,Coastal,mqims 2021-2025.pdf,Moderate,MODERN,5.80474,115.975,1.0
Sabah,Pantai Tanjung Aru (Roll Skating),MMSC010,2021,65.0,Coastal,mqims 2021-2025.pdf,Moderate,MODERN,5.93302,116.017,1.0
Sabah,Pantai Tanjung Aru (No. 3),MMSC011,2021,76.0,Coastal,mqims 2021-2025.pdf,Moderate,MODERN,5.88876,116.015,1.0
Sabah,Pantai Lok Kawi,MMSC012,2021,65.0,Coastal,mqims 2021-2025.pdf,Moderate,MODERN,5.86013,116.027,1.0
Sabah,Pantai Dalit Tuaran,MMSC013,2021,58.0,Coastal,mqims 2021-2025.pdf,Moderate,MODERN,6.18875,116.166,1.0
Sabah,Mangrove Paradise,MMSC014,2021,58.0,Coastal,mqims 2021-2025.pdf,Moderate,MODERN,6.25857,116.221,1.0
Sabah,Pantai Sabandar,MMSC015,2021,58.0,Coastal,mqims 2021-2025.pdf,Moderate,MODERN,6.20353,116.175,1.0
Sabah,Pantai Bak-Bak Kudat,MMSC016,2021,76.0,Coastal,mqims 2021-2025.pdf,Moderate,MODERN,6.94565,116.842,1.0
Sabah,Pasir Putih Sandakan,MMSC017,2021,83.0,Coastal,mqims 2021-2025.pdf,Good,MODERN,5.82423,118.086,1.0
Sabah,Pantai TLDM,MMSC018,2021,75.0,Coastal,mqims 2021-2025.pdf,Moderate,MODERN,5.83896,118.127,1.0
Sabah,Pantai Batu Sapi,MMSC019,2021,76.0,Coastal,mqims 2021-2025.pdf,Moderate,MODERN,5.79512,118.04,1.0
Sabah,Pantai Ulu Tungku,MMSC020,2021,57.0,Coastal,mqims 2021-2025.pdf,Moderate,MODERN,5.01293,118.89,1.0
Sabah,Pantai Sarina Kunak,MMSC021,2021,58.0,Coastal,mqims 2021-2025.pdf,Moderate,MODERN,4.66139,118.284,1.0
Sabah,Pantai Kg. Lamak,MMSC022,2021,57.0,Coastal,mqims 2021-2025.pdf,Moderate,MODERN,4.969972,118.236731,1.0
Sabah,Pantai Tinagat,MMSC023,2021,58.0,Coastal,mqims 2021-2025.pdf,Moderate,MODERN,4.22278,117.984,1.0
Sabah,Pantai Tanjung Aru (Rest Lido),MMSC024,2021,69.0,Coastal,mqims 2021-2025.pdf,Moderate,MODERN,5.91084,116.008,1.0
Sabah,Pantai Teluk Brunei 1,MMSC001,2022,61.0,Coastal,mqims 2021-2025.pdf,Moderate,MODERN,5.14579,115.52,1.0
Sabah,Pantai Teluk Brunei 2,MMSC002,2022,67.0,Coastal,mqims 2021-2025.pdf,Moderate,MODERN,5.11798,115.528,1.0
Sabah,Pantai Teluk Brunei 3,MMSC003,2022,67.0,Coastal,mqims 2021-2025.pdf,Moderate,MODERN,5.16107,115.496,1.0
Sabah,Pantai Teluk Brunei 4,MMSC004,2022,60.0,Coastal,mqims 2021-2025.pdf,Moderate,MODERN,5.17585,115.472,1.0
Sabah,Pantai Teluk Brunei 5,MMSC005,2022,59.0,Coastal,mqims 2021-2025.pdf,Moderate,MODERN,5.20352,115.435,1.0
Sabah,Pantai Teluk Brunei 6,MMSC006,2022,59.0,Coastal,mqims 2021-2025.pdf,Moderate,MODERN,5.09419,115.527,1.0
Sabah,Borneo Golf Seawater,MMSC007,2022,67.0,Coastal,mqims 2021-2025.pdf,Moderate,MODERN,5.55,115.784,1.0
Sabah,Pantai Manis Papar,MMSC008,2022,60.0,Coastal,mqims 2021-2025.pdf,Moderate,MODERN,5.74425,115.893,1.0
Sabah,Pantai Melinsung,MMSC009,2022,59.0,Coastal,mqims 2021-2025.pdf,Moderate,MODERN,5.80474,115.975,1.0
Sabah,Pantai Tanjung Aru (Roll Skating),MMSC010,2022,57.0,Coastal,mqims 2021-2025.pdf,Moderate,MODERN,5.93302,116.017,1.0
Sabah,Pantai Tanjung Aru (No. 3),MMSC011,2022,57.0,Coastal,mqims 2021-2025.pdf,Moderate,MODERN,5.88876,116.015,1.0
Sabah,Pantai Lok Kawi,MMSC012,2022,58.0,Coastal,mqims 2021-2025.pdf,Moderate,MODERN,5.86013,116.027,1.0
Sabah,Pantai Dalit Tuaran,MMSC013,2022,58.0,Coastal,mqims 2021-2025.pdf,Moderate,MODERN,6.18875,116.166,1.0
Sabah,Mangrove Paradise,MMSC014,2022,58.0,Coastal,mqims 2021-2025.pdf,Moderate,MODERN,6.25857,116.221,1.0
Sabah,Pantai Sabandar,MMSC015,2022,58.0,Coastal,mqims 2021-2025.pdf,Moderate,MODERN,6.20353,116.175,1.0
Sabah,Pantai Bak-Bak Kudat,MMSC016,2022,85.0,Coastal,mqims 2021-2025.pdf,Good,MODERN,6.94565,116.842,1.0
Sabah,Pasir Putih Sandakan,MMSC017,2022,82.0,Coastal,mqims 2021-2025.pdf,Good,MODERN,5.82423,118.086,1.0
Sabah,Pantai TLDM,MMSC018,2022,62.0,Coastal,mqims 2021-2025.pdf,Moderate,MODERN,5.83896,118.127,1.0
Sabah,Pantai Batu Sapi,MMSC019,2022,75.0,Coastal,mqims 2021-2025.pdf,Moderate,MODERN,5.79512,118.04,1.0
Sabah,Pantai Ulu Tungku,MMSC020,2022,58.0,Coastal,mqims 2021-2025.pdf,Moderate,MODERN,5.01293,118.89,1.0
Sabah,Pantai Sarina Kunak,MMSC021,2022,58.0,Coastal,mqims 2021-2025.pdf,Moderate,MODERN,4.66139,118.284,1.0
Sabah,Pantai Kg. Lamak,MMSC022,2022,61.0,Coastal,mqims 2021-2025.pdf,Moderate,MODERN,4.969972,118.236731,1.0
Sabah,Pantai Tinagat,MMSC023,2022,68.0,Coastal,mqims 2021-2025.pdf,Moderate,MODERN,4.22278,117.984,1.0
Sabah,Pantai Tanjung Aru (Rest Lido),MMSC024,2022,58.0,Coastal,mqims 2021-2025.pdf,Moderate,MODERN,5.91084,116.008,1.0
Sabah,Pantai Teluk Brunei 1,MMSC001,2023,60.0,Coastal,mqims 2021-2025.pdf,Moderate,MODERN,5.14579,115.52,1.0
Sabah,Pantai Teluk Brunei 2,MMSC002,2023,59.0,Coastal,mqims 2021-2025.pdf,Moderate,MODERN,5.11798,115.528,1.0
Sabah,Pantai Teluk Brunei 3,MMSC003,2023,59.0,Coastal,mqims 2021-2025.pdf,Moderate,MODERN,5.16107,115.496,1.0
Sabah,Pantai Teluk Brunei 4,MMSC004,2023,59.0,Coastal,mqims 2021-2025.pdf,Moderate,MODERN,5.17585,115.472,1.0
Sabah,Pantai Teluk Brunei 5,MMSC005,2023,59.0,Coastal,mqims 2021-2025.pdf,Moderate,MODERN,5.20352,115.435,1.0
Sabah,Pantai Teluk Brunei 6,MMSC006,2023,59.0,Coastal,mqims 2021-2025.pdf,Moderate,MODERN,5.09419,115.527,1.0
Sabah,Borneo Golf Seawater,MMSC007,2023,59.0,Coastal,mqims 2021-2025.pdf,Moderate,MODERN,5.55,115.784,1.0
Sabah,Pantai Manis Papar,MMSC008,2023,62.0,Coastal,mqims 2021-2025.pdf,Moderate,MODERN,5.74425,115.893,1.0
Sabah,Pantai Melinsung,MMSC009,2023,65.0,Coastal,mqims 2021-2025.pdf,Moderate,MODERN,5.80474,115.975,1.0
Sabah,Pantai Tanjung Aru (Roll Skating),MMSC010,2023,58.0,Coastal,mqims 2021-2025.pdf,Moderate,MODERN,5.93302,116.017,1.0
Sabah,Pantai Tanjung Aru (No. 3),MMSC011,2023,59.0,Coastal,mqims 2021-2025.pdf,Moderate,MODERN,5.88876,116.015,1.0
Sabah,Pantai Lok Kawi,MMSC012,2023,59.0,Coastal,mqims 2021-2025.pdf,Moderate,MODERN,5.86013,116.027,1.0
Sabah,Pantai Dalit Tuaran,MMSC013,2023,59.0,Coastal,mqims 2021-2025.pdf,Moderate,MODERN,6.18875,116.166,1.0
Sabah,Mangrove Paradise,MMSC014,2023,61.0,Coastal,mqims 2021-2025.pdf,Moderate,MODERN,6.25857,116.221,1.0
Sabah,Pantai Sabandar,MMSC015,2023,59.0,Coastal,mqims 2021-2025.pdf,Moderate,MODERN,6.20353,116.175,1.0
Sabah,Pantai Bak-Bak Kudat,MMSC016,2023,59.0,Coastal,mqims 2021-2025.pdf,Moderate,MODERN,6.94565,116.842,1.0
Sabah,Pasir Putih Sandakan,MMSC017,2023,58.0,Coastal,mqims 2021-2025.pdf,Moderate,MODERN,5.82423,118.086,1.0
Sabah,Pantai TLDM,MMSC018,2023,59.0,Coastal,mqims 2021-2025.pdf,Moderate,MODERN,5.83896,118.127,1.0
Sabah,Pantai Batu Sapi,MMSC019,2023,58.0,Coastal,mqims 2021-2025.pdf,Moderate,MODERN,5.79512,118.04,1.0
Sabah,Pantai Ulu Tungku,MMSC020,2023,59.0,Coastal,mqims 2021-2025.pdf,Moderate,MODERN,5.01293,118.89,1.0
Sabah,Pantai Sarina Kunak,MMSC021,2023,59.0,Coastal,mqims 2021-2025.pdf,Moderate,MODERN,4.66139,118.284,1.0
Sabah,Pantai Kg. Lamak,MMSC022,2023,59.0,Coastal,mqims 2021-2025.pdf,Moderate,MODERN,4.969972,118.236731,1.0
Sabah,Pantai Tinagat,MMSC023,2023,58.0,Coastal,mqims 2021-2025.pdf,Moderate,MODERN,4.22278,117.984,1.0
Sabah,Pantai Tanjung Aru (Rest Lido),MMSC024,2023,59.0,Coastal,mqims 2021-2025.pdf,Moderate,MODERN,5.91084,116.008,1.0
Sabah,Pantai Teluk Brunei 1,MMSC001,2024,74.0,Coastal,mqims 2021-2025.pdf,Moderate,MODERN,5.14579,115.52,1.0
Sabah,Pantai Teluk Brunei 2,MMSC002,2024,75.0,Coastal,mqims 2021-2025.pdf,Moderate,MODERN,5.11798,115.528,1.0
Sabah,Pantai Teluk Brunei 3,MMSC003,2024,66.0,Coastal,mqims 2021-2025.pdf,Moderate,MODERN,5.16107,115.496,1.0
Sabah,Pantai Teluk Brunei 4,MMSC004,2024,66.0,Coastal,mqims 2021-2025.pdf,Moderate,MODERN,5.17585,115.472,1.0
Sabah,Pantai Teluk Brunei 5,MMSC005,2024,59.0,Coastal,mqims 2021-2025.pdf,Moderate,MODERN,5.20352,115.435,1.0
Sabah,Pantai Teluk Brunei 6,MMSC006,2024,74.0,Coastal,mqims 2021-2025.pdf,Moderate,MODERN,5.09419,115.527,1.0
Sabah,Borneo Golf Seawater,MMSC007,2024,71.0,Coastal,mqims 2021-2025.pdf,Moderate,MODERN,5.55,115.784,1.0
Sabah,Pantai Manis Papar,MMSC008,2024,59.0,Coastal,mqims 2021-2025.pdf,Moderate,MODERN,5.74425,115.893,1.0
Sabah,Pantai Melinsung,MMSC009,2024,60.0,Coastal,mqims 2021-2025.pdf,Moderate,MODERN,5.80474,115.975,1.0
Sabah,Pantai Tanjung Aru (Roll Skating),MMSC010,2024,61.0,Coastal,mqims 2021-2025.pdf,Moderate,MODERN,5.93302,116.017,1.0
Sabah,Pantai Tanjung Aru (No. 3),MMSC011,2024,64.0,Coastal,mqims 2021-2025.pdf,Moderate,MODERN,5.88876,116.015,1.0
Sabah,Pantai Lok Kawi,MMSC012,2024,58.0,Coastal,mqims 2021-2025.pdf,Moderate,MODERN,5.86013,116.027,1.0
Sabah,Pantai Dalit Tuaran,MMSC013,2024,74.0,Coastal,mqims 2021-2025.pdf,Moderate,MODERN,6.18875,116.166,1.0
Sabah,Mangrove Paradise,MMSC014,2024,72.0,Coastal,mqims 2021-2025.pdf,Moderate,MODERN,6.25857,116.221,1.0
Sabah,Pantai Sabandar,MMSC015,2024,73.0,Coastal,mqims 2021-2025.pdf,Moderate,MODERN,6.20353,116.175,1.0
Sabah,Pantai Bak-Bak Kudat,MMSC016,2024,64.0,Coastal,mqims 2021-2025.pdf,Moderate,MODERN,6.94565,116.842,1.0
Sabah,Pasir Putih Sandakan,MMSC017,2024,73.0,Coastal,mqims 2021-2025.pdf,Moderate,MODERN,5.82423,118.086,1.0
Sabah,Pantai TLDM,MMSC018,2024,89.0,Coastal,mqims 2021-2025.pdf,Good,MODERN,5.83896,118.127,1.0
Sabah,Pantai Batu Sapi,MMSC019,2024,77.0,Coastal,mqims 2021-2025.pdf,Moderate,MODERN,5.79512,118.04,1.0
Sabah,Pantai Ulu Tungku,MMSC020,2024,69.0,Coastal,mqims 2021-2025.pdf,Moderate,MODERN,5.01293,118.89,1.0
Sabah,Pantai Sarina Kunak,MMSC021,2024,62.0,Coastal,mqims 2021-2025.pdf,Moderate,MODERN,4.66139,118.284,1.0
Sabah,Pantai Kg. Lamak,MMSC022,2024,68.0,Coastal,mqims 2021-2025.pdf,Moderate,MODERN,4.969972,118.236731,1.0
Sabah,Pantai Tinagat,MMSC023,2024,88.0,Coastal,mqims 2021-2025.pdf,Good,MODERN,4.22278,117.984,1.0
Sabah,Pantai Tanjung Aru (Rest Lido),MMSC024,2024,81.0,Coastal,mqims 2021-2025.pdf,Good,MODERN,5.91084,116.008,1.0
Sabah,Pantai Teluk Brunei 1,MMSC001,2025,65.0,Coastal,mqims 2021-2025.pdf,Moderate,MODERN,5.14579,115.52,1.0
Sabah,Pantai Teluk Brunei 2,MMSC002,2025,79.0,Coastal,mqims 2021-2025.pdf,Moderate,MODERN,5.11798,115.528,1.0
Sabah,Pantai Teluk Brunei 3,MMSC003,2025,67.0,Coastal,mqims 2021-2025.pdf,Moderate,MODERN,5.16107,115.496,1.0
Sabah,Pantai Teluk Brunei 4,MMSC004,2025,81.0,Coastal,mqims 2021-2025.pdf,Good,MODERN,5.17585,115.472,1.0
Sabah,Pantai Teluk Brunei 5,MMSC005,2025,74.0,Coastal,mqims 2021-2025.pdf,Moderate,MODERN,5.20352,115.435,1.0
Sabah,Pantai Teluk Brunei 6,MMSC006,2025,89.0,Coastal,mqims 2021-2025.pdf,Good,MODERN,5.09419,115.527,1.0
Sabah,Borneo Golf Seawater,MMSC007,2025,81.0,Coastal,mqims 2021-2025.pdf,Good,MODERN,5.55,115.784,1.0
Sabah,Pantai Manis Papar,MMSC008,2025,74.0,Coastal,mqims 2021-2025.pdf,Moderate,MODERN,5.74425,115.893,1.0
Sabah,Pantai Melinsung,MMSC009,2025,60.0,Coastal,mqims 2021-2025.pdf,Moderate,MODERN,5.80474,115.975,1.0
Sabah,Pantai Tanjung Aru (Roll Skating),MMSC010,2025,87.0,Coastal,mqims 2021-2025.pdf,Good,MODERN,5.93302,116.017,1.0
Sabah,Pantai Tanjung Aru (No. 3),MMSC011,2025,87.0,Coastal,mqims 2021-2025.pdf,Good,MODERN,5.88876,116.015,1.0
Sabah,Pantai Lok Kawi,MMSC012,2025,83.0,Coastal,mqims 2021-2025.pdf,Good,MODERN,5.86013,116.027,1.0
Sabah,Pantai Dalit Tuaran,MMSC013,2025,59.0,Coastal,mqims 2021-2025.pdf,Moderate,MODERN,6.18875,116.166,1.0
Sabah,Mangrove Paradise,MMSC014,2025,66.0,Coastal,mqims 2021-2025.pdf,Moderate,MODERN,6.25857,116.221,1.0
Sabah,Pantai Sabandar,MMSC015,2025,62.0,Coastal,mqims 2021-2025.pdf,Moderate,MODERN,6.20353,116.175,1.0
Sabah,Pantai Bak-Bak Kudat,MMSC016,2025,78.0,Coastal,mqims 2021-2025.pdf,Moderate,MODERN,6.94565,116.842,1.0
Sabah,Pasir Putih Sandakan,MMSC017,2025,73.0,Coastal,mqims 2021-2025.pdf,Moderate,MODERN,5.82423,118.086,1.0
Sabah,Pantai TLDM,MMSC018,2025,79.0,Coastal,mqims 2021-2025.pdf,Moderate,MODERN,5.83896,118.127,1.0
Sabah,Pantai Batu Sapi,MMSC019,2025,79.0,Coastal,mqims 2021-2025.pdf,Moderate,MODERN,5.79512,118.04,1.0
Sabah,Pantai Ulu Tungku,MMSC020,2025,65.0,Coastal,mqims 2021-2025.pdf,Moderate,MODERN,5.01293,118.89,1.0
Sabah,Pantai Sarina Kunak,MMSC021,2025,69.0,Coastal,mqims 2021-2025.pdf,Moderate,MODERN,4.66139,118.284,1.0
Sabah,Pantai Kg. Lamak,MMSC022,2025,80.0,Coastal,mqims 2021-2025.pdf,Good,MODERN,4.969972,118.236731,1.0
Sabah,Pantai Tinagat,MMSC023,2025,62.0,Coastal,mqims 2021-2025.pdf,Moderate,MODERN,4.22278,117.984,1.0
Sabah,Pantai Tanjung Aru (Rest Lido),MMSC024,2025,89.0,Coastal,mqims 2021-2025.pdf,Good,MODERN,5.91084,116.008,1.0
W.P. Labuan,Pulau Papan,MMLC001,2021,59.0,Coastal,mqims 2021-2025.pdf,Moderate,MODERN,5.2549,115.268,1.0
W.P. Labuan,Kiamsam,MMLC002,2021,58.0,Coastal,mqims 2021-2025.pdf,Moderate,MODERN,5.25526,115.175,1.0
W.P. Labuan,Sungai Pagar,MMLC003,2021,58.0,Coastal,mqims 2021-2025.pdf,Moderate,MODERN,5.27341,115.167,1.0
W.P. Labuan,Layang- Layangan,MMLC004,2021,57.0,Coastal,mqims 2021-2025.pdf,Moderate,MODERN,5.33422,115.193,1.0
W.P. Labuan,Tanjung Aru,MMLC005,2021,59.0,Coastal,mqims 2021-2025.pdf,Moderate,MODERN,5.3506,115.244,1.0
W.P. Labuan,Pulau Papan,MMLC001,2022,58.0,Coastal,mqims 2021-2025.pdf,Moderate,MODERN,5.2549,115.268,1.0
W.P. Labuan,Kiamsam,MMLC002,2022,58.0,Coastal,mqims 2021-2025.pdf,Moderate,MODERN,5.25526,115.175,1.0
W.P. Labuan,Sungai Pagar,MMLC003,2022,59.0,Coastal,mqims 2021-2025.pdf,Moderate,MODERN,5.27341,115.167,1.0
W.P. Labuan,Layang- Layangan,MMLC004,2022,58.0,Coastal,mqims 2021-2025.pdf,Moderate,MODERN,5.33422,115.193,1.0
W.P. Labuan,Tanjung Aru,MMLC005,2022,60.0,Coastal,mqims 2021-2025.pdf,Moderate,MODERN,5.3506,115.244,1.0
W.P. Labuan,Pulau Papan,MMLC001,2023,59.0,Coastal,mqims 2021-2025.pdf,Moderate,MODERN,5.2549,115.268,1.0
W.P. Labuan,Kiamsam,MMLC002,2023,59.0,Coastal,mqims 2021-2025.pdf,Moderate,MODERN,5.25526,115.175,1.0
W.P. Labuan,Sungai Pagar,MMLC003,2023,59.0,Coastal,mqims 2021-2025.pdf,Moderate,MODERN,5.27341,115.167,1.0
W.P. Labuan,Layang- Layangan,MMLC004,2023,59.0,Coastal,mqims 2021-2025.pdf,Moderate,MODERN,5.33422,115.193,1.0
W.P. Labuan,Tanjung Aru,MMLC005,2023,59.0,Coastal,mqims 2021-2025.pdf,Moderate,MODERN,5.3506,115.244,1.0
W.P. Labuan,Pulau Papan,MMLC001,2024,58.0,Coastal,mqims 2021-2025.pdf,Moderate,MODERN,5.2549,115.268,1.0
W.P. Labuan,Kiamsam,MMLC002,2024,72.0,Coastal,mqims 2021-2025.pdf,Moderate,MODERN,5.25526,115.175,1.0
W.P. Labuan,Sungai Pagar,MMLC003,2024,76.0,Coastal,mqims 2021-2025.pdf,Moderate,MODERN,5.27341,115.167,1.0
W.P. Labuan,Layang- Layangan,MMLC004,2024,74.0,Coastal,mqims 2021-2025.pdf,Moderate,MODERN,5.33422,115.193,1.0
W.P. Labuan,Tanjung Aru,MMLC005,2024,65.0,Coastal,mqims 2021-2025.pdf,Moderate,MODERN,5.3506,115.244,1.0
W.P. Labuan,Pulau Papan,MMLC001,2025,83.0,Coastal,mqims 2021-2025.pdf,Good,MODERN,5.2549,115.268,1.0
W.P. Labuan,Kiamsam,MMLC002,2025,79.0,Coastal,mqims 2021-2025.pdf,Moderate,MODERN,5.25526,115.175,1.0
W.P. Labuan,Sungai Pagar,MMLC003,2025,75.0,Coastal,mqims 2021-2025.pdf,Moderate,MODERN,5.27341,115.167,1.0
W.P. Labuan,Layang- Layangan,MMLC004,2025,88.0,Coastal,mqims 2021-2025.pdf,Good,MODERN,5.33422,115.193,1.0
W.P. Labuan,Tanjung Aru,MMLC005,2025,71.0,Coastal,mqims 2021-2025.pdf,Moderate,MODERN,5.3506,115.244,1.0
Perlis,Kuala Sungai Perlis,MMRE001,2021,57.0,Estuary,mqims 2021-2025.pdf,Moderate,MODERN,6.40007,100.119,1.0
Perlis,Kuala Sungai Baru,MMRE002,2021,57.0,Estuary,mqims 2021-2025.pdf,Moderate,MODERN,6.33242,100.15,1.0
Kedah,Kuala Kedah,MMKE001,2021,57.0,Estuary,mqims 2021-2025.pdf,Moderate,MODERN,6.10482,100.282,1.0
Kedah,Kuala Jerlun,MMKE002,2021,55.0,Estuary,mqims 2021-2025.pdf,Moderate,MODERN,6.2105,100.238,1.0
Kedah,Kuala Segantang Garam,MMKE003,2021,69.0,Estuary,mqims 2021-2025.pdf,Moderate,MODERN,5.67869,100.373,1.0
Kedah,Kuala Sungai Muda,MMKE004,2021,56.0,Estuary,mqims 2021-2025.pdf,Moderate,MODERN,5.57735,100.341,1.0
P. Pinang,Kuala Sungai Jawi,MMPE001,2021,43.0,Estuary,mqims 2021-2025.pdf,Poor,MODERN,5.28056,100.417,1.0
P. Pinang,Kuala Sungai Juru,MMPE002,2021,42.0,Estuary,mqims 2021-2025.pdf,Poor,MODERN,5.33889,100.406,1.0
P. Pinang,Kuala Sungai Kerian,MMPE003,2021,56.0,Estuary,mqims 2021-2025.pdf,Moderate,MODERN,5.17034,100.424,1.0
P. Pinang,Kuala Sungai Pinang,MMPE004,2021,52.0,Estuary,mqims 2021-2025.pdf,Moderate,MODERN,5.4,100.335,1.0
P. Pinang,Kuala Sungai Perai,MMPE005,2021,55.0,Estuary,mqims 2021-2025.pdf,Moderate,MODERN,5.38333,100.367,1.0
P. Pinang,Kuala Sungai Tengah,MMPE006,2021,57.0,Estuary,mqims 2021-2025.pdf,Moderate,MODERN,5.21139,100.425,1.0
P. Pinang,Kuala Sungai Pinang (Balik Pulau),MMPE007,2021,56.0,Estuary,mqims 2021-2025.pdf,Moderate,MODERN,5.39155,100.186,1.0
Perlis,Kuala Sungai Perlis,MMRE001,2022,57.0,Estuary,mqims 2021-2025.pdf,Moderate,MODERN,6.40007,100.119,1.0
Perlis,Kuala Sungai Baru,MMRE002,2022,57.0,Estuary,mqims 2021-2025.pdf,Moderate,MODERN,6.33242,100.15,1.0
Kedah,Kuala Kedah,MMKE001,2022,56.0,Estuary,mqims 2021-2025.pdf,Moderate,MODERN,6.10482,100.282,1.0
Kedah,Kuala Jerlun,MMKE002,2022,54.0,Estuary,mqims 2021-2025.pdf,Moderate,MODERN,6.2105,100.238,1.0
Kedah,Kuala Segantang Garam,MMKE003,2022,72.0,Estuary,mqims 2021-2025.pdf,Moderate,MODERN,5.67869,100.373,1.0
Kedah,Kuala Sungai Muda,MMKE004,2022,57.0,Estuary,mqims 2021-2025.pdf,Moderate,MODERN,5.57735,100.341,1.0
P. Pinang,Kuala Sungai Jawi,MMPE001,2022,52.0,Estuary,mqims 2021-2025.pdf,Moderate,MODERN,5.28056,100.417,1.0
P. Pinang,Kuala Sungai Juru,MMPE002,2022,53.0,Estuary,mqims 2021-2025.pdf,Moderate,MODERN,5.33889,100.406,1.0
P. Pinang,Kuala Sungai Kerian,MMPE003,2022,73.0,Estuary,mqims 2021-2025.pdf,Moderate,MODERN,5.17034,100.424,1.0
P. Pinang,Kuala Sungai Pinang,MMPE004,2022,54.0,Estuary,mqims 2021-2025.pdf,Moderate,MODERN,5.4,100.335,1.0
P. Pinang,Kuala Sungai Perai,MMPE005,2022,55.0,Estuary,mqims 2021-2025.pdf,Moderate,MODERN,5.38333,100.367,1.0
P. Pinang,Kuala Sungai Tengah,MMPE006,2022,81.0,Estuary,mqims 2021-2025.pdf,Good,MODERN,5.21139,100.425,1.0
P. Pinang,Kuala Sungai Pinang (Balik Pulau),MMPE007,2022,58.0,Estuary,mqims 2021-2025.pdf,Moderate,MODERN,5.39155,100.186,1.0
Perlis,Kuala Sungai Perlis,MMRE001,2023,55.0,Estuary,mqims 2021-2025.pdf,Moderate,MODERN,6.40007,100.119,1.0
Perlis,Kuala Sungai Baru,MMRE002,2023,56.0,Estuary,mqims 2021-2025.pdf,Moderate,MODERN,6.33242,100.15,1.0
Kedah,Kuala Kedah,MMKE001,2023,54.0,Estuary,mqims 2021-2025.pdf,Moderate,MODERN,6.10482,100.282,1.0
Kedah,Kuala Jerlun,MMKE002,2023,56.0,Estuary,mqims 2021-2025.pdf,Moderate,MODERN,6.2105,100.238,1.0
Kedah,Kuala Segantang Garam,MMKE003,2023,58.0,Estuary,mqims 2021-2025.pdf,Moderate,MODERN,5.67869,100.373,1.0
Kedah,Kuala Sungai Muda,MMKE004,2023,56.0,Estuary,mqims 2021-2025.pdf,Moderate,MODERN,5.57735,100.341,1.0
P. Pinang,Kuala Sungai Jawi,MMPE001,2023,72.0,Estuary,mqims 2021-2025.pdf,Moderate,MODERN,5.28056,100.417,1.0
P. Pinang,Kuala Sungai Juru,MMPE002,2023,55.0,Estuary,mqims 2021-2025.pdf,Moderate,MODERN,5.33889,100.406,1.0
P. Pinang,Kuala Sungai Kerian,MMPE003,2023,55.0,Estuary,mqims 2021-2025.pdf,Moderate,MODERN,5.17034,100.424,1.0
P. Pinang,Kuala Sungai Pinang,MMPE004,2023,48.0,Estuary,mqims 2021-2025.pdf,Poor,MODERN,5.4,100.335,1.0
P. Pinang,Kuala Sungai Perai,MMPE005,2023,56.0,Estuary,mqims 2021-2025.pdf,Moderate,MODERN,5.38333,100.367,1.0
P. Pinang,Kuala Sungai Tengah,MMPE006,2023,87.0,Estuary,mqims 2021-2025.pdf,Good,MODERN,5.21139,100.425,1.0
P. Pinang,Kuala Sungai Pinang (Balik Pulau),MMPE007,2023,72.0,Estuary,mqims 2021-2025.pdf,Moderate,MODERN,5.39155,100.186,1.0
Perlis,Kuala Sungai Perlis,MMRE001,2024,58.0,Estuary,mqims 2021-2025.pdf,Moderate,MODERN,6.40007,100.119,1.0
Perlis,Kuala Sungai Baru,MMRE002,2024,56.0,Estuary,mqims 2021-2025.pdf,Moderate,MODERN,6.33242,100.15,1.0
Kedah,Kuala Kedah,MMKE001,2024,64.0,Estuary,mqims 2021-2025.pdf,Moderate,MODERN,6.10482,100.282,1.0
Kedah,Kuala Jerlun,MMKE002,2024,57.0,Estuary,mqims 2021-2025.pdf,Moderate,MODERN,6.2105,100.238,1.0
Kedah,Kuala Segantang Garam,MMKE003,2024,57.0,Estuary,mqims 2021-2025.pdf,Moderate,MODERN,5.67869,100.373,1.0
Kedah,Kuala Sungai Muda,MMKE004,2024,57.0,Estuary,mqims 2021-2025.pdf,Moderate,MODERN,5.57735,100.341,1.0
P. Pinang,Kuala Sungai Jawi,MMPE001,2024,53.0,Estuary,mqims 2021-2025.pdf,Moderate,MODERN,5.28056,100.417,1.0
P. Pinang,Kuala Sungai Juru,MMPE002,2024,47.0,Estuary,mqims 2021-2025.pdf,Poor,MODERN,5.33889,100.406,1.0
P. Pinang,Kuala Sungai Kerian,MMPE003,2024,68.0,Estuary,mqims 2021-2025.pdf,Moderate,MODERN,5.17034,100.424,1.0
P. Pinang,Kuala Sungai Pinang,MMPE004,2024,47.0,Estuary,mqims 2021-2025.pdf,Poor,MODERN,5.4,100.335,1.0
P. Pinang,Kuala Sungai Perai,MMPE005,2024,55.0,Estuary,mqims 2021-2025.pdf,Moderate,MODERN,5.38333,100.367,1.0
P. Pinang,Kuala Sungai Tengah,MMPE006,2024,65.0,Estuary,mqims 2021-2025.pdf,Moderate,MODERN,5.21139,100.425,1.0
P. Pinang,Kuala Sungai Pinang (Balik Pulau),MMPE007,2024,56.0,Estuary,mqims 2021-2025.pdf,Moderate,MODERN,5.39155,100.186,1.0
Perlis,Kuala Sungai Perlis,MMRE001,2025,57.0,Estuary,mqims 2021-2025.pdf,Moderate,MODERN,6.40007,100.119,1.0
Perlis,Kuala Sungai Baru,MMRE002,2025,57.0,Estuary,mqims 2021-2025.pdf,Moderate,MODERN,6.33242,100.15,1.0
Kedah,Kuala Kedah,MMKE001,2025,56.0,Estuary,mqims 2021-2025.pdf,Moderate,MODERN,6.10482,100.282,1.0
Kedah,Kuala Jerlun,MMKE002,2025,56.0,Estuary,mqims 2021-2025.pdf,Moderate,MODERN,6.2105,100.238,1.0
Kedah,Kuala Segantang Garam,MMKE003,2025,56.0,Estuary,mqims 2021-2025.pdf,Moderate,MODERN,5.67869,100.373,1.0
Kedah,Kuala Sungai Muda,MMKE004,2025,57.0,Estuary,mqims 2021-2025.pdf,Moderate,MODERN,5.57735,100.341,1.0
P. Pinang,Kuala Sungai Jawi,MMPE001,2025,69.0,Estuary,mqims 2021-2025.pdf,Moderate,MODERN,5.28056,100.417,1.0
P. Pinang,Kuala Sungai Juru,MMPE002,2025,46.0,Estuary,mqims 2021-2025.pdf,Poor,MODERN,5.33889,100.406,1.0
P. Pinang,Kuala Sungai Kerian,MMPE003,2025,79.0,Estuary,mqims 2021-2025.pdf,Moderate,MODERN,5.17034,100.424,1.0
P. Pinang,Kuala Sungai Pinang,MMPE004,2025,47.0,Estuary,mqims 2021-2025.pdf,Poor,MODERN,5.4,100.335,1.0
P. Pinang,Kuala Sungai Perai,MMPE005,2025,52.0,Estuary,mqims 2021-2025.pdf,Moderate,MODERN,5.38333,100.367,1.0
P. Pinang,Kuala Sungai Tengah,MMPE006,2025,76.0,Estuary,mqims 2021-2025.pdf,Moderate,MODERN,5.21139,100.425,1.0
P. Pinang,Kuala Sungai Pinang (Balik Pulau),MMPE007,2025,64.0,Estuary,mqims 2021-2025.pdf,Moderate,MODERN,5.39155,100.186,1.0
Perak,Kuala Sungai Manjung,MMAE001,2021,73.0,Estuary,mqims 2021-2025.pdf,Moderate,MODERN,4.24841,100.594,1.0
Perak,Kuala Sungai Gula,MMAE002,2021,54.0,Estuary,mqims 2021-2025.pdf,Moderate,MODERN,4.92269,100.467,1.0
Perak,Kuala Sungai Kurau,MMAE003,2021,54.0,Estuary,mqims 2021-2025.pdf,Moderate,MODERN,4.99481,100.415,1.0
Perak,Kuala Sungai Tanjung Piandang,MMAE004,2021,45.0,Estuary,mqims 2021-2025.pdf,Poor,MODERN,5.07661,100.374,1.0
Perak,Kuala Sungai Sepetang,MMAE005,2021,55.0,Estuary,mqims 2021-2025.pdf,Moderate,MODERN,4.7756,100.588,1.0
Perak,Kuala Sungai Perak,MMAE006,2021,55.0,Estuary,mqims 2021-2025.pdf,Moderate,MODERN,4.00002,100.756,1.0
Selangor,Kuala Sungai Sepang,MMBE001,2021,66.0,Estuary,mqims 2021-2025.pdf,Moderate,MODERN,2.59575,101.713,1.0
Selangor,Kuala Sungai Sepang (Kecil),MMBE002,2021,80.0,Estuary,mqims 2021-2025.pdf,Good,MODERN,2.60987,101.685,1.0
Selangor,Kuala Sungai Sepang (Kawalan),MMBE003,2021,81.0,Estuary,mqims 2021-2025.pdf,Good,MODERN,2.59749,101.69,1.0
Selangor,Kuala Sungai Langat (Jugra),MMBE004,2021,54.0,Estuary,mqims 2021-2025.pdf,Moderate,MODERN,2.8024,101.407,1.0
Selangor,Kuala Sungai Klang,MMBE005,2021,40.0,Estuary,mqims 2021-2025.pdf,Poor,MODERN,3.00191,101.389,1.0
Selangor,Kuala Sungai Langat (Lumut),MMBE006,2021,54.0,Estuary,mqims 2021-2025.pdf,Moderate,MODERN,2.9668,101.309,1.0
Selangor,Kuala Sungai Buloh,MMBE007,2021,57.0,Estuary,mqims 2021-2025.pdf,Moderate,MODERN,3.25504,101.3,1.0
Selangor,Kuala Sungai Selangor,MMBE008,2021,43.0,Estuary,mqims 2021-2025.pdf,Poor,MODERN,3.33333,101.225,1.0
Selangor,Kuala Sungai Tengi,MMBE009,2021,51.0,Estuary,mqims 2021-2025.pdf,Moderate,MODERN,3.39618,101.167,1.0
Selangor,Kuala Sungai Bernam,MMBE010,2021,55.0,Estuary,mqims 2021-2025.pdf,Moderate,MODERN,3.85,100.817,1.0
N. Sembilan,Kuala Sungai Linggi,MMNE001,2021,68.0,Estuary,mqims 2021-2025.pdf,Moderate,MODERN,2.39101,101.973,1.0
N. Sembilan,Kuala Sungai Lukut,MMNE002,2021,56.0,Estuary,mqims 2021-2025.pdf,Moderate,MODERN,2.57802,101.788,1.0
Melaka,Kuala Sungai Melaka,MMME001,2021,60.0,Estuary,mqims 2021-2025.pdf,Moderate,MODERN,2.18572,102.242,1.0
Melaka,Kuala Sungai Sri Melaka,MMME002,2021,50.0,Estuary,mqims 2021-2025.pdf,Moderate,MODERN,2.20647,102.198,1.0
Melaka,Kuala Sungai Merlimau,MMME003,2021,58.0,Estuary,mqims 2021-2025.pdf,Moderate,MODERN,2.12689,102.414,1.0
Melaka,Kuala Sungai Kesang,MMME004,2021,74.0,Estuary,mqims 2021-2025.pdf,Moderate,MODERN,2.09814,102.489,1.0
Melaka,Kuala Sungai Sebatu,MMME005,2021,63.0,Estuary,mqims 2021-2025.pdf,Moderate,MODERN,2.10753,102.462,1.0
Melaka,Kuala Sungai Melaka 2,MMME006,2021,56.0,Estuary,mqims 2021-2025.pdf,Moderate,MODERN,2.186872,102.243231,1.0
Melaka,Kuala Sungai Baru,MMME007,2021,57.0,Estuary,mqims 2021-2025.pdf,Moderate,MODERN,2.35244,102.033,1.0
Melaka,Kuala Sungai Lereh,MMME008,2021,55.0,Estuary,mqims 2021-2025.pdf,Moderate,MODERN,2.22003,102.176,1.0
Perak,Kuala Sungai Manjung,MMAE001,2022,85.0,Estuary,mqims 2021-2025.pdf,Good,MODERN,4.24841,100.594,1.0
Perak,Kuala Sungai Gula,MMAE002,2022,79.0,Estuary,mqims 2021-2025.pdf,Moderate,MODERN,4.92269,100.467,1.0
Perak,Kuala Sungai Kurau,MMAE003,2022,64.0,Estuary,mqims 2021-2025.pdf,Moderate,MODERN,4.99481,100.415,1.0
Perak,Kuala Sungai Tanjung Piandang,MMAE004,2022,50.0,Estuary,mqims 2021-2025.pdf,Moderate,MODERN,5.07661,100.374,1.0
Perak,Kuala Sungai Sepetang,MMAE005,2022,53.0,Estuary,mqims 2021-2025.pdf,Moderate,MODERN,4.7756,100.588,1.0
Perak,Kuala Sungai Perak,MMAE006,2022,75.0,Estuary,mqims 2021-2025.pdf,Moderate,MODERN,4.00002,100.756,1.0
Selangor,Kuala Sungai Sepang,MMBE001,2022,72.0,Estuary,mqims 2021-2025.pdf,Moderate,MODERN,2.59575,101.713,1.0
Selangor,Kuala Sungai Sepang (Kecil),MMBE002,2022,58.0,Estuary,mqims 2021-2025.pdf,Moderate,MODERN,2.60987,101.685,1.0
Selangor,Kuala Sungai Sepang (Kawalan),MMBE003,2022,91.0,Estuary,mqims 2021-2025.pdf,Excellent,MODERN,2.59749,101.69,1.0
Selangor,Kuala Sungai Langat (Jugra),MMBE004,2022,58.0,Estuary,mqims 2021-2025.pdf,Moderate,MODERN,2.8024,101.407,1.0
Selangor,Kuala Sungai Klang,MMBE005,2022,43.0,Estuary,mqims 2021-2025.pdf,Poor,MODERN,3.00191,101.389,1.0
Selangor,Kuala Sungai Langat (Lumut),MMBE006,2022,55.0,Estuary,mqims 2021-2025.pdf,Moderate,MODERN,2.9668,101.309,1.0
Selangor,Kuala Sungai Buloh,MMBE007,2022,56.0,Estuary,mqims 2021-2025.pdf,Moderate,MODERN,3.25504,101.3,1.0
Selangor,Kuala Sungai Selangor,MMBE008,2022,51.0,Estuary,mqims 2021-2025.pdf,Moderate,MODERN,3.33333,101.225,1.0
Selangor,Kuala Sungai Tengi,MMBE009,2022,48.0,Estuary,mqims 2021-2025.pdf,Poor,MODERN,3.39618,101.167,1.0
Selangor,Kuala Sungai Bernam,MMBE010,2022,61.0,Estuary,mqims 2021-2025.pdf,Moderate,MODERN,3.85,100.817,1.0
N. Sembilan,Kuala Sungai Linggi,MMNE001,2022,55.0,Estuary,mqims 2021-2025.pdf,Moderate,MODERN,2.39101,101.973,1.0
N. Sembilan,Kuala Sungai Lukut,MMNE002,2022,53.0,Estuary,mqims 2021-2025.pdf,Moderate,MODERN,2.57802,101.788,1.0
Melaka,Kuala Sungai Melaka,MMME001,2022,63.0,Estuary,mqims 2021-2025.pdf,Moderate,MODERN,2.18572,102.242,1.0
Melaka,Kuala Sungai Sri Melaka,MMME002,2022,54.0,Estuary,mqims 2021-2025.pdf,Moderate,MODERN,2.20647,102.198,1.0
Melaka,Kuala Sungai Merlimau,MMME003,2022,57.0,Estuary,mqims 2021-2025.pdf,Moderate,MODERN,2.12689,102.414,1.0
Melaka,Kuala Sungai Kesang,MMME004,2022,57.0,Estuary,mqims 2021-2025.pdf,Moderate,MODERN,2.09814,102.489,1.0
Melaka,Kuala Sungai Sebatu,MMME005,2022,75.0,Estuary,mqims 2021-2025.pdf,Moderate,MODERN,2.10753,102.462,1.0
Melaka,Kuala Sungai Melaka 2,MMME006,2022,54.0,Estuary,mqims 2021-2025.pdf,Moderate,MODERN,2.186872,102.243231,1.0
Melaka,Kuala Sungai Baru,MMME007,2022,64.0,Estuary,mqims 2021-2025.pdf,Moderate,MODERN,2.35244,102.033,1.0
Melaka,Kuala Sungai Lereh,MMME008,2022,56.0,Estuary,mqims 2021-2025.pdf,Moderate,MODERN,2.22003,102.176,1.0
Perak,Kuala Sungai Manjung,MMAE001,2023,89.0,Estuary,mqims 2021-2025.pdf,Good,MODERN,4.24841,100.594,1.0
Perak,Kuala Sungai Gula,MMAE002,2023,57.0,Estuary,mqims 2021-2025.pdf,Moderate,MODERN,4.92269,100.467,1.0
Perak,Kuala Sungai Kurau,MMAE003,2023,56.0,Estuary,mqims 2021-2025.pdf,Moderate,MODERN,4.99481,100.415,1.0
Perak,Kuala Sungai Tanjung Piandang,MMAE004,2023,51.0,Estuary,mqims 2021-2025.pdf,Moderate,MODERN,5.07661,100.374,1.0
Perak,Kuala Sungai Sepetang,MMAE005,2023,53.0,Estuary,mqims 2021-2025.pdf,Moderate,MODERN,4.7756,100.588,1.0
Perak,Kuala Sungai Perak,MMAE006,2023,62.0,Estuary,mqims 2021-2025.pdf,Moderate,MODERN,4.00002,100.756,1.0
Selangor,Kuala Sungai Sepang,MMBE001,2023,83.0,Estuary,mqims 2021-2025.pdf,Good,MODERN,2.59575,101.713,1.0
Selangor,Kuala Sungai Sepang (Kecil),MMBE002,2023,82.0,Estuary,mqims 2021-2025.pdf,Good,MODERN,2.60987,101.685,1.0
Selangor,Kuala Sungai Sepang (Kawalan),MMBE003,2023,90.0,Estuary,mqims 2021-2025.pdf,Excellent,MODERN,2.59749,101.69,1.0
Selangor,Kuala Sungai Langat (Jugra),MMBE004,2023,63.0,Estuary,mqims 2021-2025.pdf,Moderate,MODERN,2.8024,101.407,1.0
Selangor,Kuala Sungai Klang,MMBE005,2023,51.0,Estuary,mqims 2021-2025.pdf,Moderate,MODERN,3.00191,101.389,1.0
Selangor,Kuala Sungai Langat (Lumut),MMBE006,2023,60.0,Estuary,mqims 2021-2025.pdf,Moderate,MODERN,2.9668,101.309,1.0
Selangor,Kuala Sungai Buloh,MMBE007,2023,64.0,Estuary,mqims 2021-2025.pdf,Moderate,MODERN,3.25504,101.3,1.0
Selangor,Kuala Sungai Selangor,MMBE008,2023,55.0,Estuary,mqims 2021-2025.pdf,Moderate,MODERN,3.33333,101.225,1.0
Selangor,Kuala Sungai Tengi,MMBE009,2023,56.0,Estuary,mqims 2021-2025.pdf,Moderate,MODERN,3.39618,101.167,1.0
Selangor,Kuala Sungai Bernam,MMBE010,2023,54.0,Estuary,mqims 2021-2025.pdf,Moderate,MODERN,3.85,100.817,1.0
N. Sembilan,Kuala Sungai Linggi,MMNE001,2023,68.0,Estuary,mqims 2021-2025.pdf,Moderate,MODERN,2.39101,101.973,1.0
N. Sembilan,Kuala Sungai Lukut,MMNE002,2023,55.0,Estuary,mqims 2021-2025.pdf,Moderate,MODERN,2.57802,101.788,1.0
Melaka,Kuala Sungai Melaka,MMME001,2023,56.0,Estuary,mqims 2021-2025.pdf,Moderate,MODERN,2.18572,102.242,1.0
Melaka,Kuala Sungai Sri Melaka,MMME002,2023,53.0,Estuary,mqims 2021-2025.pdf,Moderate,MODERN,2.20647,102.198,1.0
Melaka,Kuala Sungai Merlimau,MMME003,2023,53.0,Estuary,mqims 2021-2025.pdf,Moderate,MODERN,2.12689,102.414,1.0
Melaka,Kuala Sungai Kesang,MMME004,2023,57.0,Estuary,mqims 2021-2025.pdf,Moderate,MODERN,2.09814,102.489,1.0
Melaka,Kuala Sungai Sebatu,MMME005,2023,57.0,Estuary,mqims 2021-2025.pdf,Moderate,MODERN,2.10753,102.462,1.0
Melaka,Kuala Sungai Melaka 2,MMME006,2023,55.0,Estuary,mqims 2021-2025.pdf,Moderate,MODERN,2.186872,102.243231,1.0
Melaka,Kuala Sungai Baru,MMME007,2023,54.0,Estuary,mqims 2021-2025.pdf,Moderate,MODERN,2.35244,102.033,1.0
Melaka,Kuala Sungai Lereh,MMME008,2023,53.0,Estuary,mqims 2021-2025.pdf,Moderate,MODERN,2.22003,102.176,1.0
Perak,Kuala Sungai Manjung,MMAE001,2024,94.0,Estuary,mqims 2021-2025.pdf,Excellent,MODERN,4.24841,100.594,1.0
Perak,Kuala Sungai Gula,MMAE002,2024,58.0,Estuary,mqims 2021-2025.pdf,Moderate,MODERN,4.92269,100.467,1.0
Perak,Kuala Sungai Kurau,MMAE003,2024,58.0,Estuary,mqims 2021-2025.pdf,Moderate,MODERN,4.99481,100.415,1.0
Perak,Kuala Sungai Tanjung Piandang,MMAE004,2024,51.0,Estuary,mqims 2021-2025.pdf,Moderate,MODERN,5.07661,100.374,1.0
Perak,Kuala Sungai Sepetang,MMAE005,2024,58.0,Estuary,mqims 2021-2025.pdf,Moderate,MODERN,4.7756,100.588,1.0
Perak,Kuala Sungai Perak,MMAE006,2024,82.0,Estuary,mqims 2021-2025.pdf,Good,MODERN,4.00002,100.756,1.0
Selangor,Kuala Sungai Sepang,MMBE001,2024,70.0,Estuary,mqims 2021-2025.pdf,Moderate,MODERN,2.59575,101.713,1.0
Selangor,Kuala Sungai Sepang (Kecil),MMBE002,2024,57.0,Estuary,mqims 2021-2025.pdf,Moderate,MODERN,2.60987,101.685,1.0
Selangor,Kuala Sungai Sepang (Kawalan),MMBE003,2024,84.0,Estuary,mqims 2021-2025.pdf,Good,MODERN,2.59749,101.69,1.0
Selangor,Kuala Sungai Langat (Jugra),MMBE004,2024,53.0,Estuary,mqims 2021-2025.pdf,Moderate,MODERN,2.8024,101.407,1.0
Selangor,Kuala Sungai Klang,MMBE005,2024,51.0,Estuary,mqims 2021-2025.pdf,Moderate,MODERN,3.00191,101.389,1.0
Selangor,Kuala Sungai Langat (Lumut),MMBE006,2024,63.0,Estuary,mqims 2021-2025.pdf,Moderate,MODERN,2.9668,101.309,1.0
Selangor,Kuala Sungai Buloh,MMBE007,2024,56.0,Estuary,mqims 2021-2025.pdf,Moderate,MODERN,3.25504,101.3,1.0
Selangor,Kuala Sungai Selangor,MMBE008,2024,49.0,Estuary,mqims 2021-2025.pdf,Poor,MODERN,3.33333,101.225,1.0
Selangor,Kuala Sungai Tengi,MMBE009,2024,52.0,Estuary,mqims 2021-2025.pdf,Moderate,MODERN,3.39618,101.167,1.0
Selangor,Kuala Sungai Bernam,MMBE010,2024,55.0,Estuary,mqims 2021-2025.pdf,Moderate,MODERN,3.85,100.817,1.0
N. Sembilan,Kuala Sungai Linggi,MMNE001,2024,67.0,Estuary,mqims 2021-2025.pdf,Moderate,MODERN,2.39101,101.973,1.0
N. Sembilan,Kuala Sungai Lukut,MMNE002,2024,52.0,Estuary,mqims 2021-2025.pdf,Moderate,MODERN,2.57802,101.788,1.0
Melaka,Kuala Sungai Melaka,MMME001,2024,54.0,Estuary,mqims 2021-2025.pdf,Moderate,MODERN,2.18572,102.242,1.0
Melaka,Kuala Sungai Sri Melaka,MMME002,2024,56.0,Estuary,mqims 2021-2025.pdf,Moderate,MODERN,2.20647,102.198,1.0
Melaka,Kuala Sungai Merlimau,MMME003,2024,55.0,Estuary,mqims 2021-2025.pdf,Moderate,MODERN,2.12689,102.414,1.0
Melaka,Kuala Sungai Kesang,MMME004,2024,56.0,Estuary,mqims 2021-2025.pdf,Moderate,MODERN,2.09814,102.489,1.0
Melaka,Kuala Sungai Sebatu,MMME005,2024,53.0,Estuary,mqims 2021-2025.pdf,Moderate,MODERN,2.10753,102.462,1.0
Melaka,Kuala Sungai Melaka 2,MMME006,2024,55.0,Estuary,mqims 2021-2025.pdf,Moderate,MODERN,2.186872,102.243231,1.0
Melaka,Kuala Sungai Baru,MMME007,2024,56.0,Estuary,mqims 2021-2025.pdf,Moderate,MODERN,2.35244,102.033,1.0
Melaka,Kuala Sungai Lereh,MMME008,2024,49.0,Estuary,mqims 2021-2025.pdf,Poor,MODERN,2.22003,102.176,1.0
Perak,Kuala Sungai Manjung,MMAE001,2025,86.0,Estuary,mqims 2021-2025.pdf,Good,MODERN,4.24841,100.594,1.0
Perak,Kuala Sungai Gula,MMAE002,2025,69.0,Estuary,mqims 2021-2025.pdf,Moderate,MODERN,4.92269,100.467,1.0
Perak,Kuala Sungai Kurau,MMAE003,2025,54.0,Estuary,mqims 2021-2025.pdf,Moderate,MODERN,4.99481,100.415,1.0
Perak,Kuala Sungai Tanjung Piandang,MMAE004,2025,53.0,Estuary,mqims 2021-2025.pdf,Moderate,MODERN,5.07661,100.374,1.0
Perak,Kuala Sungai Sepetang,MMAE005,2025,56.0,Estuary,mqims 2021-2025.pdf,Moderate,MODERN,4.7756,100.588,1.0
Perak,Kuala Sungai Perak,MMAE006,2025,66.0,Estuary,mqims 2021-2025.pdf,Moderate,MODERN,4.00002,100.756,1.0
Selangor,Kuala Sungai Sepang,MMBE001,2025,71.0,Estuary,mqims 2021-2025.pdf,Moderate,MODERN,2.59575,101.713,1.0
Selangor,Kuala Sungai Sepang (Kecil),MMBE002,2025,72.0,Estuary,mqims 2021-2025.pdf,Moderate,MODERN,2.60987,101.685,1.0
Selangor,Kuala Sungai Sepang (Kawalan),MMBE003,2025,89.0,Estuary,mqims 2021-2025.pdf,Good,MODERN,2.59749,101.69,1.0
Selangor,Kuala Sungai Langat (Jugra),MMBE004,2025,54.0,Estuary,mqims 2021-2025.pdf,Moderate,MODERN,2.8024,101.407,1.0
Selangor,Kuala Sungai Klang,MMBE005,2025,49.0,Estuary,mqims 2021-2025.pdf,Poor,MODERN,3.00191,101.389,1.0
Selangor,Kuala Sungai Langat (Lumut),MMBE006,2025,54.0,Estuary,mqims 2021-2025.pdf,Moderate,MODERN,2.9668,101.309,1.0
Selangor,Kuala Sungai Buloh,MMBE007,2025,57.0,Estuary,mqims 2021-2025.pdf,Moderate,MODERN,3.25504,101.3,1.0
Selangor,Kuala Sungai Selangor,MMBE008,2025,54.0,Estuary,mqims 2021-2025.pdf,Moderate,MODERN,3.33333,101.225,1.0
Selangor,Kuala Sungai Tengi,MMBE009,2025,55.0,Estuary,mqims 2021-2025.pdf,Moderate,MODERN,3.39618,101.167,1.0
Selangor,Kuala Sungai Bernam,MMBE010,2025,57.0,Estuary,mqims 2021-2025.pdf,Moderate,MODERN,3.85,100.817,1.0
N. Sembilan,Kuala Sungai Linggi,MMNE001,2025,54.0,Estuary,mqims 2021-2025.pdf,Moderate,MODERN,2.39101,101.973,1.0
N. Sembilan,Kuala Sungai Lukut,MMNE002,2025,52.0,Estuary,mqims 2021-2025.pdf,Moderate,MODERN,2.57802,101.788,1.0
Melaka,Kuala Sungai Melaka,MMME001,2025,56.0,Estuary,mqims 2021-2025.pdf,Moderate,MODERN,2.18572,102.242,1.0
Melaka,Kuala Sungai Sri Melaka,MMME002,2025,54.0,Estuary,mqims 2021-2025.pdf,Moderate,MODERN,2.20647,102.198,1.0
Melaka,Kuala Sungai Merlimau,MMME003,2025,56.0,Estuary,mqims 2021-2025.pdf,Moderate,MODERN,2.12689,102.414,1.0
Melaka,Kuala Sungai Kesang,MMME004,2025,58.0,Estuary,mqims 2021-2025.pdf,Moderate,MODERN,2.09814,102.489,1.0
Melaka,Kuala Sungai Sebatu,MMME005,2025,59.0,Estuary,mqims 2021-2025.pdf,Moderate,MODERN,2.10753,102.462,1.0
Melaka,Kuala Sungai Melaka 2,MMME006,2025,56.0,Estuary,mqims 2021-2025.pdf,Moderate,MODERN,2.186872,102.243231,1.0
Melaka,Kuala Sungai Baru,MMME007,2025,55.0,Estuary,mqims 2021-2025.pdf,Moderate,MODERN,2.35244,102.033,1.0
Melaka,Kuala Sungai Lereh,MMME008,2025,55.0,Estuary,mqims 2021-2025.pdf,Moderate,MODERN,2.22003,102.176,1.0
Johor,Kuala Sungai Segget,MMJE001,2021,51.0,Estuary,mqims 2021-2025.pdf,Moderate,MODERN,1.45583,103.766,1.0
Johor,Kuala Sungai Laloh,MMJE002,2021,55.0,Estuary,mqims 2021-2025.pdf,Moderate,MODERN,1.43514,103.924,1.0
Johor,Kuala Sungai Johor,MMJE003,2021,92.0,Estuary,mqims 2021-2025.pdf,Excellent,MODERN,1.48444,104.023,1.0
Johor,Kuala Sungai Batu Pahat,MMJE004,2021,58.0,Estuary,mqims 2021-2025.pdf,Moderate,MODERN,1.81451,102.89,1.0
Johor,Kuala Sungai Muar,MMJE005,2021,57.0,Estuary,mqims 2021-2025.pdf,Moderate,MODERN,2.05212,102.552,1.0
Johor,Kuala Sungai Mersing,MMJE006,2021,59.0,Estuary,mqims 2021-2025.pdf,Moderate,MODERN,2.43681,103.842,1.0
Pahang,Kuala Kuantan,MMCE001,2021,58.0,Estuary,mqims 2021-2025.pdf,Moderate,MODERN,3.80482,103.343,1.0
Pahang,Kuala Rompin Kecil,MMCE002,2021,72.0,Estuary,mqims 2021-2025.pdf,Moderate,MODERN,2.82218,103.485,1.0
Pahang,Kuala Pahang,MMCE003,2021,57.0,Estuary,mqims 2021-2025.pdf,Moderate,MODERN,3.53044,103.472,1.0
Pahang,Kuala Nenasi,MMCE004,2021,85.0,Estuary,mqims 2021-2025.pdf,Good,MODERN,3.08099,103.441,1.0
Pahang,Kuala Sungai Balok,MMCE005,2021,55.0,Estuary,mqims 2021-2025.pdf,Moderate,MODERN,3.93492,103.377,1.0
Terengganu,Kuala Sungai Besut,MMTE001,2021,74.0,Estuary,mqims 2021-2025.pdf,Moderate,MODERN,5.83411,102.558,1.0
Terengganu,Kuala Sungai Dungun,MMTE002,2021,69.0,Estuary,mqims 2021-2025.pdf,Moderate,MODERN,4.78108,103.428,1.0
Terengganu,Kuala Sungai Ibai,MMTE003,2021,90.0,Estuary,mqims 2021-2025.pdf,Excellent,MODERN,5.28899,103.176,1.0
Terengganu,Kuala Sungai Kerteh,MMTE004,2021,58.0,Estuary,mqims 2021-2025.pdf,Moderate,MODERN,4.51441,103.456,1.0
Terengganu,Kuala Sungai Marang,MMTE005,2021,84.0,Estuary,mqims 2021-2025.pdf,Good,MODERN,5.20944,103.214,1.0
Terengganu,Kuala Sungai Paka,MMTE006,2021,65.0,Estuary,mqims 2021-2025.pdf,Moderate,MODERN,4.655,103.444,1.0
Terengganu,Kuala Sungai Setiu,MMTE007,2021,92.0,Estuary,mqims 2021-2025.pdf,Excellent,MODERN,5.65189,102.764,1.0
Terengganu,Kuala Sungai Terengganu,MMTE008,2021,66.0,Estuary,mqims 2021-2025.pdf,Moderate,MODERN,5.33979,103.152,1.0
Terengganu,Kuala Sungai Kemaman/ Chukai,MMTE009,2021,58.0,Estuary,mqims 2021-2025.pdf,Moderate,MODERN,4.22637,103.447,1.0
Terengganu,"Tioxide Utara (Kg. Bukit Kuang, Kijal)",MMTE010,2021,94.0,Estuary,mqims 2021-2025.pdf,Excellent,MODERN,4.27831,103.479,1.0
Terengganu,"Tioxide Tengah (Pupuk Semangat, Kijal)",MMTE011,2021,93.0,Estuary,mqims 2021-2025.pdf,Excellent,MODERN,4.2705,103.478,1.0
Terengganu,"Tioxide Selatan (Ksb, T. Kalong)",MMTE012,2021,86.0,Estuary,mqims 2021-2025.pdf,Good,MODERN,4.25114,103.466,1.0
Terengganu,Pulau Duyung,MMTE013,2021,59.0,Estuary,mqims 2021-2025.pdf,Moderate,MODERN,5.33489,103.129,1.0
Johor,Kuala Sungai Segget,MMJE001,2022,46.0,Estuary,mqims 2021-2025.pdf,Poor,MODERN,1.45583,103.766,1.0
Johor,Kuala Sungai Laloh,MMJE002,2022,54.0,Estuary,mqims 2021-2025.pdf,Moderate,MODERN,1.43514,103.924,1.0
Johor,Kuala Sungai Johor,MMJE003,2022,92.0,Estuary,mqims 2021-2025.pdf,Excellent,MODERN,1.48444,104.023,1.0
Johor,Kuala Sungai Batu Pahat,MMJE004,2022,57.0,Estuary,mqims 2021-2025.pdf,Moderate,MODERN,1.81451,102.89,1.0
Johor,Kuala Sungai Muar,MMJE005,2022,55.0,Estuary,mqims 2021-2025.pdf,Moderate,MODERN,2.05212,102.552,1.0
Johor,Kuala Sungai Mersing,MMJE006,2022,59.0,Estuary,mqims 2021-2025.pdf,Moderate,MODERN,2.43681,103.842,1.0
Pahang,Kuala Kuantan,MMCE001,2022,58.0,Estuary,mqims 2021-2025.pdf,Moderate,MODERN,3.80482,103.343,1.0
Pahang,Kuala Rompin Kecil,MMCE002,2022,79.0,Estuary,mqims 2021-2025.pdf,Moderate,MODERN,2.82218,103.485,1.0
Pahang,Kuala Pahang,MMCE003,2022,59.0,Estuary,mqims 2021-2025.pdf,Moderate,MODERN,3.53044,103.472,1.0
Pahang,Kuala Nenasi,MMCE004,2022,91.0,Estuary,mqims 2021-2025.pdf,Excellent,MODERN,3.08099,103.441,1.0
Pahang,Kuala Sungai Balok,MMCE005,2022,65.0,Estuary,mqims 2021-2025.pdf,Moderate,MODERN,3.93492,103.377,1.0
Terengganu,Kuala Sungai Besut,MMTE001,2022,70.0,Estuary,mqims 2021-2025.pdf,Moderate,MODERN,5.83411,102.558,1.0
Terengganu,Kuala Sungai Dungun,MMTE002,2022,59.0,Estuary,mqims 2021-2025.pdf,Moderate,MODERN,4.78108,103.428,1.0
Terengganu,Kuala Sungai Ibai,MMTE003,2022,87.0,Estuary,mqims 2021-2025.pdf,Good,MODERN,5.28899,103.176,1.0
Terengganu,Kuala Sungai Kerteh,MMTE004,2022,75.0,Estuary,mqims 2021-2025.pdf,Moderate,MODERN,4.51441,103.456,1.0
Terengganu,Kuala Sungai Marang,MMTE005,2022,84.0,Estuary,mqims 2021-2025.pdf,Good,MODERN,5.20944,103.214,1.0
Terengganu,Kuala Sungai Paka,MMTE006,2022,87.0,Estuary,mqims 2021-2025.pdf,Good,MODERN,4.655,103.444,1.0
Terengganu,Kuala Sungai Setiu,MMTE007,2022,75.0,Estuary,mqims 2021-2025.pdf,Moderate,MODERN,5.65189,102.764,1.0
Terengganu,Kuala Sungai Terengganu,MMTE008,2022,59.0,Estuary,mqims 2021-2025.pdf,Moderate,MODERN,5.33979,103.152,1.0
Terengganu,Kuala Sungai Kemaman/ Chukai,MMTE009,2022,59.0,Estuary,mqims 2021-2025.pdf,Moderate,MODERN,4.22637,103.447,1.0
Terengganu,"Tioxide Utara (Kg. Bukit Kuang, Kijal)",MMTE010,2022,97.0,Estuary,mqims 2021-2025.pdf,Excellent,MODERN,4.27831,103.479,1.0
Terengganu,"Tioxide Tengah (Pupuk Semangat, Kijal)",MMTE011,2022,96.0,Estuary,mqims 2021-2025.pdf,Excellent,MODERN,4.2705,103.478,1.0
Terengganu,"Tioxide Selatan (Ksb, T. Kalong)",MMTE012,2022,95.0,Estuary,mqims 2021-2025.pdf,Excellent,MODERN,4.25114,103.466,1.0
Terengganu,Pulau Duyung,MMTE013,2022,60.0,Estuary,mqims 2021-2025.pdf,Moderate,MODERN,5.33489,103.129,1.0
Johor,Kuala Sungai Segget,MMJE001,2023,51.0,Estuary,mqims 2021-2025.pdf,Moderate,MODERN,1.45583,103.766,1.0
Johor,Kuala Sungai Laloh,MMJE002,2023,52.0,Estuary,mqims 2021-2025.pdf,Moderate,MODERN,1.43514,103.924,1.0
Johor,Kuala Sungai Johor,MMJE003,2023,81.0,Estuary,mqims 2021-2025.pdf,Good,MODERN,1.48444,104.023,1.0
Johor,Kuala Sungai Batu Pahat,MMJE004,2023,57.0,Estuary,mqims 2021-2025.pdf,Moderate,MODERN,1.81451,102.89,1.0
Johor,Kuala Sungai Muar,MMJE005,2023,56.0,Estuary,mqims 2021-2025.pdf,Moderate,MODERN,2.05212,102.552,1.0
Johor,Kuala Sungai Mersing,MMJE006,2023,78.0,Estuary,mqims 2021-2025.pdf,Moderate,MODERN,2.43681,103.842,1.0
Pahang,Kuala Kuantan,MMCE001,2023,58.0,Estuary,mqims 2021-2025.pdf,Moderate,MODERN,3.80482,103.343,1.0
Pahang,Kuala Rompin Kecil,MMCE002,2023,90.0,Estuary,mqims 2021-2025.pdf,Excellent,MODERN,2.82218,103.485,1.0
Pahang,Kuala Pahang,MMCE003,2023,81.0,Estuary,mqims 2021-2025.pdf,Good,MODERN,3.53044,103.472,1.0
Pahang,Kuala Nenasi,MMCE004,2023,89.0,Estuary,mqims 2021-2025.pdf,Good,MODERN,3.08099,103.441,1.0
Pahang,Kuala Sungai Balok,MMCE005,2023,54.0,Estuary,mqims 2021-2025.pdf,Moderate,MODERN,3.93492,103.377,1.0
Terengganu,Kuala Sungai Besut,MMTE001,2023,60.0,Estuary,mqims 2021-2025.pdf,Moderate,MODERN,5.83411,102.558,1.0
Terengganu,Kuala Sungai Dungun,MMTE002,2023,85.0,Estuary,mqims 2021-2025.pdf,Good,MODERN,4.78108,103.428,1.0
Terengganu,Kuala Sungai Ibai,MMTE003,2023,73.0,Estuary,mqims 2021-2025.pdf,Moderate,MODERN,5.28899,103.176,1.0
Terengganu,Kuala Sungai Kerteh,MMTE004,2023,75.0,Estuary,mqims 2021-2025.pdf,Moderate,MODERN,4.51441,103.456,1.0
Terengganu,Kuala Sungai Marang,MMTE005,2023,79.0,Estuary,mqims 2021-2025.pdf,Moderate,MODERN,5.20944,103.214,1.0
Terengganu,Kuala Sungai Paka,MMTE006,2023,83.0,Estuary,mqims 2021-2025.pdf,Good,MODERN,4.655,103.444,1.0
Terengganu,Kuala Sungai Setiu,MMTE007,2023,92.0,Estuary,mqims 2021-2025.pdf,Excellent,MODERN,5.65189,102.764,1.0
Terengganu,Kuala Sungai Terengganu,MMTE008,2023,69.0,Estuary,mqims 2021-2025.pdf,Moderate,MODERN,5.33979,103.152,1.0
Terengganu,Kuala Sungai Kemaman/ Chukai,MMTE009,2023,60.0,Estuary,mqims 2021-2025.pdf,Moderate,MODERN,4.22637,103.447,1.0
Terengganu,"Tioxide Utara (Kg. Bukit Kuang, Kijal)",MMTE010,2023,95.0,Estuary,mqims 2021-2025.pdf,Excellent,MODERN,4.27831,103.479,1.0
Terengganu,"Tioxide Tengah (Pupuk Semangat, Kijal)",MMTE011,2023,95.0,Estuary,mqims 2021-2025.pdf,Excellent,MODERN,4.2705,103.478,1.0
Terengganu,"Tioxide Selatan (Ksb, T. Kalong)",MMTE012,2023,95.0,Estuary,mqims 2021-2025.pdf,Excellent,MODERN,4.25114,103.466,1.0
Terengganu,Pulau Duyung,MMTE013,2023,59.0,Estuary,mqims 2021-2025.pdf,Moderate,MODERN,5.33489,103.129,1.0
Johor,Kuala Sungai Segget,MMJE001,2024,53.0,Estuary,mqims 2021-2025.pdf,Moderate,MODERN,1.45583,103.766,1.0
Johor,Kuala Sungai Laloh,MMJE002,2024,59.0,Estuary,mqims 2021-2025.pdf,Moderate,MODERN,1.43514,103.924,1.0
Johor,Kuala Sungai Johor,MMJE003,2024,89.0,Estuary,mqims 2021-2025.pdf,Good,MODERN,1.48444,104.023,1.0
Johor,Kuala Sungai Batu Pahat,MMJE004,2024,52.0,Estuary,mqims 2021-2025.pdf,Moderate,MODERN,1.81451,102.89,1.0
Johor,Kuala Sungai Muar,MMJE005,2024,56.0,Estuary,mqims 2021-2025.pdf,Moderate,MODERN,2.05212,102.552,1.0
Johor,Kuala Sungai Mersing,MMJE006,2024,58.0,Estuary,mqims 2021-2025.pdf,Moderate,MODERN,2.43681,103.842,1.0
Pahang,Kuala Kuantan,MMCE001,2024,60.0,Estuary,mqims 2021-2025.pdf,Moderate,MODERN,3.80482,103.343,1.0
Pahang,Kuala Rompin Kecil,MMCE002,2024,87.0,Estuary,mqims 2021-2025.pdf,Good,MODERN,2.82218,103.485,1.0
Pahang,Kuala Pahang,MMCE003,2024,59.0,Estuary,mqims 2021-2025.pdf,Moderate,MODERN,3.53044,103.472,1.0
Pahang,Kuala Nenasi,MMCE004,2024,89.0,Estuary,mqims 2021-2025.pdf,Good,MODERN,3.08099,103.441,1.0
Pahang,Kuala Sungai Balok,MMCE005,2024,41.0,Estuary,mqims 2021-2025.pdf,Poor,MODERN,3.93492,103.377,1.0
Terengganu,Kuala Sungai Besut,MMTE001,2024,89.0,Estuary,mqims 2021-2025.pdf,Good,MODERN,5.83411,102.558,1.0
Terengganu,Kuala Sungai Dungun,MMTE002,2024,87.0,Estuary,mqims 2021-2025.pdf,Good,MODERN,4.78108,103.428,1.0
Terengganu,Kuala Sungai Ibai,MMTE003,2024,92.0,Estuary,mqims 2021-2025.pdf,Excellent,MODERN,5.28899,103.176,1.0
Terengganu,Kuala Sungai Kerteh,MMTE004,2024,85.0,Estuary,mqims 2021-2025.pdf,Good,MODERN,4.51441,103.456,1.0
Terengganu,Kuala Sungai Marang,MMTE005,2024,86.0,Estuary,mqims 2021-2025.pdf,Good,MODERN,5.20944,103.214,1.0
Terengganu,Kuala Sungai Paka,MMTE006,2024,83.0,Estuary,mqims 2021-2025.pdf,Good,MODERN,4.655,103.444,1.0
Terengganu,Kuala Sungai Setiu,MMTE007,2024,92.0,Estuary,mqims 2021-2025.pdf,Excellent,MODERN,5.65189,102.764,1.0
Terengganu,Kuala Sungai Terengganu,MMTE008,2024,59.0,Estuary,mqims 2021-2025.pdf,Moderate,MODERN,5.33979,103.152,1.0
Terengganu,Kuala Sungai Kemaman/ Chukai,MMTE009,2024,64.0,Estuary,mqims 2021-2025.pdf,Moderate,MODERN,4.22637,103.447,1.0
Terengganu,"Tioxide Utara (Kg. Bukit Kuang, Kijal)",MMTE010,2024,97.0,Estuary,mqims 2021-2025.pdf,Excellent,MODERN,4.27831,103.479,1.0
Terengganu,"Tioxide Tengah (Pupuk Semangat, Kijal)",MMTE011,2024,97.0,Estuary,mqims 2021-2025.pdf,Excellent,MODERN,4.2705,103.478,1.0
Terengganu,"Tioxide Selatan (Ksb, T. Kalong)",MMTE012,2024,97.0,Estuary,mqims 2021-2025.pdf,Excellent,MODERN,4.25114,103.466,1.0
Terengganu,Pulau Duyung,MMTE013,2024,59.0,Estuary,mqims 2021-2025.pdf,Moderate,MODERN,5.33489,103.129,1.0
Johor,Kuala Sungai Segget,MMJE001,2025,48.0,Estuary,mqims 2021-2025.pdf,Poor,MODERN,1.45583,103.766,1.0
Johor,Kuala Sungai Laloh,MMJE002,2025,54.0,Estuary,mqims 2021-2025.pdf,Moderate,MODERN,1.43514,103.924,1.0
Johor,Kuala Sungai Johor,MMJE003,2025,86.0,Estuary,mqims 2021-2025.pdf,Good,MODERN,1.48444,104.023,1.0
Johor,Kuala Sungai Batu Pahat,MMJE004,2025,55.0,Estuary,mqims 2021-2025.pdf,Moderate,MODERN,1.81451,102.89,1.0
Johor,Kuala Sungai Muar,MMJE005,2025,55.0,Estuary,mqims 2021-2025.pdf,Moderate,MODERN,2.05212,102.552,1.0
Johor,Kuala Sungai Mersing,MMJE006,2025,59.0,Estuary,mqims 2021-2025.pdf,Moderate,MODERN,2.43681,103.842,1.0
Pahang,Kuala Kuantan,MMCE001,2025,59.0,Estuary,mqims 2021-2025.pdf,Moderate,MODERN,3.80482,103.343,1.0
Pahang,Kuala Rompin Kecil,MMCE002,2025,82.0,Estuary,mqims 2021-2025.pdf,Good,MODERN,2.82218,103.485,1.0
Pahang,Kuala Pahang,MMCE003,2025,59.0,Estuary,mqims 2021-2025.pdf,Moderate,MODERN,3.53044,103.472,1.0
Pahang,Kuala Nenasi,MMCE004,2025,62.0,Estuary,mqims 2021-2025.pdf,Moderate,MODERN,3.08099,103.441,1.0
Pahang,Kuala Sungai Balok,MMCE005,2025,51.0,Estuary,mqims 2021-2025.pdf,Moderate,MODERN,3.93492,103.377,1.0
Terengganu,Kuala Sungai Besut,MMTE001,2025,71.0,Estuary,mqims 2021-2025.pdf,Moderate,MODERN,5.83411,102.558,1.0
Terengganu,Kuala Sungai Dungun,MMTE002,2025,59.0,Estuary,mqims 2021-2025.pdf,Moderate,MODERN,4.78108,103.428,1.0
Terengganu,Kuala Sungai Ibai,MMTE003,2025,87.0,Estuary,mqims 2021-2025.pdf,Good,MODERN,5.28899,103.176,1.0
Terengganu,Kuala Sungai Kerteh,MMTE004,2025,84.0,Estuary,mqims 2021-2025.pdf,Good,MODERN,4.51441,103.456,1.0
Terengganu,Kuala Sungai Marang,MMTE005,2025,79.0,Estuary,mqims 2021-2025.pdf,Moderate,MODERN,5.20944,103.214,1.0
Terengganu,Kuala Sungai Paka,MMTE006,2025,84.0,Estuary,mqims 2021-2025.pdf,Good,MODERN,4.655,103.444,1.0
Terengganu,Kuala Sungai Setiu,MMTE007,2025,90.0,Estuary,mqims 2021-2025.pdf,Excellent,MODERN,5.65189,102.764,1.0
Terengganu,Kuala Sungai Terengganu,MMTE008,2025,74.0,Estuary,mqims 2021-2025.pdf,Moderate,MODERN,5.33979,103.152,1.0
Terengganu,Kuala Sungai Kemaman/ Chukai,MMTE009,2025,75.0,Estuary,mqims 2021-2025.pdf,Moderate,MODERN,4.22637,103.447,1.0
Terengganu,"Tioxide Utara (Kg. Bukit Kuang, Kijal)",MMTE010,2025,96.0,Estuary,mqims 2021-2025.pdf,Excellent,MODERN,4.27831,103.479,1.0
Terengganu,"Tioxide Tengah (Pupuk Semangat, Kijal)",MMTE011,2025,96.0,Estuary,mqims 2021-2025.pdf,Excellent,MODERN,4.2705,103.478,1.0
Terengganu,"Tioxide Selatan (Ksb, T. Kalong)",MMTE012,2025,96.0,Estuary,mqims 2021-2025.pdf,Excellent,MODERN,4.25114,103.466,1.0
Terengganu,Pulau Duyung,MMTE013,2025,73.0,Estuary,mqims 2021-2025.pdf,Moderate,MODERN,5.33489,103.129,1.0
Kelantan,Kuala Sungai Golok,MMDE001,2021,79.0,Estuary,mqims 2021-2025.pdf,Moderate,MODERN,6.23286,102.09,1.0
Kelantan,Kuala Sungai Kelantan,MMDE002,2021,70.0,Estuary,mqims 2021-2025.pdf,Moderate,MODERN,6.21685,102.237,1.0
Kelantan,Kuala Sungai Pengkalan Chepa,MMDE003,2021,64.0,Estuary,mqims 2021-2025.pdf,Moderate,MODERN,6.18574,102.303,1.0
Kelantan,Kuala Sungai Pengkalan Datu,MMDE004,2021,59.0,Estuary,mqims 2021-2025.pdf,Moderate,MODERN,6.16928,102.344,1.0
Kelantan,Kuala Sungai Kemasin,MMDE005,2021,59.0,Estuary,mqims 2021-2025.pdf,Moderate,MODERN,6.13006,102.371,1.0
Kelantan,Kuala Sungai Semerak,MMDE006,2021,85.0,Estuary,mqims 2021-2025.pdf,Good,MODERN,5.89734,102.486,1.0
Sarawak,Kuala Sungai Semantan,MMQE001,2021,90.0,Estuary,mqims 2021-2025.pdf,Excellent,MODERN,1.81153,109.781,1.0
Sarawak,Kuala Sungai Sarawak,MMQE002,2021,85.0,Estuary,mqims 2021-2025.pdf,Good,MODERN,1.64103,110.49,1.0
Sarawak,Kuala Sungai Bako,MMQE003,2021,79.0,Estuary,mqims 2021-2025.pdf,Moderate,MODERN,1.68306,110.423,1.0
Sarawak,Kuala Sungai Santubong,MMQE004,2021,90.0,Estuary,mqims 2021-2025.pdf,Excellent,MODERN,1.70127,110.297,1.0
Sarawak,Kuala Batang Krian (Kabong),MMQE005,2021,71.0,Estuary,mqims 2021-2025.pdf,Moderate,MODERN,1.78889,111.099,1.0
Sarawak,Kuala Batang Rejang,MMQE006,2021,85.0,Estuary,mqims 2021-2025.pdf,Good,MODERN,2.12278,111.189,1.0
Sarawak,Kuala Mukah,MMQE007,2021,62.0,Estuary,mqims 2021-2025.pdf,Moderate,MODERN,2.91466,112.095,1.0
Sarawak,Kuala Batang Kemena,MMQE008,2021,58.0,Estuary,mqims 2021-2025.pdf,Moderate,MODERN,3.1815,113.029,1.0
Sarawak,Kuala Tanjung Similajau,MMQE009,2021,85.0,Estuary,mqims 2021-2025.pdf,Good,MODERN,3.51792,113.301,1.0
Sarawak,Kuala Sungai Panipah,MMQE010,2021,83.0,Estuary,mqims 2021-2025.pdf,Good,MODERN,3.46967,113.261,1.0
Sarawak,Kuala Pantai Nyalau,MMQE011,2021,71.0,Estuary,mqims 2021-2025.pdf,Moderate,MODERN,3.64283,113.383,1.0
Sarawak,Kuala Sungai Baram,MMQE012,2021,76.0,Estuary,mqims 2021-2025.pdf,Moderate,MODERN,4.597,113.969,1.0
Sarawak,Kuala Sungai Miri,MMQE013,2021,63.0,Estuary,mqims 2021-2025.pdf,Moderate,MODERN,4.39932,113.978,1.0
Sarawak,Kuala Sungai Trusan,MMQE014,2021,64.0,Estuary,mqims 2021-2025.pdf,Moderate,MODERN,2.87553,111.878,1.0
Sabah,Kuala Penyu,MMSE001,2021,58.0,Estuary,mqims 2021-2025.pdf,Moderate,MODERN,5.57273,115.605,1.0
Sabah,Muara Sungai Inanam,MMSE002,2021,59.0,Estuary,mqims 2021-2025.pdf,Moderate,MODERN,6.01272,116.11,1.0
Kelantan,Kuala Sungai Golok,MMDE001,2022,65.0,Estuary,mqims 2021-2025.pdf,Moderate,MODERN,6.23286,102.09,1.0
Kelantan,Kuala Sungai Kelantan,MMDE002,2022,57.0,Estuary,mqims 2021-2025.pdf,Moderate,MODERN,6.21685,102.237,1.0
Kelantan,Kuala Sungai Pengkalan Chepa,MMDE003,2022,59.0,Estuary,mqims 2021-2025.pdf,Moderate,MODERN,6.18574,102.303,1.0
Kelantan,Kuala Sungai Pengkalan Datu,MMDE004,2022,69.0,Estuary,mqims 2021-2025.pdf,Moderate,MODERN,6.16928,102.344,1.0
Kelantan,Kuala Sungai Kemasin,MMDE005,2022,58.0,Estuary,mqims 2021-2025.pdf,Moderate,MODERN,6.13006,102.371,1.0
Kelantan,Kuala Sungai Semerak,MMDE006,2022,60.0,Estuary,mqims 2021-2025.pdf,Moderate,MODERN,5.89734,102.486,1.0
Sarawak,Kuala Sungai Semantan,MMQE001,2022,70.0,Estuary,mqims 2021-2025.pdf,Moderate,MODERN,1.81153,109.781,1.0
Sarawak,Kuala Sungai Sarawak,MMQE002,2022,82.0,Estuary,mqims 2021-2025.pdf,Good,MODERN,1.64103,110.49,1.0
Sarawak,Kuala Sungai Bako,MMQE003,2022,88.0,Estuary,mqims 2021-2025.pdf,Good,MODERN,1.68306,110.423,1.0
Sarawak,Kuala Sungai Santubong,MMQE004,2022,90.0,Estuary,mqims 2021-2025.pdf,Excellent,MODERN,1.70127,110.297,1.0
Sarawak,Kuala Batang Krian (Kabong),MMQE005,2022,87.0,Estuary,mqims 2021-2025.pdf,Good,MODERN,1.78889,111.099,1.0
Sarawak,Kuala Batang Rejang,MMQE006,2022,82.0,Estuary,mqims 2021-2025.pdf,Good,MODERN,2.12278,111.189,1.0
Sarawak,Kuala Mukah,MMQE007,2022,70.0,Estuary,mqims 2021-2025.pdf,Moderate,MODERN,2.91466,112.095,1.0
Sarawak,Kuala Batang Kemena,MMQE008,2022,55.0,Estuary,mqims 2021-2025.pdf,Moderate,MODERN,3.1815,113.029,1.0
Sarawak,Kuala Tanjung Similajau,MMQE009,2022,67.0,Estuary,mqims 2021-2025.pdf,Moderate,MODERN,3.51792,113.301,1.0
Sarawak,Kuala Sungai Panipah,MMQE010,2022,64.0,Estuary,mqims 2021-2025.pdf,Moderate,MODERN,3.46967,113.261,1.0
Sarawak,Kuala Pantai Nyalau,MMQE011,2022,84.0,Estuary,mqims 2021-2025.pdf,Good,MODERN,3.64283,113.383,1.0
Sarawak,Kuala Sungai Baram,MMQE012,2022,55.0,Estuary,mqims 2021-2025.pdf,Moderate,MODERN,4.597,113.969,1.0
Sarawak,Kuala Sungai Miri,MMQE013,2022,54.0,Estuary,mqims 2021-2025.pdf,Moderate,MODERN,4.39932,113.978,1.0
Sarawak,Kuala Sungai Trusan,MMQE014,2022,56.0,Estuary,mqims 2021-2025.pdf,Moderate,MODERN,2.87553,111.878,1.0
Sabah,Kuala Penyu,MMSE001,2022,66.0,Estuary,mqims 2021-2025.pdf,Moderate,MODERN,5.57273,115.605,1.0
Sabah,Muara Sungai Inanam,MMSE002,2022,58.0,Estuary,mqims 2021-2025.pdf,Moderate,MODERN,6.01272,116.11,1.0
Kelantan,Kuala Sungai Golok,MMDE001,2023,74.0,Estuary,mqims 2021-2025.pdf,Moderate,MODERN,6.23286,102.09,1.0
Kelantan,Kuala Sungai Kelantan,MMDE002,2023,66.0,Estuary,mqims 2021-2025.pdf,Moderate,MODERN,6.21685,102.237,1.0
Kelantan,Kuala Sungai Pengkalan Chepa,MMDE003,2023,61.0,Estuary,mqims 2021-2025.pdf,Moderate,MODERN,6.18574,102.303,1.0
Kelantan,Kuala Sungai Pengkalan Datu,MMDE004,2023,59.0,Estuary,mqims 2021-2025.pdf,Moderate,MODERN,6.16928,102.344,1.0
Kelantan,Kuala Sungai Kemasin,MMDE005,2023,63.0,Estuary,mqims 2021-2025.pdf,Moderate,MODERN,6.13006,102.371,1.0
Kelantan,Kuala Sungai Semerak,MMDE006,2023,83.0,Estuary,mqims 2021-2025.pdf,Good,MODERN,5.89734,102.486,1.0
Sarawak,Kuala Sungai Semantan,MMQE001,2023,71.0,Estuary,mqims 2021-2025.pdf,Moderate,MODERN,1.81153,109.781,1.0
Sarawak,Kuala Sungai Sarawak,MMQE002,2023,71.0,Estuary,mqims 2021-2025.pdf,Moderate,MODERN,1.64103,110.49,1.0
Sarawak,Kuala Sungai Bako,MMQE003,2023,70.0,Estuary,mqims 2021-2025.pdf,Moderate,MODERN,1.68306,110.423,1.0
Sarawak,Kuala Sungai Santubong,MMQE004,2023,64.0,Estuary,mqims 2021-2025.pdf,Moderate,MODERN,1.70127,110.297,1.0
Sarawak,Kuala Batang Krian (Kabong),MMQE005,2023,58.0,Estuary,mqims 2021-2025.pdf,Moderate,MODERN,1.78889,111.099,1.0
Sarawak,Kuala Batang Rejang,MMQE006,2023,59.0,Estuary,mqims 2021-2025.pdf,Moderate,MODERN,2.12278,111.189,1.0
Sarawak,Kuala Mukah,MMQE007,2023,58.0,Estuary,mqims 2021-2025.pdf,Moderate,MODERN,2.91466,112.095,1.0
Sarawak,Kuala Batang Kemena,MMQE008,2023,58.0,Estuary,mqims 2021-2025.pdf,Moderate,MODERN,3.1815,113.029,1.0
Sarawak,Kuala Tanjung Similajau,MMQE009,2023,59.0,Estuary,mqims 2021-2025.pdf,Moderate,MODERN,3.51792,113.301,1.0
Sarawak,Kuala Sungai Panipah,MMQE010,2023,58.0,Estuary,mqims 2021-2025.pdf,Moderate,MODERN,3.46967,113.261,1.0
Sarawak,Kuala Pantai Nyalau,MMQE011,2023,61.0,Estuary,mqims 2021-2025.pdf,Moderate,MODERN,3.64283,113.383,1.0
Sarawak,Kuala Sungai Baram,MMQE012,2023,61.0,Estuary,mqims 2021-2025.pdf,Moderate,MODERN,4.597,113.969,1.0
Sarawak,Kuala Sungai Miri,MMQE013,2023,64.0,Estuary,mqims 2021-2025.pdf,Moderate,MODERN,4.39932,113.978,1.0
Sarawak,Kuala Sungai Trusan,MMQE014,2023,58.0,Estuary,mqims 2021-2025.pdf,Moderate,MODERN,2.87553,111.878,1.0
Sabah,Kuala Penyu,MMSE001,2023,65.0,Estuary,mqims 2021-2025.pdf,Moderate,MODERN,5.57273,115.605,1.0
Sabah,Muara Sungai Inanam,MMSE002,2023,59.0,Estuary,mqims 2021-2025.pdf,Moderate,MODERN,6.01272,116.11,1.0
Kelantan,Kuala Sungai Golok,MMDE001,2024,87.0,Estuary,mqims 2021-2025.pdf,Good,MODERN,6.23286,102.09,1.0
Kelantan,Kuala Sungai Kelantan,MMDE002,2024,79.0,Estuary,mqims 2021-2025.pdf,Moderate,MODERN,6.21685,102.237,1.0
Kelantan,Kuala Sungai Pengkalan Chepa,MMDE003,2024,59.0,Estuary,mqims 2021-2025.pdf,Moderate,MODERN,6.18574,102.303,1.0
Kelantan,Kuala Sungai Pengkalan Datu,MMDE004,2024,87.0,Estuary,mqims 2021-2025.pdf,Good,MODERN,6.16928,102.344,1.0
Kelantan,Kuala Sungai Kemasin,MMDE005,2024,89.0,Estuary,mqims 2021-2025.pdf,Good,MODERN,6.13006,102.371,1.0
Kelantan,Kuala Sungai Semerak,MMDE006,2024,91.0,Estuary,mqims 2021-2025.pdf,Excellent,MODERN,5.89734,102.486,1.0
Sarawak,Kuala Sungai Semantan,MMQE001,2024,62.0,Estuary,mqims 2021-2025.pdf,Moderate,MODERN,1.81153,109.781,1.0
Sarawak,Kuala Sungai Sarawak,MMQE002,2024,73.0,Estuary,mqims 2021-2025.pdf,Moderate,MODERN,1.64103,110.49,1.0
Sarawak,Kuala Sungai Bako,MMQE003,2024,68.0,Estuary,mqims 2021-2025.pdf,Moderate,MODERN,1.68306,110.423,1.0
Sarawak,Kuala Sungai Santubong,MMQE004,2024,73.0,Estuary,mqims 2021-2025.pdf,Moderate,MODERN,1.70127,110.297,1.0
Sarawak,Kuala Batang Krian (Kabong),MMQE005,2024,58.0,Estuary,mqims 2021-2025.pdf,Moderate,MODERN,1.78889,111.099,1.0
Sarawak,Kuala Batang Rejang,MMQE006,2024,72.0,Estuary,mqims 2021-2025.pdf,Moderate,MODERN,2.12278,111.189,1.0
Sarawak,Kuala Mukah,MMQE007,2024,80.0,Estuary,mqims 2021-2025.pdf,Good,MODERN,2.91466,112.095,1.0
Sarawak,Kuala Batang Kemena,MMQE008,2024,61.0,Estuary,mqims 2021-2025.pdf,Moderate,MODERN,3.1815,113.029,1.0
Sarawak,Kuala Tanjung Similajau,MMQE009,2024,59.0,Estuary,mqims 2021-2025.pdf,Moderate,MODERN,3.51792,113.301,1.0
Sarawak,Kuala Sungai Panipah,MMQE010,2024,62.0,Estuary,mqims 2021-2025.pdf,Moderate,MODERN,3.46967,113.261,1.0
Sarawak,Kuala Pantai Nyalau,MMQE011,2024,59.0,Estuary,mqims 2021-2025.pdf,Moderate,MODERN,3.64283,113.383,1.0
Sarawak,Kuala Sungai Baram,MMQE012,2024,58.0,Estuary,mqims 2021-2025.pdf,Moderate,MODERN,4.597,113.969,1.0
Sarawak,Kuala Sungai Miri,MMQE013,2024,57.0,Estuary,mqims 2021-2025.pdf,Moderate,MODERN,4.39932,113.978,1.0
Sarawak,Kuala Sungai Trusan,MMQE014,2024,78.0,Estuary,mqims 2021-2025.pdf,Moderate,MODERN,2.87553,111.878,1.0
Sabah,Kuala Penyu,MMSE001,2024,57.0,Estuary,mqims 2021-2025.pdf,Moderate,MODERN,5.57273,115.605,1.0
Sabah,Muara Sungai Inanam,MMSE002,2024,57.0,Estuary,mqims 2021-2025.pdf,Moderate,MODERN,6.01272,116.11,1.0
Kelantan,Kuala Sungai Golok,MMDE001,2025,82.0,Estuary,mqims 2021-2025.pdf,Good,MODERN,6.23286,102.09,1.0
Kelantan,Kuala Sungai Kelantan,MMDE002,2025,68.0,Estuary,mqims 2021-2025.pdf,Moderate,MODERN,6.21685,102.237,1.0
Kelantan,Kuala Sungai Pengkalan Chepa,MMDE003,2025,58.0,Estuary,mqims 2021-2025.pdf,Moderate,MODERN,6.18574,102.303,1.0
Kelantan,Kuala Sungai Pengkalan Datu,MMDE004,2025,71.0,Estuary,mqims 2021-2025.pdf,Moderate,MODERN,6.16928,102.344,1.0
Kelantan,Kuala Sungai Kemasin,MMDE005,2025,58.0,Estuary,mqims 2021-2025.pdf,Moderate,MODERN,6.13006,102.371,1.0
Kelantan,Kuala Sungai Semerak,MMDE006,2025,59.0,Estuary,mqims 2021-2025.pdf,Moderate,MODERN,5.89734,102.486,1.0
Sarawak,Kuala Sungai Semantan,MMQE001,2025,78.0,Estuary,mqims 2021-2025.pdf,Moderate,MODERN,1.81153,109.781,1.0
Sarawak,Kuala Sungai Sarawak,MMQE002,2025,69.0,Estuary,mqims 2021-2025.pdf,Moderate,MODERN,1.64103,110.49,1.0
Sarawak,Kuala Sungai Bako,MMQE003,2025,65.0,Estuary,mqims 2021-2025.pdf,Moderate,MODERN,1.68306,110.423,1.0
Sarawak,Kuala Sungai Santubong,MMQE004,2025,72.0,Estuary,mqims 2021-2025.pdf,Moderate,MODERN,1.70127,110.297,1.0
Sarawak,Kuala Batang Krian (Kabong),MMQE005,2025,77.0,Estuary,mqims 2021-2025.pdf,Moderate,MODERN,1.78889,111.099,1.0
Sarawak,Kuala Batang Rejang,MMQE006,2025,87.0,Estuary,mqims 2021-2025.pdf,Good,MODERN,2.12278,111.189,1.0
Sarawak,Kuala Mukah,MMQE007,2025,72.0,Estuary,mqims 2021-2025.pdf,Moderate,MODERN,2.91466,112.095,1.0
Sarawak,Kuala Batang Kemena,MMQE008,2025,72.0,Estuary,mqims 2021-2025.pdf,Moderate,MODERN,3.1815,113.029,1.0
Sarawak,Kuala Tanjung Similajau,MMQE009,2025,69.0,Estuary,mqims 2021-2025.pdf,Moderate,MODERN,3.51792,113.301,1.0
Sarawak,Kuala Sungai Panipah,MMQE010,2025,65.0,Estuary,mqims 2021-2025.pdf,Moderate,MODERN,3.46967,113.261,1.0
Sarawak,Kuala Pantai Nyalau,MMQE011,2025,64.0,Estuary,mqims 2021-2025.pdf,Moderate,MODERN,3.64283,113.383,1.0
Sarawak,Kuala Sungai Baram,MMQE012,2025,57.0,Estuary,mqims 2021-2025.pdf,Moderate,MODERN,4.597,113.969,1.0
Sarawak,Kuala Sungai Miri,MMQE013,2025,57.0,Estuary,mqims 2021-2025.pdf,Moderate,MODERN,4.39932,113.978,1.0
Sarawak,Kuala Sungai Trusan,MMQE014,2025,73.0,Estuary,mqims 2021-2025.pdf,Moderate,MODERN,2.87553,111.878,1.0
Sabah,Kuala Penyu,MMSE001,2025,64.0,Estuary,mqims 2021-2025.pdf,Moderate,MODERN,5.57273,115.605,1.0
Sabah,Muara Sungai Inanam,MMSE002,2025,56.0,Estuary,mqims 2021-2025.pdf,Moderate,MODERN,6.01272,116.11,1.0
Kedah,Pantai Kuah,MMKD001,2021,93.0,Island,mqims 2021-2025.pdf,Excellent,MODERN,6.30881,99.8511,1.0
Kedah,Pantai Chenang,MMKD002,2021,91.0,Island,mqims 2021-2025.pdf,Excellent,MODERN,6.30267,99.7166,1.0
Kedah,Tanjung Rhu,MMKD003,2021,91.0,Island,mqims 2021-2025.pdf,Excellent,MODERN,6.45681,99.8218,1.0
Kedah,Teluk Ewa,MMKD004,2021,92.0,Island,mqims 2021-2025.pdf,Excellent,MODERN,6.43425,99.755,1.0
Kedah,Payar,MMKM001,2021,95.0,Island,mqims 2021-2025.pdf,Excellent,MODERN,6.06353,100.042,1.0
Kedah,Kaca,MMKM002,2021,95.0,Island,mqims 2021-2025.pdf,Excellent,MODERN,6.07172,100.052,1.0
Kedah,Segantang,MMKM003,2021,96.0,Island,mqims 2021-2025.pdf,Excellent,MODERN,6.04353,99.9261,1.0
Kedah,Pasir,MMKP001,2021,96.0,Island,mqims 2021-2025.pdf,Excellent,MODERN,6.4535,99.7949,1.0
Kedah,Gasing,MMKP002,2021,92.0,Island,mqims 2021-2025.pdf,Excellent,MODERN,6.45413,99.7902,1.0
Kedah,Dangli,MMKP003,2021,91.0,Island,mqims 2021-2025.pdf,Excellent,MODERN,6.44737,99.7776,1.0
Kedah,Pulau Perak,MMKP004,2021,92.0,Island,mqims 2021-2025.pdf,Excellent,MODERN,5.68145,98.936,1.0
Kedah,Singa Besar,MMKR001,2021,88.0,Island,mqims 2021-2025.pdf,Good,MODERN,6.22604,99.7354,1.0
Kedah,Dayang Bunting,MMKR002,2021,95.0,Island,mqims 2021-2025.pdf,Excellent,MODERN,6.20725,99.7803,1.0
Kedah,Dayang Bunting 2,MMKR003,2021,92.0,Island,mqims 2021-2025.pdf,Excellent,MODERN,6.203111,99.781489,1.0
P. Pinang,Batu Maung,MMPD001,2021,57.0,Island,mqims 2021-2025.pdf,Moderate,MODERN,5.28524,100.292,1.0
P. Pinang,Padang Kota,MMPD002,2021,60.0,Island,mqims 2021-2025.pdf,Moderate,MODERN,5.41921,100.346,1.0
P. Pinang,Teluk Bahang,MMPD003,2021,83.0,Island,mqims 2021-2025.pdf,Good,MODERN,5.46083,100.214,1.0
P. Pinang,Tanjung Tokong,MMPP001,2021,68.0,Island,mqims 2021-2025.pdf,Moderate,MODERN,5.45629,100.315,1.0
P. Pinang,Aman,MMPR001,2021,72.0,Island,mqims 2021-2025.pdf,Moderate,MODERN,5.26743,100.394,1.0
P. Pinang,Jerejak,MMPR002,2021,76.0,Island,mqims 2021-2025.pdf,Moderate,MODERN,5.33333,100.317,1.0
P. Pinang,Kendi,MMPR003,2021,92.0,Island,mqims 2021-2025.pdf,Excellent,MODERN,5.23038,100.182,1.0
P. Pinang,Rimau,MMPR004,2021,92.0,Island,mqims 2021-2025.pdf,Excellent,MODERN,5.24415,100.273,1.0
P. Pinang,Gedong,MMPR005,2021,82.0,Island,mqims 2021-2025.pdf,Good,MODERN,5.27346,100.39,1.0
Perak,Tukun Perak,MMAP001,2021,96.0,Island,mqims 2021-2025.pdf,Excellent,MODERN,4.11689,100.561,1.0
Perak,Pantai Teluk Gedong,MMAR001,2021,88.0,Island,mqims 2021-2025.pdf,Good,MODERN,4.19421,100.581,1.0
Perak,Pantai Puteri Dewi,MMAR002,2021,95.0,Island,mqims 2021-2025.pdf,Excellent,MODERN,4.25314,100.544,1.0
Perak,Pangkor Laut,MMAR003,2021,96.0,Island,mqims 2021-2025.pdf,Excellent,MODERN,4.20159,100.547,1.0
Perak,Sembilan,MMAR004,2021,94.0,Island,mqims 2021-2025.pdf,Excellent,MODERN,4.00853,100.544,1.0
Selangor,Ketam,MMBR001,2021,72.0,Island,mqims 2021-2025.pdf,Moderate,MODERN,3.018,101.258,1.0
Selangor,Angsa,MMBR002,2021,89.0,Island,mqims 2021-2025.pdf,Good,MODERN,3.18556,101.219,1.0
Selangor,Lumut,MMBR003,2021,50.0,Island,mqims 2021-2025.pdf,Moderate,MODERN,2.9985,101.362,1.0
N. Sembilan,Arang,MMNP001,2021,94.0,Island,mqims 2021-2025.pdf,Excellent,MODERN,2.51647,101.795,1.0
Melaka,Upeh (Point A),MMMR001,2021,77.0,Island,mqims 2021-2025.pdf,Moderate,MODERN,2.19489,102.205,1.0
Melaka,Upeh (Point B),MMMR002,2021,87.0,Island,mqims 2021-2025.pdf,Good,MODERN,2.18975,102.203,1.0
Melaka,Besar (Point A),MMMR003,2021,96.0,Island,mqims 2021-2025.pdf,Excellent,MODERN,2.11669,102.332,1.0
Melaka,Besar (Point B),MMMR004,2021,94.0,Island,mqims 2021-2025.pdf,Excellent,MODERN,2.10672,102.322,1.0
Melaka,Undan (Point A),MMMR005,2021,96.0,Island,mqims 2021-2025.pdf,Excellent,MODERN,2.04894,102.332,1.0
Melaka,Undan (Point B),MMMR006,2021,95.0,Island,mqims 2021-2025.pdf,Excellent,MODERN,2.04728,102.335,1.0
Kedah,Pantai Kuah,MMKD001,2022,91.0,Island,mqims 2021-2025.pdf,Excellent,MODERN,6.30881,99.8511,1.0
Kedah,Pantai Chenang,MMKD002,2022,89.0,Island,mqims 2021-2025.pdf,Good,MODERN,6.30267,99.7166,1.0
Kedah,Tanjung Rhu,MMKD003,2022,91.0,Island,mqims 2021-2025.pdf,Excellent,MODERN,6.45681,99.8218,1.0
Kedah,Teluk Ewa,MMKD004,2022,96.0,Island,mqims 2021-2025.pdf,Excellent,MODERN,6.43425,99.755,1.0
Kedah,Payar,MMKM001,2022,96.0,Island,mqims 2021-2025.pdf,Excellent,MODERN,6.06353,100.042,1.0
Kedah,Kaca,MMKM002,2022,94.0,Island,mqims 2021-2025.pdf,Excellent,MODERN,6.07172,100.052,1.0
Kedah,Segantang,MMKM003,2022,96.0,Island,mqims 2021-2025.pdf,Excellent,MODERN,6.04353,99.9261,1.0
Kedah,Pasir,MMKP001,2022,96.0,Island,mqims 2021-2025.pdf,Excellent,MODERN,6.4535,99.7949,1.0
Kedah,Gasing,MMKP002,2022,97.0,Island,mqims 2021-2025.pdf,Excellent,MODERN,6.45413,99.7902,1.0
Kedah,Dangli,MMKP003,2022,97.0,Island,mqims 2021-2025.pdf,Excellent,MODERN,6.44737,99.7776,1.0
Kedah,Pulau Perak,MMKP004,2022,96.0,Island,mqims 2021-2025.pdf,Excellent,MODERN,5.68145,98.936,1.0
Kedah,Singa Besar,MMKR001,2022,90.0,Island,mqims 2021-2025.pdf,Excellent,MODERN,6.22604,99.7354,1.0
Kedah,Dayang Bunting,MMKR002,2022,91.0,Island,mqims 2021-2025.pdf,Excellent,MODERN,6.20725,99.7803,1.0
Kedah,Dayang Bunting 2,MMKR003,2022,94.0,Island,mqims 2021-2025.pdf,Excellent,MODERN,6.203111,99.781489,1.0
P. Pinang,Batu Maung,MMPD001,2022,59.0,Island,mqims 2021-2025.pdf,Moderate,MODERN,5.28524,100.292,1.0
P. Pinang,Padang Kota,MMPD002,2022,81.0,Island,mqims 2021-2025.pdf,Good,MODERN,5.41921,100.346,1.0
P. Pinang,Teluk Bahang,MMPD003,2022,87.0,Island,mqims 2021-2025.pdf,Good,MODERN,5.46083,100.214,1.0
P. Pinang,Tanjung Tokong,MMPP001,2022,83.0,Island,mqims 2021-2025.pdf,Good,MODERN,5.45629,100.315,1.0
P. Pinang,Aman,MMPR001,2022,92.0,Island,mqims 2021-2025.pdf,Excellent,MODERN,5.26743,100.394,1.0
P. Pinang,Jerejak,MMPR002,2022,59.0,Island,mqims 2021-2025.pdf,Moderate,MODERN,5.33333,100.317,1.0
P. Pinang,Kendi,MMPR003,2022,85.0,Island,mqims 2021-2025.pdf,Good,MODERN,5.23038,100.182,1.0
P. Pinang,Rimau,MMPR004,2022,93.0,Island,mqims 2021-2025.pdf,Excellent,MODERN,5.24415,100.273,1.0
P. Pinang,Gedong,MMPR005,2022,91.0,Island,mqims 2021-2025.pdf,Excellent,MODERN,5.27346,100.39,1.0
Perak,Tukun Perak,MMAP001,2022,96.0,Island,mqims 2021-2025.pdf,Excellent,MODERN,4.11689,100.561,1.0
Perak,Pantai Teluk Gedong,MMAR001,2022,84.0,Island,mqims 2021-2025.pdf,Good,MODERN,4.19421,100.581,1.0
Perak,Pantai Puteri Dewi,MMAR002,2022,94.0,Island,mqims 2021-2025.pdf,Excellent,MODERN,4.25314,100.544,1.0
Perak,Pangkor Laut,MMAR003,2022,95.0,Island,mqims 2021-2025.pdf,Excellent,MODERN,4.20159,100.547,1.0
Perak,Sembilan,MMAR004,2022,96.0,Island,mqims 2021-2025.pdf,Excellent,MODERN,4.00853,100.544,1.0
Selangor,Ketam,MMBR001,2022,85.0,Island,mqims 2021-2025.pdf,Good,MODERN,3.018,101.258,1.0
Selangor,Angsa,MMBR002,2022,83.0,Island,mqims 2021-2025.pdf,Good,MODERN,3.18556,101.219,1.0
Selangor,Lumut,MMBR003,2022,47.0,Island,mqims 2021-2025.pdf,Poor,MODERN,2.9985,101.362,1.0
N. Sembilan,Arang,MMNP001,2022,92.0,Island,mqims 2021-2025.pdf,Excellent,MODERN,2.51647,101.795,1.0
Melaka,Upeh (Point A),MMMR001,2022,77.0,Island,mqims 2021-2025.pdf,Moderate,MODERN,2.19489,102.205,1.0
Melaka,Upeh (Point B),MMMR002,2022,85.0,Island,mqims 2021-2025.pdf,Good,MODERN,2.18975,102.203,1.0
Melaka,Besar (Point A),MMMR003,2022,95.0,Island,mqims 2021-2025.pdf,Excellent,MODERN,2.11669,102.332,1.0
Melaka,Besar (Point B),MMMR004,2022,94.0,Island,mqims 2021-2025.pdf,Excellent,MODERN,2.10672,102.322,1.0
Melaka,Undan (Point A),MMMR005,2022,94.0,Island,mqims 2021-2025.pdf,Excellent,MODERN,2.04894,102.332,1.0
Melaka,Undan (Point B),MMMR006,2022,94.0,Island,mqims 2021-2025.pdf,Excellent,MODERN,2.04728,102.335,1.0
Kedah,Pantai Kuah,MMKD001,2023,96.0,Island,mqims 2021-2025.pdf,Excellent,MODERN,6.30881,99.8511,1.0
Kedah,Pantai Chenang,MMKD002,2023,94.0,Island,mqims 2021-2025.pdf,Excellent,MODERN,6.30267,99.7166,1.0
Kedah,Tanjung Rhu,MMKD003,2023,96.0,Island,mqims 2021-2025.pdf,Excellent,MODERN,6.45681,99.8218,1.0
Kedah,Teluk Ewa,MMKD004,2023,88.0,Island,mqims 2021-2025.pdf,Good,MODERN,6.43425,99.755,1.0
Kedah,Payar,MMKM001,2023,96.0,Island,mqims 2021-2025.pdf,Excellent,MODERN,6.06353,100.042,1.0
Kedah,Kaca,MMKM002,2023,97.0,Island,mqims 2021-2025.pdf,Excellent,MODERN,6.07172,100.052,1.0
Kedah,Segantang,MMKM003,2023,97.0,Island,mqims 2021-2025.pdf,Excellent,MODERN,6.04353,99.9261,1.0
Kedah,Pasir,MMKP001,2023,96.0,Island,mqims 2021-2025.pdf,Excellent,MODERN,6.4535,99.7949,1.0
Kedah,Gasing,MMKP002,2023,96.0,Island,mqims 2021-2025.pdf,Excellent,MODERN,6.45413,99.7902,1.0
Kedah,Dangli,MMKP003,2023,96.0,Island,mqims 2021-2025.pdf,Excellent,MODERN,6.44737,99.7776,1.0
Kedah,Pulau Perak,MMKP004,2023,96.0,Island,mqims 2021-2025.pdf,Excellent,MODERN,5.68145,98.936,1.0
Kedah,Singa Besar,MMKR001,2023,96.0,Island,mqims 2021-2025.pdf,Excellent,MODERN,6.22604,99.7354,1.0
Kedah,Dayang Bunting,MMKR002,2023,96.0,Island,mqims 2021-2025.pdf,Excellent,MODERN,6.20725,99.7803,1.0
Kedah,Dayang Bunting 2,MMKR003,2023,96.0,Island,mqims 2021-2025.pdf,Excellent,MODERN,6.203111,99.781489,1.0
P. Pinang,Batu Maung,MMPD001,2023,67.0,Island,mqims 2021-2025.pdf,Moderate,MODERN,5.28524,100.292,1.0
P. Pinang,Padang Kota,MMPD002,2023,75.0,Island,mqims 2021-2025.pdf,Moderate,MODERN,5.41921,100.346,1.0
P. Pinang,Teluk Bahang,MMPD003,2023,94.0,Island,mqims 2021-2025.pdf,Excellent,MODERN,5.46083,100.214,1.0
P. Pinang,Tanjung Tokong,MMPP001,2023,88.0,Island,mqims 2021-2025.pdf,Good,MODERN,5.45629,100.315,1.0
P. Pinang,Aman,MMPR001,2023,91.0,Island,mqims 2021-2025.pdf,Excellent,MODERN,5.26743,100.394,1.0
P. Pinang,Jerejak,MMPR002,2023,73.0,Island,mqims 2021-2025.pdf,Moderate,MODERN,5.33333,100.317,1.0
P. Pinang,Kendi,MMPR003,2023,96.0,Island,mqims 2021-2025.pdf,Excellent,MODERN,5.23038,100.182,1.0
P. Pinang,Rimau,MMPR004,2023,96.0,Island,mqims 2021-2025.pdf,Excellent,MODERN,5.24415,100.273,1.0
P. Pinang,Gedong,MMPR005,2023,91.0,Island,mqims 2021-2025.pdf,Excellent,MODERN,5.27346,100.39,1.0
Perak,Tukun Perak,MMAP001,2023,92.0,Island,mqims 2021-2025.pdf,Excellent,MODERN,4.11689,100.561,1.0
Perak,Pantai Teluk Gedong,MMAR001,2023,91.0,Island,mqims 2021-2025.pdf,Excellent,MODERN,4.19421,100.581,1.0
Perak,Pantai Puteri Dewi,MMAR002,2023,94.0,Island,mqims 2021-2025.pdf,Excellent,MODERN,4.25314,100.544,1.0
Perak,Pangkor Laut,MMAR003,2023,95.0,Island,mqims 2021-2025.pdf,Excellent,MODERN,4.20159,100.547,1.0
Perak,Sembilan,MMAR004,2023,93.0,Island,mqims 2021-2025.pdf,Excellent,MODERN,4.00853,100.544,1.0
Selangor,Ketam,MMBR001,2023,94.0,Island,mqims 2021-2025.pdf,Excellent,MODERN,3.018,101.258,1.0
Selangor,Angsa,MMBR002,2023,95.0,Island,mqims 2021-2025.pdf,Excellent,MODERN,3.18556,101.219,1.0
Selangor,Lumut,MMBR003,2023,53.0,Island,mqims 2021-2025.pdf,Moderate,MODERN,2.9985,101.362,1.0
N. Sembilan,Arang,MMNP001,2023,94.0,Island,mqims 2021-2025.pdf,Excellent,MODERN,2.51647,101.795,1.0
Melaka,Upeh (Point A),MMMR001,2023,94.0,Island,mqims 2021-2025.pdf,Excellent,MODERN,2.19489,102.205,1.0
Melaka,Upeh (Point B),MMMR002,2023,94.0,Island,mqims 2021-2025.pdf,Excellent,MODERN,2.18975,102.203,1.0
Melaka,Besar (Point A),MMMR003,2023,95.0,Island,mqims 2021-2025.pdf,Excellent,MODERN,2.11669,102.332,1.0
Melaka,Besar (Point B),MMMR004,2023,95.0,Island,mqims 2021-2025.pdf,Excellent,MODERN,2.10672,102.322,1.0
Melaka,Undan (Point A),MMMR005,2023,95.0,Island,mqims 2021-2025.pdf,Excellent,MODERN,2.04894,102.332,1.0
Melaka,Undan (Point B),MMMR006,2023,94.0,Island,mqims 2021-2025.pdf,Excellent,MODERN,2.04728,102.335,1.0
Kedah,Pantai Kuah,MMKD001,2024,95.0,Island,mqims 2021-2025.pdf,Excellent,MODERN,6.30881,99.8511,1.0
Kedah,Pantai Chenang,MMKD002,2024,96.0,Island,mqims 2021-2025.pdf,Excellent,MODERN,6.30267,99.7166,1.0
Kedah,Tanjung Rhu,MMKD003,2024,96.0,Island,mqims 2021-2025.pdf,Excellent,MODERN,6.45681,99.8218,1.0
Kedah,Teluk Ewa,MMKD004,2024,96.0,Island,mqims 2021-2025.pdf,Excellent,MODERN,6.43425,99.755,1.0
Kedah,Payar,MMKM001,2024,96.0,Island,mqims 2021-2025.pdf,Excellent,MODERN,6.06353,100.042,1.0
Kedah,Kaca,MMKM002,2024,97.0,Island,mqims 2021-2025.pdf,Excellent,MODERN,6.07172,100.052,1.0
Kedah,Segantang,MMKM003,2024,95.0,Island,mqims 2021-2025.pdf,Excellent,MODERN,6.04353,99.9261,1.0
Kedah,Pasir,MMKP001,2024,96.0,Island,mqims 2021-2025.pdf,Excellent,MODERN,6.4535,99.7949,1.0
Kedah,Gasing,MMKP002,2024,96.0,Island,mqims 2021-2025.pdf,Excellent,MODERN,6.45413,99.7902,1.0
Kedah,Dangli,MMKP003,2024,96.0,Island,mqims 2021-2025.pdf,Excellent,MODERN,6.44737,99.7776,1.0
Kedah,Pulau Perak,MMKP004,2024,96.0,Island,mqims 2021-2025.pdf,Excellent,MODERN,5.68145,98.936,1.0
Kedah,Singa Besar,MMKR001,2024,95.0,Island,mqims 2021-2025.pdf,Excellent,MODERN,6.22604,99.7354,1.0
Kedah,Dayang Bunting,MMKR002,2024,95.0,Island,mqims 2021-2025.pdf,Excellent,MODERN,6.20725,99.7803,1.0
Kedah,Dayang Bunting 2,MMKR003,2024,96.0,Island,mqims 2021-2025.pdf,Excellent,MODERN,6.203111,99.781489,1.0
P. Pinang,Batu Maung,MMPD001,2024,69.0,Island,mqims 2021-2025.pdf,Moderate,MODERN,5.28524,100.292,1.0
P. Pinang,Padang Kota,MMPD002,2024,76.0,Island,mqims 2021-2025.pdf,Moderate,MODERN,5.41921,100.346,1.0
P. Pinang,Teluk Bahang,MMPD003,2024,87.0,Island,mqims 2021-2025.pdf,Good,MODERN,5.46083,100.214,1.0
P. Pinang,Tanjung Tokong,MMPP001,2024,93.0,Island,mqims 2021-2025.pdf,Excellent,MODERN,5.45629,100.315,1.0
P. Pinang,Aman,MMPR001,2024,92.0,Island,mqims 2021-2025.pdf,Excellent,MODERN,5.26743,100.394,1.0
P. Pinang,Jerejak,MMPR002,2024,70.0,Island,mqims 2021-2025.pdf,Moderate,MODERN,5.33333,100.317,1.0
P. Pinang,Kendi,MMPR003,2024,95.0,Island,mqims 2021-2025.pdf,Excellent,MODERN,5.23038,100.182,1.0
P. Pinang,Rimau,MMPR004,2024,96.0,Island,mqims 2021-2025.pdf,Excellent,MODERN,5.24415,100.273,1.0
P. Pinang,Gedong,MMPR005,2024,92.0,Island,mqims 2021-2025.pdf,Excellent,MODERN,5.27346,100.39,1.0
Perak,Tukun Perak,MMAP001,2024,96.0,Island,mqims 2021-2025.pdf,Excellent,MODERN,4.11689,100.561,1.0
Perak,Pantai Teluk Gedong,MMAR001,2024,96.0,Island,mqims 2021-2025.pdf,Excellent,MODERN,4.19421,100.581,1.0
Perak,Pantai Puteri Dewi,MMAR002,2024,96.0,Island,mqims 2021-2025.pdf,Excellent,MODERN,4.25314,100.544,1.0
Perak,Pangkor Laut,MMAR003,2024,94.0,Island,mqims 2021-2025.pdf,Excellent,MODERN,4.20159,100.547,1.0
Perak,Sembilan,MMAR004,2024,96.0,Island,mqims 2021-2025.pdf,Excellent,MODERN,4.00853,100.544,1.0
Selangor,Ketam,MMBR001,2024,88.0,Island,mqims 2021-2025.pdf,Good,MODERN,3.018,101.258,1.0
Selangor,Angsa,MMBR002,2024,93.0,Island,mqims 2021-2025.pdf,Excellent,MODERN,3.18556,101.219,1.0
Selangor,Lumut,MMBR003,2024,53.0,Island,mqims 2021-2025.pdf,Moderate,MODERN,2.9985,101.362,1.0
N. Sembilan,Arang,MMNP001,2024,95.0,Island,mqims 2021-2025.pdf,Excellent,MODERN,2.51647,101.795,1.0
Melaka,Upeh (Point A),MMMR001,2024,92.0,Island,mqims 2021-2025.pdf,Excellent,MODERN,2.19489,102.205,1.0
Melaka,Upeh (Point B),MMMR002,2024,94.0,Island,mqims 2021-2025.pdf,Excellent,MODERN,2.18975,102.203,1.0
Melaka,Besar (Point A),MMMR003,2024,96.0,Island,mqims 2021-2025.pdf,Excellent,MODERN,2.11669,102.332,1.0
Melaka,Besar (Point B),MMMR004,2024,96.0,Island,mqims 2021-2025.pdf,Excellent,MODERN,2.10672,102.322,1.0
Melaka,Undan (Point A),MMMR005,2024,96.0,Island,mqims 2021-2025.pdf,Excellent,MODERN,2.04894,102.332,1.0
Melaka,Undan (Point B),MMMR006,2024,96.0,Island,mqims 2021-2025.pdf,Excellent,MODERN,2.04728,102.335,1.0
Kedah,Pantai Kuah,MMKD001,2025,95.0,Island,mqims 2021-2025.pdf,Excellent,MODERN,6.30881,99.8511,1.0
Kedah,Pantai Chenang,MMKD002,2025,95.0,Island,mqims 2021-2025.pdf,Excellent,MODERN,6.30267,99.7166,1.0
Kedah,Tanjung Rhu,MMKD003,2025,95.0,Island,mqims 2021-2025.pdf,Excellent,MODERN,6.45681,99.8218,1.0
Kedah,Teluk Ewa,MMKD004,2025,95.0,Island,mqims 2021-2025.pdf,Excellent,MODERN,6.43425,99.755,1.0
Kedah,Payar,MMKM001,2025,96.0,Island,mqims 2021-2025.pdf,Excellent,MODERN,6.06353,100.042,1.0
Kedah,Kaca,MMKM002,2025,96.0,Island,mqims 2021-2025.pdf,Excellent,MODERN,6.07172,100.052,1.0
Kedah,Segantang,MMKM003,2025,96.0,Island,mqims 2021-2025.pdf,Excellent,MODERN,6.04353,99.9261,1.0
Kedah,Pasir,MMKP001,2025,95.0,Island,mqims 2021-2025.pdf,Excellent,MODERN,6.4535,99.7949,1.0
Kedah,Gasing,MMKP002,2025,96.0,Island,mqims 2021-2025.pdf,Excellent,MODERN,6.45413,99.7902,1.0
Kedah,Dangli,MMKP003,2025,93.0,Island,mqims 2021-2025.pdf,Excellent,MODERN,6.44737,99.7776,1.0
Kedah,Pulau Perak,MMKP004,2025,96.0,Island,mqims 2021-2025.pdf,Excellent,MODERN,5.68145,98.936,1.0
Kedah,Singa Besar,MMKR001,2025,95.0,Island,mqims 2021-2025.pdf,Excellent,MODERN,6.22604,99.7354,1.0
Kedah,Dayang Bunting,MMKR002,2025,95.0,Island,mqims 2021-2025.pdf,Excellent,MODERN,6.20725,99.7803,1.0
Kedah,Dayang Bunting 2,MMKR003,2025,95.0,Island,mqims 2021-2025.pdf,Excellent,MODERN,6.203111,99.781489,1.0
P. Pinang,Batu Maung,MMPD001,2025,62.0,Island,mqims 2021-2025.pdf,Moderate,MODERN,5.28524,100.292,1.0
P. Pinang,Padang Kota,MMPD002,2025,59.0,Island,mqims 2021-2025.pdf,Moderate,MODERN,5.41921,100.346,1.0
P. Pinang,Teluk Bahang,MMPD003,2025,92.0,Island,mqims 2021-2025.pdf,Excellent,MODERN,5.46083,100.214,1.0
P. Pinang,Tanjung Tokong,MMPP001,2025,93.0,Island,mqims 2021-2025.pdf,Excellent,MODERN,5.45629,100.315,1.0
P. Pinang,Aman,MMPR001,2025,91.0,Island,mqims 2021-2025.pdf,Excellent,MODERN,5.26743,100.394,1.0
P. Pinang,Jerejak,MMPR002,2025,88.0,Island,mqims 2021-2025.pdf,Good,MODERN,5.33333,100.317,1.0
P. Pinang,Kendi,MMPR003,2025,95.0,Island,mqims 2021-2025.pdf,Excellent,MODERN,5.23038,100.182,1.0
P. Pinang,Rimau,MMPR004,2025,96.0,Island,mqims 2021-2025.pdf,Excellent,MODERN,5.24415,100.273,1.0
P. Pinang,Gedong,MMPR005,2025,92.0,Island,mqims 2021-2025.pdf,Excellent,MODERN,5.27346,100.39,1.0
Perak,Tukun Perak,MMAP001,2025,95.0,Island,mqims 2021-2025.pdf,Excellent,MODERN,4.11689,100.561,1.0
Perak,Pantai Teluk Gedong,MMAR001,2025,94.0,Island,mqims 2021-2025.pdf,Excellent,MODERN,4.19421,100.581,1.0
Perak,Pantai Puteri Dewi,MMAR002,2025,94.0,Island,mqims 2021-2025.pdf,Excellent,MODERN,4.25314,100.544,1.0
Perak,Pangkor Laut,MMAR003,2025,95.0,Island,mqims 2021-2025.pdf,Excellent,MODERN,4.20159,100.547,1.0
Perak,Sembilan,MMAR004,2025,95.0,Island,mqims 2021-2025.pdf,Excellent,MODERN,4.00853,100.544,1.0
Selangor,Ketam,MMBR001,2025,81.0,Island,mqims 2021-2025.pdf,Good,MODERN,3.018,101.258,1.0
Selangor,Angsa,MMBR002,2025,90.0,Island,mqims 2021-2025.pdf,Excellent,MODERN,3.18556,101.219,1.0
Selangor,Lumut,MMBR003,2025,54.0,Island,mqims 2021-2025.pdf,Moderate,MODERN,2.9985,101.362,1.0
N. Sembilan,Arang,MMNP001,2025,95.0,Island,mqims 2021-2025.pdf,Excellent,MODERN,2.51647,101.795,1.0
Melaka,Upeh (Point A),MMMR001,2025,90.0,Island,mqims 2021-2025.pdf,Excellent,MODERN,2.19489,102.205,1.0
Melaka,Upeh (Point B),MMMR002,2025,90.0,Island,mqims 2021-2025.pdf,Excellent,MODERN,2.18975,102.203,1.0
Melaka,Besar (Point A),MMMR003,2025,95.0,Island,mqims 2021-2025.pdf,Excellent,MODERN,2.11669,102.332,1.0
Melaka,Besar (Point B),MMMR004,2025,95.0,Island,mqims 2021-2025.pdf,Excellent,MODERN,2.10672,102.322,1.0
Melaka,Undan (Point A),MMMR005,2025,95.0,Island,mqims 2021-2025.pdf,Excellent,MODERN,2.04894,102.332,1.0
Melaka,Undan (Point B),MMMR006,2025,95.0,Island,mqims 2021-2025.pdf,Excellent,MODERN,2.04728,102.335,1.0
Johor,Dayang,MMJM001,2021,95.0,Island,mqims 2021-2025.pdf,Excellent,MODERN,2.47022,104.504,1.0
Johor,Nanga Besar,MMJM002,2021,78.0,Island,mqims 2021-2025.pdf,Moderate,MODERN,2.27064,104.129,1.0
Johor,Sibu Tengah,MMJM003,2021,96.0,Island,mqims 2021-2025.pdf,Excellent,MODERN,2.18192,104.096,1.0
Johor,Pemanggil,MMJM004,2021,94.0,Island,mqims 2021-2025.pdf,Excellent,MODERN,2.56908,104.326,1.0
Johor,Kukup,MMJP001,2021,70.0,Island,mqims 2021-2025.pdf,Moderate,MODERN,1.32831,103.437,1.0
Johor,Pisang,MMJP002,2021,86.0,Island,mqims 2021-2025.pdf,Good,MODERN,1.46828,103.263,1.0
Johor,Setindan,MMJR001,2021,97.0,Island,mqims 2021-2025.pdf,Excellent,MODERN,2.47664,103.858,1.0
Johor,Babi Tengah,MMJR002,2021,93.0,Island,mqims 2021-2025.pdf,Excellent,MODERN,2.47549,103.955,1.0
Pahang,Pulau Tioman (Kg. Genting),MMCM001,2021,96.0,Island,mqims 2021-2025.pdf,Excellent,MODERN,2.775,104.117,1.0
Pahang,Pulau Tioman (Teluk Salang),MMCM002,2021,96.0,Island,mqims 2021-2025.pdf,Excellent,MODERN,2.87637,104.152,1.0
Pahang,Tulai,MMCM003,2021,97.0,Island,mqims 2021-2025.pdf,Excellent,MODERN,2.90532,104.107,1.0
Pahang,Labas,MMCM004,2021,97.0,Island,mqims 2021-2025.pdf,Excellent,MODERN,2.89506,104.047,1.0
Pahang,Cebeh,MMCM005,2021,96.0,Island,mqims 2021-2025.pdf,Excellent,MODERN,2.93018,104.099,1.0
Pahang,Sepui,MMCM006,2021,97.0,Island,mqims 2021-2025.pdf,Excellent,MODERN,2.88598,104.067,1.0
Pahang,Sembilang,MMCM007,2021,97.0,Island,mqims 2021-2025.pdf,Excellent,MODERN,2.67006,103.91,1.0
Pahang,Seri Buat,MMCM008,2021,97.0,Island,mqims 2021-2025.pdf,Excellent,MODERN,2.70019,103.898,1.0
Pahang,Tokong Bahara,MMCM009,2021,95.0,Island,mqims 2021-2025.pdf,Excellent,MODERN,2.66424,104.065,1.0
Terengganu,Perhentian Besar (South),MMTM001,2021,97.0,Island,mqims 2021-2025.pdf,Excellent,MODERN,5.89448,102.736,1.0
Terengganu,Perhentian Besar (West),MMTM002,2021,96.0,Island,mqims 2021-2025.pdf,Excellent,MODERN,5.88931,102.751,1.0
Terengganu,Perhentian Kecil,MMTM003,2021,97.0,Island,mqims 2021-2025.pdf,Excellent,MODERN,5.91792,102.725,1.0
Terengganu,Redang (North),MMTM004,2021,96.0,Island,mqims 2021-2025.pdf,Excellent,MODERN,5.77561,103.037,1.0
Terengganu,Redang (South),MMTM005,2021,96.0,Island,mqims 2021-2025.pdf,Excellent,MODERN,5.75253,103.003,1.0
Terengganu,Lang Tengah,MMTM006,2021,97.0,Island,mqims 2021-2025.pdf,Excellent,MODERN,5.79247,102.89,1.0
Terengganu,Pinang,MMTM007,2021,96.0,Island,mqims 2021-2025.pdf,Excellent,MODERN,5.74797,103.003,1.0
Terengganu,Ekor Tebu,MMTM008,2021,97.0,Island,mqims 2021-2025.pdf,Excellent,MODERN,5.74044,103.029,1.0
Terengganu,Lima,MMTM009,2021,97.0,Island,mqims 2021-2025.pdf,Excellent,MODERN,5.76986,103.059,1.0
Terengganu,Kapas,MMTM010,2021,96.0,Island,mqims 2021-2025.pdf,Excellent,MODERN,5.21697,103.26,1.0
Terengganu,Gemia,MMTR001,2021,94.0,Island,mqims 2021-2025.pdf,Excellent,MODERN,5.23106,103.261,1.0
Kelantan,Panjang,MMDP001,2021,92.0,Island,mqims 2021-2025.pdf,Excellent,MODERN,6.207,102.258,1.0
Kelantan,Kundur,MMDP002,2021,92.0,Island,mqims 2021-2025.pdf,Excellent,MODERN,6.18946,102.292,1.0
Sarawak,Satang,MMQP001,2021,86.0,Island,mqims 2021-2025.pdf,Good,MODERN,1.77766,110.165,1.0
Sarawak,Talang-Talang Kecil,MMQP002,2021,93.0,Island,mqims 2021-2025.pdf,Excellent,MODERN,1.89347,109.767,1.0
Sarawak,Talang-Talang Besar,MMQP003,2021,93.0,Island,mqims 2021-2025.pdf,Excellent,MODERN,1.91103,109.777,1.0
Johor,Dayang,MMJM001,2022,93.0,Island,mqims 2021-2025.pdf,Excellent,MODERN,2.47022,104.504,1.0
Johor,Nanga Besar,MMJM002,2022,94.0,Island,mqims 2021-2025.pdf,Excellent,MODERN,2.27064,104.129,1.0
Johor,Sibu Tengah,MMJM003,2022,96.0,Island,mqims 2021-2025.pdf,Excellent,MODERN,2.18192,104.096,1.0
Johor,Pemanggil,MMJM004,2022,95.0,Island,mqims 2021-2025.pdf,Excellent,MODERN,2.56908,104.326,1.0
Johor,Kukup,MMJP001,2022,89.0,Island,mqims 2021-2025.pdf,Good,MODERN,1.32831,103.437,1.0
Johor,Pisang,MMJP002,2022,90.0,Island,mqims 2021-2025.pdf,Excellent,MODERN,1.46828,103.263,1.0
Johor,Setindan,MMJR001,2022,97.0,Island,mqims 2021-2025.pdf,Excellent,MODERN,2.47664,103.858,1.0
Johor,Babi Tengah,MMJR002,2022,97.0,Island,mqims 2021-2025.pdf,Excellent,MODERN,2.47549,103.955,1.0
Pahang,Pulau Tioman (Kg. Genting),MMCM001,2022,96.0,Island,mqims 2021-2025.pdf,Excellent,MODERN,2.775,104.117,1.0
Pahang,Pulau Tioman (Teluk Salang),MMCM002,2022,97.0,Island,mqims 2021-2025.pdf,Excellent,MODERN,2.87637,104.152,1.0
Pahang,Tulai,MMCM003,2022,97.0,Island,mqims 2021-2025.pdf,Excellent,MODERN,2.90532,104.107,1.0
Pahang,Labas,MMCM004,2022,97.0,Island,mqims 2021-2025.pdf,Excellent,MODERN,2.89506,104.047,1.0
Pahang,Cebeh,MMCM005,2022,97.0,Island,mqims 2021-2025.pdf,Excellent,MODERN,2.93018,104.099,1.0
Pahang,Sepui,MMCM006,2022,96.0,Island,mqims 2021-2025.pdf,Excellent,MODERN,2.88598,104.067,1.0
Pahang,Sembilang,MMCM007,2022,97.0,Island,mqims 2021-2025.pdf,Excellent,MODERN,2.67006,103.91,1.0
Pahang,Seri Buat,MMCM008,2022,97.0,Island,mqims 2021-2025.pdf,Excellent,MODERN,2.70019,103.898,1.0
Pahang,Tokong Bahara,MMCM009,2022,97.0,Island,mqims 2021-2025.pdf,Excellent,MODERN,2.66424,104.065,1.0
Terengganu,Perhentian Besar (South),MMTM001,2022,96.0,Island,mqims 2021-2025.pdf,Excellent,MODERN,5.89448,102.736,1.0
Terengganu,Perhentian Besar (West),MMTM002,2022,97.0,Island,mqims 2021-2025.pdf,Excellent,MODERN,5.88931,102.751,1.0
Terengganu,Perhentian Kecil,MMTM003,2022,97.0,Island,mqims 2021-2025.pdf,Excellent,MODERN,5.91792,102.725,1.0
Terengganu,Redang (North),MMTM004,2022,97.0,Island,mqims 2021-2025.pdf,Excellent,MODERN,5.77561,103.037,1.0
Terengganu,Redang (South),MMTM005,2022,97.0,Island,mqims 2021-2025.pdf,Excellent,MODERN,5.75253,103.003,1.0
Terengganu,Lang Tengah,MMTM006,2022,97.0,Island,mqims 2021-2025.pdf,Excellent,MODERN,5.79247,102.89,1.0
Terengganu,Pinang,MMTM007,2022,97.0,Island,mqims 2021-2025.pdf,Excellent,MODERN,5.74797,103.003,1.0
Terengganu,Ekor Tebu,MMTM008,2022,97.0,Island,mqims 2021-2025.pdf,Excellent,MODERN,5.74044,103.029,1.0
Terengganu,Lima,MMTM009,2022,97.0,Island,mqims 2021-2025.pdf,Excellent,MODERN,5.76986,103.059,1.0
Terengganu,Kapas,MMTM010,2022,97.0,Island,mqims 2021-2025.pdf,Excellent,MODERN,5.21697,103.26,1.0
Terengganu,Gemia,MMTR001,2022,97.0,Island,mqims 2021-2025.pdf,Excellent,MODERN,5.23106,103.261,1.0
Kelantan,Panjang,MMDP001,2022,95.0,Island,mqims 2021-2025.pdf,Excellent,MODERN,6.207,102.258,1.0
Kelantan,Kundur,MMDP002,2022,96.0,Island,mqims 2021-2025.pdf,Excellent,MODERN,6.18946,102.292,1.0
Sarawak,Satang,MMQP001,2022,89.0,Island,mqims 2021-2025.pdf,Good,MODERN,1.77766,110.165,1.0
Sarawak,Talang-Talang Kecil,MMQP002,2022,86.0,Island,mqims 2021-2025.pdf,Good,MODERN,1.89347,109.767,1.0
Sarawak,Talang-Talang Besar,MMQP003,2022,80.0,Island,mqims 2021-2025.pdf,Good,MODERN,1.91103,109.777,1.0
Johor,Dayang,MMJM001,2023,97.0,Island,mqims 2021-2025.pdf,Excellent,MODERN,2.47022,104.504,1.0
Johor,Nanga Besar,MMJM002,2023,97.0,Island,mqims 2021-2025.pdf,Excellent,MODERN,2.27064,104.129,1.0
Johor,Sibu Tengah,MMJM003,2023,97.0,Island,mqims 2021-2025.pdf,Excellent,MODERN,2.18192,104.096,1.0
Johor,Pemanggil,MMJM004,2023,96.0,Island,mqims 2021-2025.pdf,Excellent,MODERN,2.56908,104.326,1.0
Johor,Kukup,MMJP001,2023,73.0,Island,mqims 2021-2025.pdf,Moderate,MODERN,1.32831,103.437,1.0
Johor,Pisang,MMJP002,2023,92.0,Island,mqims 2021-2025.pdf,Excellent,MODERN,1.46828,103.263,1.0
Johor,Setindan,MMJR001,2023,96.0,Island,mqims 2021-2025.pdf,Excellent,MODERN,2.47664,103.858,1.0
Johor,Babi Tengah,MMJR002,2023,97.0,Island,mqims 2021-2025.pdf,Excellent,MODERN,2.47549,103.955,1.0
Pahang,Pulau Tioman (Kg. Genting),MMCM001,2023,97.0,Island,mqims 2021-2025.pdf,Excellent,MODERN,2.775,104.117,1.0
Pahang,Pulau Tioman (Teluk Salang),MMCM002,2023,97.0,Island,mqims 2021-2025.pdf,Excellent,MODERN,2.87637,104.152,1.0
Pahang,Tulai,MMCM003,2023,97.0,Island,mqims 2021-2025.pdf,Excellent,MODERN,2.90532,104.107,1.0
Pahang,Labas,MMCM004,2023,96.0,Island,mqims 2021-2025.pdf,Excellent,MODERN,2.89506,104.047,1.0
Pahang,Cebeh,MMCM005,2023,97.0,Island,mqims 2021-2025.pdf,Excellent,MODERN,2.93018,104.099,1.0
Pahang,Sepui,MMCM006,2023,97.0,Island,mqims 2021-2025.pdf,Excellent,MODERN,2.88598,104.067,1.0
Pahang,Sembilang,MMCM007,2023,97.0,Island,mqims 2021-2025.pdf,Excellent,MODERN,2.67006,103.91,1.0
Pahang,Seri Buat,MMCM008,2023,97.0,Island,mqims 2021-2025.pdf,Excellent,MODERN,2.70019,103.898,1.0
Pahang,Tokong Bahara,MMCM009,2023,97.0,Island,mqims 2021-2025.pdf,Excellent,MODERN,2.66424,104.065,1.0
Terengganu,Perhentian Besar (South),MMTM001,2023,97.0,Island,mqims 2021-2025.pdf,Excellent,MODERN,5.89448,102.736,1.0
Terengganu,Perhentian Besar (West),MMTM002,2023,97.0,Island,mqims 2021-2025.pdf,Excellent,MODERN,5.88931,102.751,1.0
Terengganu,Perhentian Kecil,MMTM003,2023,96.0,Island,mqims 2021-2025.pdf,Excellent,MODERN,5.91792,102.725,1.0
Terengganu,Redang (North),MMTM004,2023,97.0,Island,mqims 2021-2025.pdf,Excellent,MODERN,5.77561,103.037,1.0
Terengganu,Redang (South),MMTM005,2023,97.0,Island,mqims 2021-2025.pdf,Excellent,MODERN,5.75253,103.003,1.0
Terengganu,Lang Tengah,MMTM006,2023,97.0,Island,mqims 2021-2025.pdf,Excellent,MODERN,5.79247,102.89,1.0
Terengganu,Pinang,MMTM007,2023,97.0,Island,mqims 2021-2025.pdf,Excellent,MODERN,5.74797,103.003,1.0
Terengganu,Ekor Tebu,MMTM008,2023,97.0,Island,mqims 2021-2025.pdf,Excellent,MODERN,5.74044,103.029,1.0
Terengganu,Lima,MMTM009,2023,97.0,Island,mqims 2021-2025.pdf,Excellent,MODERN,5.76986,103.059,1.0
Terengganu,Kapas,MMTM010,2023,97.0,Island,mqims 2021-2025.pdf,Excellent,MODERN,5.21697,103.26,1.0
Terengganu,Gemia,MMTR001,2023,97.0,Island,mqims 2021-2025.pdf,Excellent,MODERN,5.23106,103.261,1.0
Kelantan,Panjang,MMDP001,2023,95.0,Island,mqims 2021-2025.pdf,Excellent,MODERN,6.207,102.258,1.0
Kelantan,Kundur,MMDP002,2023,95.0,Island,mqims 2021-2025.pdf,Excellent,MODERN,6.18946,102.292,1.0
Sarawak,Satang,MMQP001,2023,81.0,Island,mqims 2021-2025.pdf,Good,MODERN,1.77766,110.165,1.0
Sarawak,Talang-Talang Kecil,MMQP002,2023,84.0,Island,mqims 2021-2025.pdf,Good,MODERN,1.89347,109.767,1.0
Sarawak,Talang-Talang Besar,MMQP003,2023,60.0,Island,mqims 2021-2025.pdf,Moderate,MODERN,1.91103,109.777,1.0
Johor,Dayang,MMJM001,2024,96.0,Island,mqims 2021-2025.pdf,Excellent,MODERN,2.47022,104.504,1.0
Johor,Nanga Besar,MMJM002,2024,97.0,Island,mqims 2021-2025.pdf,Excellent,MODERN,2.27064,104.129,1.0
Johor,Sibu Tengah,MMJM003,2024,96.0,Island,mqims 2021-2025.pdf,Excellent,MODERN,2.18192,104.096,1.0
Johor,Pemanggil,MMJM004,2024,96.0,Island,mqims 2021-2025.pdf,Excellent,MODERN,2.56908,104.326,1.0
Johor,Kukup,MMJP001,2024,86.0,Island,mqims 2021-2025.pdf,Good,MODERN,1.32831,103.437,1.0
Johor,Pisang,MMJP002,2024,95.0,Island,mqims 2021-2025.pdf,Excellent,MODERN,1.46828,103.263,1.0
Johor,Setindan,MMJR001,2024,97.0,Island,mqims 2021-2025.pdf,Excellent,MODERN,2.47664,103.858,1.0
Johor,Babi Tengah,MMJR002,2024,97.0,Island,mqims 2021-2025.pdf,Excellent,MODERN,2.47549,103.955,1.0
Pahang,Pulau Tioman (Kg. Genting),MMCM001,2024,96.0,Island,mqims 2021-2025.pdf,Excellent,MODERN,2.775,104.117,1.0
Pahang,Pulau Tioman (Teluk Salang),MMCM002,2024,96.0,Island,mqims 2021-2025.pdf,Excellent,MODERN,2.87637,104.152,1.0
Pahang,Tulai,MMCM003,2024,96.0,Island,mqims 2021-2025.pdf,Excellent,MODERN,2.90532,104.107,1.0
Pahang,Labas,MMCM004,2024,96.0,Island,mqims 2021-2025.pdf,Excellent,MODERN,2.89506,104.047,1.0
Pahang,Cebeh,MMCM005,2024,97.0,Island,mqims 2021-2025.pdf,Excellent,MODERN,2.93018,104.099,1.0
Pahang,Sepui,MMCM006,2024,97.0,Island,mqims 2021-2025.pdf,Excellent,MODERN,2.88598,104.067,1.0
Pahang,Sembilang,MMCM007,2024,97.0,Island,mqims 2021-2025.pdf,Excellent,MODERN,2.67006,103.91,1.0
Pahang,Seri Buat,MMCM008,2024,96.0,Island,mqims 2021-2025.pdf,Excellent,MODERN,2.70019,103.898,1.0
Pahang,Tokong Bahara,MMCM009,2024,95.0,Island,mqims 2021-2025.pdf,Excellent,MODERN,2.66424,104.065,1.0
Terengganu,Perhentian Besar (South),MMTM001,2024,96.0,Island,mqims 2021-2025.pdf,Excellent,MODERN,5.89448,102.736,1.0
Terengganu,Perhentian Besar (West),MMTM002,2024,97.0,Island,mqims 2021-2025.pdf,Excellent,MODERN,5.88931,102.751,1.0
Terengganu,Perhentian Kecil,MMTM003,2024,97.0,Island,mqims 2021-2025.pdf,Excellent,MODERN,5.91792,102.725,1.0
Terengganu,Redang (North),MMTM004,2024,97.0,Island,mqims 2021-2025.pdf,Excellent,MODERN,5.77561,103.037,1.0
Terengganu,Redang (South),MMTM005,2024,96.0,Island,mqims 2021-2025.pdf,Excellent,MODERN,5.75253,103.003,1.0
Terengganu,Lang Tengah,MMTM006,2024,97.0,Island,mqims 2021-2025.pdf,Excellent,MODERN,5.79247,102.89,1.0
Terengganu,Pinang,MMTM007,2024,97.0,Island,mqims 2021-2025.pdf,Excellent,MODERN,5.74797,103.003,1.0
Terengganu,Ekor Tebu,MMTM008,2024,96.0,Island,mqims 2021-2025.pdf,Excellent,MODERN,5.74044,103.029,1.0
Terengganu,Lima,MMTM009,2024,97.0,Island,mqims 2021-2025.pdf,Excellent,MODERN,5.76986,103.059,1.0
Terengganu,Kapas,MMTM010,2024,96.0,Island,mqims 2021-2025.pdf,Excellent,MODERN,5.21697,103.26,1.0
Terengganu,Gemia,MMTR001,2024,97.0,Island,mqims 2021-2025.pdf,Excellent,MODERN,5.23106,103.261,1.0
Kelantan,Panjang,MMDP001,2024,96.0,Island,mqims 2021-2025.pdf,Excellent,MODERN,6.207,102.258,1.0
Kelantan,Kundur,MMDP002,2024,96.0,Island,mqims 2021-2025.pdf,Excellent,MODERN,6.18946,102.292,1.0
Sarawak,Satang,MMQP001,2024,78.0,Island,mqims 2021-2025.pdf,Moderate,MODERN,1.77766,110.165,1.0
Sarawak,Talang-Talang Kecil,MMQP002,2024,59.0,Island,mqims 2021-2025.pdf,Moderate,MODERN,1.89347,109.767,1.0
Sarawak,Talang-Talang Besar,MMQP003,2024,62.0,Island,mqims 2021-2025.pdf,Moderate,MODERN,1.91103,109.777,1.0
Johor,Dayang,MMJM001,2025,97.0,Island,mqims 2021-2025.pdf,Excellent,MODERN,2.47022,104.504,1.0
Johor,Nanga Besar,MMJM002,2025,93.0,Island,mqims 2021-2025.pdf,Excellent,MODERN,2.27064,104.129,1.0
Johor,Sibu Tengah,MMJM003,2025,94.0,Island,mqims 2021-2025.pdf,Excellent,MODERN,2.18192,104.096,1.0
Johor,Pemanggil,MMJM004,2025,93.0,Island,mqims 2021-2025.pdf,Excellent,MODERN,2.56908,104.326,1.0
Johor,Kukup,MMJP001,2025,84.0,Island,mqims 2021-2025.pdf,Good,MODERN,1.32831,103.437,1.0
Johor,Pisang,MMJP002,2025,88.0,Island,mqims 2021-2025.pdf,Good,MODERN,1.46828,103.263,1.0
Johor,Setindan,MMJR001,2025,95.0,Island,mqims 2021-2025.pdf,Excellent,MODERN,2.47664,103.858,1.0
Johor,Babi Tengah,MMJR002,2025,96.0,Island,mqims 2021-2025.pdf,Excellent,MODERN,2.47549,103.955,1.0
Pahang,Pulau Tioman (Kg. Genting),MMCM001,2025,96.0,Island,mqims 2021-2025.pdf,Excellent,MODERN,2.775,104.117,1.0
Pahang,Pulau Tioman (Teluk Salang),MMCM002,2025,96.0,Island,mqims 2021-2025.pdf,Excellent,MODERN,2.87637,104.152,1.0
Pahang,Tulai,MMCM003,2025,96.0,Island,mqims 2021-2025.pdf,Excellent,MODERN,2.90532,104.107,1.0
Pahang,Labas,MMCM004,2025,97.0,Island,mqims 2021-2025.pdf,Excellent,MODERN,2.89506,104.047,1.0
Pahang,Cebeh,MMCM005,2025,97.0,Island,mqims 2021-2025.pdf,Excellent,MODERN,2.93018,104.099,1.0
Pahang,Sepui,MMCM006,2025,96.0,Island,mqims 2021-2025.pdf,Excellent,MODERN,2.88598,104.067,1.0
Pahang,Sembilang,MMCM007,2025,97.0,Island,mqims 2021-2025.pdf,Excellent,MODERN,2.67006,103.91,1.0
Pahang,Seri Buat,MMCM008,2025,96.0,Island,mqims 2021-2025.pdf,Excellent,MODERN,2.70019,103.898,1.0
Pahang,Tokong Bahara,MMCM009,2025,96.0,Island,mqims 2021-2025.pdf,Excellent,MODERN,2.66424,104.065,1.0
Terengganu,Perhentian Besar (South),MMTM001,2025,97.0,Island,mqims 2021-2025.pdf,Excellent,MODERN,5.89448,102.736,1.0
Terengganu,Perhentian Besar (West),MMTM002,2025,96.0,Island,mqims 2021-2025.pdf,Excellent,MODERN,5.88931,102.751,1.0
Terengganu,Perhentian Kecil,MMTM003,2025,96.0,Island,mqims 2021-2025.pdf,Excellent,MODERN,5.91792,102.725,1.0
Terengganu,Redang (North),MMTM004,2025,96.0,Island,mqims 2021-2025.pdf,Excellent,MODERN,5.77561,103.037,1.0
Terengganu,Redang (South),MMTM005,2025,97.0,Island,mqims 2021-2025.pdf,Excellent,MODERN,5.75253,103.003,1.0
Terengganu,Lang Tengah,MMTM006,2025,96.0,Island,mqims 2021-2025.pdf,Excellent,MODERN,5.79247,102.89,1.0
Terengganu,Pinang,MMTM007,2025,96.0,Island,mqims 2021-2025.pdf,Excellent,MODERN,5.74797,103.003,1.0
Terengganu,Ekor Tebu,MMTM008,2025,95.0,Island,mqims 2021-2025.pdf,Excellent,MODERN,5.74044,103.029,1.0
Terengganu,Lima,MMTM009,2025,97.0,Island,mqims 2021-2025.pdf,Excellent,MODERN,5.76986,103.059,1.0
Terengganu,Kapas,MMTM010,2025,93.0,Island,mqims 2021-2025.pdf,Excellent,MODERN,5.21697,103.26,1.0
Terengganu,Gemia,MMTR001,2025,94.0,Island,mqims 2021-2025.pdf,Excellent,MODERN,5.23106,103.261,1.0
Kelantan,Panjang,MMDP001,2025,92.0,Island,mqims 2021-2025.pdf,Excellent,MODERN,6.207,102.258,1.0
Kelantan,Kundur,MMDP002,2025,95.0,Island,mqims 2021-2025.pdf,Excellent,MODERN,6.18946,102.292,1.0
Sarawak,Satang,MMQP001,2025,88.0,Island,mqims 2021-2025.pdf,Good,MODERN,1.77766,110.165,1.0
Sarawak,Talang-Talang Kecil,MMQP002,2025,81.0,Island,mqims 2021-2025.pdf,Good,MODERN,1.89347,109.767,1.0
Sarawak,Talang-Talang Besar,MMQP003,2025,78.0,Island,mqims 2021-2025.pdf,Moderate,MODERN,1.91103,109.777,1.0
Sabah,Sapi,MMSM001,2021,81.0,Island,mqims 2021-2025.pdf,Good,MODERN,6.00727,116.01,1.0
Sabah,Kalampunian Besar,MMSM002,2021,58.0,Island,mqims 2021-2025.pdf,Moderate,MODERN,5.74821,115.676,1.0
Sabah,Selingan,MMSP001,2021,74.0,Island,mqims 2021-2025.pdf,Moderate,MODERN,6.17535,118.059,1.0
Sabah,Gulisan,MMSP002,2021,70.0,Island,mqims 2021-2025.pdf,Moderate,MODERN,6.14957,118.056,1.0
Sabah,Bakungan Kecil,MMSP003,2021,75.0,Island,mqims 2021-2025.pdf,Moderate,MODERN,6.16391,118.109,1.0
Sabah,Gaya,MMSR001,2021,72.0,Island,mqims 2021-2025.pdf,Moderate,MODERN,6.01346,116.051,1.0
Sabah,Mabul,MMSR002,2021,71.0,Island,mqims 2021-2025.pdf,Moderate,MODERN,4.24877,118.633,1.0
Sabah,Sipadan (N),MMSR003,2021,66.0,Island,mqims 2021-2025.pdf,Moderate,MODERN,4.11766,118.628,1.0
Sabah,Sipadan (W),MMSR004,2021,61.0,Island,mqims 2021-2025.pdf,Moderate,MODERN,4.11417,118.626,1.0
Sabah,Manukan,MMSR005,2021,86.0,Island,mqims 2021-2025.pdf,Good,MODERN,5.97335,116.005,1.0
Sabah,Tiga,MMSR006,2021,58.0,Island,mqims 2021-2025.pdf,Moderate,MODERN,5.71661,115.651,1.0
Sabah,Kapalai,MMSR007,2021,77.0,Island,mqims 2021-2025.pdf,Moderate,MODERN,4.22746,118.684,1.0
Sabah,Molleangan Besar,MMSR008,2021,61.0,Island,mqims 2021-2025.pdf,Moderate,MODERN,7.08223,117.044,1.0
Sabah,Banggi (South),MMSR009,2021,58.0,Island,mqims 2021-2025.pdf,Moderate,MODERN,7.11169,117.088,1.0
Sabah,Banggi (East),MMSR010,2021,60.0,Island,mqims 2021-2025.pdf,Moderate,MODERN,7.13697,117.107,1.0
Sabah,Balambangan,MMSR011,2021,71.0,Island,mqims 2021-2025.pdf,Moderate,MODERN,7.23201,116.913,1.0
Sabah,Mantanani Besar,MMSR012,2021,58.0,Island,mqims 2021-2025.pdf,Moderate,MODERN,6.70493,116.358,1.0
W.P. Labuan,Pohon Batu,MMLD001,2021,58.0,Island,mqims 2021-2025.pdf,Moderate,MODERN,5.38053,115.229,1.0
W.P. Labuan,Water Front,MMLD002,2021,58.0,Island,mqims 2021-2025.pdf,Moderate,MODERN,5.27275,115.249,1.0
W.P. Labuan,Lubuk Temiang,MMLD003,2021,58.0,Island,mqims 2021-2025.pdf,Moderate,MODERN,5.37187,115.248,1.0
W.P. Labuan,Ranca-Ranca,MMLD004,2021,60.0,Island,mqims 2021-2025.pdf,Moderate,MODERN,5.24192,115.24,1.0
W.P. Labuan,Kuraman,MMLM001,2021,58.0,Island,mqims 2021-2025.pdf,Moderate,MODERN,5.21875,115.14,1.0
W.P. Labuan,Rusukan Besar,MMLM002,2021,58.0,Island,mqims 2021-2025.pdf,Moderate,MODERN,5.19,115.142,1.0
W.P. Labuan,Rusukan Kecil,MMLM003,2021,58.0,Island,mqims 2021-2025.pdf,Moderate,MODERN,5.20178,115.148,1.0
Sabah,Sapi,MMSM001,2022,58.0,Island,mqims 2021-2025.pdf,Moderate,MODERN,6.00727,116.01,1.0
Sabah,Kalampunian Besar,MMSM002,2022,64.0,Island,mqims 2021-2025.pdf,Moderate,MODERN,5.74821,115.676,1.0
Sabah,Selingan,MMSP001,2022,81.0,Island,mqims 2021-2025.pdf,Good,MODERN,6.17535,118.059,1.0
Sabah,Gulisan,MMSP002,2022,72.0,Island,mqims 2021-2025.pdf,Moderate,MODERN,6.14957,118.056,1.0
Sabah,Bakungan Kecil,MMSP003,2022,88.0,Island,mqims 2021-2025.pdf,Good,MODERN,6.16391,118.109,1.0
Sabah,Gaya,MMSR001,2022,58.0,Island,mqims 2021-2025.pdf,Moderate,MODERN,6.01346,116.051,1.0
Sabah,Mabul,MMSR002,2022,74.0,Island,mqims 2021-2025.pdf,Moderate,MODERN,4.24877,118.633,1.0
Sabah,Sipadan (N),MMSR003,2022,86.0,Island,mqims 2021-2025.pdf,Good,MODERN,4.11766,118.628,1.0
Sabah,Sipadan (W),MMSR004,2022,62.0,Island,mqims 2021-2025.pdf,Moderate,MODERN,4.11417,118.626,1.0
Sabah,Manukan,MMSR005,2022,57.0,Island,mqims 2021-2025.pdf,Moderate,MODERN,5.97335,116.005,1.0
Sabah,Tiga,MMSR006,2022,61.0,Island,mqims 2021-2025.pdf,Moderate,MODERN,5.71661,115.651,1.0
Sabah,Kapalai,MMSR007,2022,69.0,Island,mqims 2021-2025.pdf,Moderate,MODERN,4.22746,118.684,1.0
Sabah,Molleangan Besar,MMSR008,2022,85.0,Island,mqims 2021-2025.pdf,Good,MODERN,7.08223,117.044,1.0
Sabah,Banggi (South),MMSR009,2022,81.0,Island,mqims 2021-2025.pdf,Good,MODERN,7.11169,117.088,1.0
Sabah,Banggi (East),MMSR010,2022,85.0,Island,mqims 2021-2025.pdf,Good,MODERN,7.13697,117.107,1.0
Sabah,Balambangan,MMSR011,2022,85.0,Island,mqims 2021-2025.pdf,Good,MODERN,7.23201,116.913,1.0
Sabah,Mantanani Besar,MMSR012,2022,58.0,Island,mqims 2021-2025.pdf,Moderate,MODERN,6.70493,116.358,1.0
W.P. Labuan,Pohon Batu,MMLD001,2022,58.0,Island,mqims 2021-2025.pdf,Moderate,MODERN,5.38053,115.229,1.0
W.P. Labuan,Water Front,MMLD002,2022,63.0,Island,mqims 2021-2025.pdf,Moderate,MODERN,5.27275,115.249,1.0
W.P. Labuan,Lubuk Temiang,MMLD003,2022,63.0,Island,mqims 2021-2025.pdf,Moderate,MODERN,5.37187,115.248,1.0
W.P. Labuan,Ranca-Ranca,MMLD004,2022,59.0,Island,mqims 2021-2025.pdf,Moderate,MODERN,5.24192,115.24,1.0
W.P. Labuan,Kuraman,MMLM001,2022,58.0,Island,mqims 2021-2025.pdf,Moderate,MODERN,5.21875,115.14,1.0
W.P. Labuan,Rusukan Besar,MMLM002,2022,64.0,Island,mqims 2021-2025.pdf,Moderate,MODERN,5.19,115.142,1.0
W.P. Labuan,Rusukan Kecil,MMLM003,2022,59.0,Island,mqims 2021-2025.pdf,Moderate,MODERN,5.20178,115.148,1.0
Sabah,Sapi,MMSM001,2023,59.0,Island,mqims 2021-2025.pdf,Moderate,MODERN,6.00727,116.01,1.0
Sabah,Kalampunian Besar,MMSM002,2023,60.0,Island,mqims 2021-2025.pdf,Moderate,MODERN,5.74821,115.676,1.0
Sabah,Selingan,MMSP001,2023,59.0,Island,mqims 2021-2025.pdf,Moderate,MODERN,6.17535,118.059,1.0
Sabah,Gulisan,MMSP002,2023,59.0,Island,mqims 2021-2025.pdf,Moderate,MODERN,6.14957,118.056,1.0
Sabah,Bakungan Kecil,MMSP003,2023,59.0,Island,mqims 2021-2025.pdf,Moderate,MODERN,6.16391,118.109,1.0
Sabah,Gaya,MMSR001,2023,58.0,Island,mqims 2021-2025.pdf,Moderate,MODERN,6.01346,116.051,1.0
Sabah,Mabul,MMSR002,2023,59.0,Island,mqims 2021-2025.pdf,Moderate,MODERN,4.24877,118.633,1.0
Sabah,Sipadan (N),MMSR003,2023,58.0,Island,mqims 2021-2025.pdf,Moderate,MODERN,4.11766,118.628,1.0
Sabah,Sipadan (W),MMSR004,2023,62.0,Island,mqims 2021-2025.pdf,Moderate,MODERN,4.11417,118.626,1.0
Sabah,Manukan,MMSR005,2023,59.0,Island,mqims 2021-2025.pdf,Moderate,MODERN,5.97335,116.005,1.0
Sabah,Tiga,MMSR006,2023,71.0,Island,mqims 2021-2025.pdf,Moderate,MODERN,5.71661,115.651,1.0
Sabah,Kapalai,MMSR007,2023,63.0,Island,mqims 2021-2025.pdf,Moderate,MODERN,4.22746,118.684,1.0
Sabah,Molleangan Besar,MMSR008,2023,59.0,Island,mqims 2021-2025.pdf,Moderate,MODERN,7.08223,117.044,1.0
Sabah,Banggi (South),MMSR009,2023,59.0,Island,mqims 2021-2025.pdf,Moderate,MODERN,7.11169,117.088,1.0
Sabah,Banggi (East),MMSR010,2023,58.0,Island,mqims 2021-2025.pdf,Moderate,MODERN,7.13697,117.107,1.0
Sabah,Balambangan,MMSR011,2023,59.0,Island,mqims 2021-2025.pdf,Moderate,MODERN,7.23201,116.913,1.0
Sabah,Mantanani Besar,MMSR012,2023,59.0,Island,mqims 2021-2025.pdf,Moderate,MODERN,6.70493,116.358,1.0
W.P. Labuan,Pohon Batu,MMLD001,2023,59.0,Island,mqims 2021-2025.pdf,Moderate,MODERN,5.38053,115.229,1.0
W.P. Labuan,Water Front,MMLD002,2023,59.0,Island,mqims 2021-2025.pdf,Moderate,MODERN,5.27275,115.249,1.0
W.P. Labuan,Lubuk Temiang,MMLD003,2023,58.0,Island,mqims 2021-2025.pdf,Moderate,MODERN,5.37187,115.248,1.0
W.P. Labuan,Ranca-Ranca,MMLD004,2023,59.0,Island,mqims 2021-2025.pdf,Moderate,MODERN,5.24192,115.24,1.0
W.P. Labuan,Kuraman,MMLM001,2023,59.0,Island,mqims 2021-2025.pdf,Moderate,MODERN,5.21875,115.14,1.0
W.P. Labuan,Rusukan Besar,MMLM002,2023,59.0,Island,mqims 2021-2025.pdf,Moderate,MODERN,5.19,115.142,1.0
W.P. Labuan,Rusukan Kecil,MMLM003,2023,59.0,Island,mqims 2021-2025.pdf,Moderate,MODERN,5.20178,115.148,1.0
Sabah,Sapi,MMSM001,2024,69.0,Island,mqims 2021-2025.pdf,Moderate,MODERN,6.00727,116.01,1.0
Sabah,Kalampunian Besar,MMSM002,2024,58.0,Island,mqims 2021-2025.pdf,Moderate,MODERN,5.74821,115.676,1.0
Sabah,Selingan,MMSP001,2024,77.0,Island,mqims 2021-2025.pdf,Moderate,MODERN,6.17535,118.059,1.0
Sabah,Gulisan,MMSP002,2024,59.0,Island,mqims 2021-2025.pdf,Moderate,MODERN,6.14957,118.056,1.0
Sabah,Bakungan Kecil,MMSP003,2024,65.0,Island,mqims 2021-2025.pdf,Moderate,MODERN,6.16391,118.109,1.0
Sabah,Gaya,MMSR001,2024,71.0,Island,mqims 2021-2025.pdf,Moderate,MODERN,6.01346,116.051,1.0
Sabah,Mabul,MMSR002,2024,58.0,Island,mqims 2021-2025.pdf,Moderate,MODERN,4.24877,118.633,1.0
Sabah,Sipadan (N),MMSR003,2024,71.0,Island,mqims 2021-2025.pdf,Moderate,MODERN,4.11766,118.628,1.0
Sabah,Sipadan (W),MMSR004,2024,67.0,Island,mqims 2021-2025.pdf,Moderate,MODERN,4.11417,118.626,1.0
Sabah,Manukan,MMSR005,2024,62.0,Island,mqims 2021-2025.pdf,Moderate,MODERN,5.97335,116.005,1.0
Sabah,Tiga,MMSR006,2024,59.0,Island,mqims 2021-2025.pdf,Moderate,MODERN,5.71661,115.651,1.0
Sabah,Kapalai,MMSR007,2024,58.0,Island,mqims 2021-2025.pdf,Moderate,MODERN,4.22746,118.684,1.0
Sabah,Molleangan Besar,MMSR008,2024,76.0,Island,mqims 2021-2025.pdf,Moderate,MODERN,7.08223,117.044,1.0
Sabah,Banggi (South),MMSR009,2024,60.0,Island,mqims 2021-2025.pdf,Moderate,MODERN,7.11169,117.088,1.0
Sabah,Banggi (East),MMSR010,2024,68.0,Island,mqims 2021-2025.pdf,Moderate,MODERN,7.13697,117.107,1.0
Sabah,Balambangan,MMSR011,2024,73.0,Island,mqims 2021-2025.pdf,Moderate,MODERN,7.23201,116.913,1.0
Sabah,Mantanani Besar,MMSR012,2024,61.0,Island,mqims 2021-2025.pdf,Moderate,MODERN,6.70493,116.358,1.0
W.P. Labuan,Pohon Batu,MMLD001,2024,72.0,Island,mqims 2021-2025.pdf,Moderate,MODERN,5.38053,115.229,1.0
W.P. Labuan,Water Front,MMLD002,2024,58.0,Island,mqims 2021-2025.pdf,Moderate,MODERN,5.27275,115.249,1.0
W.P. Labuan,Lubuk Temiang,MMLD003,2024,74.0,Island,mqims 2021-2025.pdf,Moderate,MODERN,5.37187,115.248,1.0
W.P. Labuan,Ranca-Ranca,MMLD004,2024,75.0,Island,mqims 2021-2025.pdf,Moderate,MODERN,5.24192,115.24,1.0
W.P. Labuan,Kuraman,MMLM001,2024,74.0,Island,mqims 2021-2025.pdf,Moderate,MODERN,5.21875,115.14,1.0
W.P. Labuan,Rusukan Besar,MMLM002,2024,73.0,Island,mqims 2021-2025.pdf,Moderate,MODERN,5.19,115.142,1.0
W.P. Labuan,Rusukan Kecil,MMLM003,2024,71.0,Island,mqims 2021-2025.pdf,Moderate,MODERN,5.20178,115.148,1.0
Sabah,Sapi,MMSM001,2025,86.0,Island,mqims 2021-2025.pdf,Good,MODERN,6.00727,116.01,1.0
Sabah,Kalampunian Besar,MMSM002,2025,87.0,Island,mqims 2021-2025.pdf,Good,MODERN,5.74821,115.676,1.0
Sabah,Selingan,MMSP001,2025,87.0,Island,mqims 2021-2025.pdf,Good,MODERN,6.17535,118.059,1.0
Sabah,Gulisan,MMSP002,2025,77.0,Island,mqims 2021-2025.pdf,Moderate,MODERN,6.14957,118.056,1.0
Sabah,Bakungan Kecil,MMSP003,2025,84.0,Island,mqims 2021-2025.pdf,Good,MODERN,6.16391,118.109,1.0
Sabah,Gaya,MMSR001,2025,85.0,Island,mqims 2021-2025.pdf,Good,MODERN,6.01346,116.051,1.0
Sabah,Mabul,MMSR002,2025,60.0,Island,mqims 2021-2025.pdf,Moderate,MODERN,4.24877,118.633,1.0
Sabah,Sipadan (N),MMSR003,2025,75.0,Island,mqims 2021-2025.pdf,Moderate,MODERN,4.11766,118.628,1.0
Sabah,Sipadan (W),MMSR004,2025,86.0,Island,mqims 2021-2025.pdf,Good,MODERN,4.11417,118.626,1.0
Sabah,Manukan,MMSR005,2025,86.0,Island,mqims 2021-2025.pdf,Good,MODERN,5.97335,116.005,1.0
Sabah,Tiga,MMSR006,2025,89.0,Island,mqims 2021-2025.pdf,Good,MODERN,5.71661,115.651,1.0
Sabah,Kapalai,MMSR007,2025,73.0,Island,mqims 2021-2025.pdf,Moderate,MODERN,4.22746,118.684,1.0
Sabah,Molleangan Besar,MMSR008,2025,73.0,Island,mqims 2021-2025.pdf,Moderate,MODERN,7.08223,117.044,1.0
Sabah,Banggi (South),MMSR009,2025,81.0,Island,mqims 2021-2025.pdf,Good,MODERN,7.11169,117.088,1.0
Sabah,Banggi (East),MMSR010,2025,77.0,Island,mqims 2021-2025.pdf,Moderate,MODERN,7.13697,117.107,1.0
Sabah,Balambangan,MMSR011,2025,85.0,Island,mqims 2021-2025.pdf,Good,MODERN,7.23201,116.913,1.0
Sabah,Mantanani Besar,MMSR012,2025,71.0,Island,mqims 2021-2025.pdf,Moderate,MODERN,6.70493,116.358,1.0
W.P. Labuan,Pohon Batu,MMLD001,2025,79.0,Island,mqims 2021-2025.pdf,Moderate,MODERN,5.38053,115.229,1.0
W.P. Labuan,Water Front,MMLD002,2025,83.0,Island,mqims 2021-2025.pdf,Good,MODERN,5.27275,115.249,1.0
W.P. Labuan,Lubuk Temiang,MMLD003,2025,83.0,Island,mqims 2021-2025.pdf,Good,MODERN,5.37187,115.248,1.0
W.P. Labuan,Ranca-Ranca,MMLD004,2025,78.0,Island,mqims 2021-2025.pdf,Moderate,MODERN,5.24192,115.24,1.0
W.P. Labuan,Kuraman,MMLM001,2025,87.0,Island,mqims 2021-2025.pdf,Good,MODERN,5.21875,115.14,1.0
W.P. Labuan,Rusukan Besar,MMLM002,2025,69.0,Island,mqims 2021-2025.pdf,Moderate,MODERN,5.19,115.142,1.0
W.P. Labuan,Rusukan Kecil,MMLM003,2025,65.0,Island,mqims 2021-2025.pdf,Moderate,MODERN,5.20178,115.148,1.0
