{
"type": "FeatureCollection",
"name": "station_dashboard_summary",
"crs": { "type": "name", "properties": { "name": "urn:ogc:def:crs:OGC:1.3:CRS84" } },
"features": [
{ "type": "Feature", "properties": { "STATION_ID": "MMKC001", "STATION_ID_TYPE": "MODERN", "STATE_NAME": "Kedah", "STATION_LOCATION": "Pantai Merdeka", "CATEGORY": "Coastal", "STATION_STATUS": 1.0, "LATITUDE": 5.66976, "LONGITUDE": 100.369, "STATE_NAME_MWQI": "Kedah", "STATION_LOCATION_MWQI": "Pantai Merdeka", "CATEGORY_MWQI": "Coastal", "LATEST_MWQI": 88.0, "LATEST_CLASS": "Good", "MWQI_2021": 85.0, "MWQI_2022": 88.0, "MWQI_2023": 91.0, "MWQI_2024": 92.0, "MWQI_2025": 88.0, "CHANGE_1Y": -4.0, "CHANGE_5Y": 3.0, "MEAN_5Y": 88.8, "MIN_5Y": 85.0, "TREND_SLOPE_5Y": 0.99999999999987355, "TREND_DIRECTION": "Improving", "CURRENT_POOR": false, "CURRENT_MODERATE": false, "DECLINING_5Y": false, "DROP_5_PLUS": false, "DROP_10_PLUS": false }, "geometry": { "type": "Point", "coordinates": [ 100.369, 5.66976 ] } },
{ "type": "Feature", "properties": { "STATION_ID": "MMKC002", "STATION_ID_TYPE": "MODERN", "STATE_NAME": "Kedah", "STATION_LOCATION": "Langkawi Island Resort", "CATEGORY": "Coastal", "STATION_STATUS": 1.0, "LATITUDE": 6.29669, "LONGITUDE": 99.861, "STATE_NAME_MWQI": "Kedah", "STATION_LOCATION_MWQI": "Langkawi Island Resort", "CATEGORY_MWQI": "Coastal", "LATEST_MWQI": 96.0, "LATEST_CLASS": "Excellent", "MWQI_2021": 94.0, "MWQI_2022": 94.0, "MWQI_2023": 96.0, "MWQI_2024": 95.0, "MWQI_2025": 96.0, "CHANGE_1Y": 1.0, "CHANGE_5Y": 2.0, "MEAN_5Y": 95.0, "MIN_5Y": 94.0, "TREND_SLOPE_5Y": 0.49999999999995032, "TREND_DIRECTION": "Stable", "CURRENT_POOR": false, "CURRENT_MODERATE": false, "DECLINING_5Y": false, "DROP_5_PLUS": false, "DROP_10_PLUS": false }, "geometry": { "type": "Point", "coordinates": [ 99.861, 6.29669 ] } },
{ "type": "Feature", "properties": { "STATION_ID": "MMKC003", "STATION_ID_TYPE": "MODERN", "STATE_NAME": "Kedah", "STATION_LOCATION": "Pantai Kok", "CATEGORY": "Coastal", "STATION_STATUS": 1.0, "LATITUDE": 6.36607, "LONGITUDE": 99.6791, "STATE_NAME_MWQI": "Kedah", "STATION_LOCATION_MWQI": "Pantai Kok", "CATEGORY_MWQI": "Coastal", "LATEST_MWQI": 96.0, "LATEST_CLASS": "Excellent", "MWQI_2021": 90.0, "MWQI_2022": 83.0, "MWQI_2023": 95.0, "MWQI_2024": 96.0, "MWQI_2025": 96.0, "CHANGE_1Y": 0.0, "CHANGE_5Y": 6.0, "MEAN_5Y": 92.0, "MIN_5Y": 83.0, "TREND_SLOPE_5Y": 2.4999999999993672, "TREND_DIRECTION": "Improving", "CURRENT_POOR": false, "CURRENT_MODERATE": false, "DECLINING_5Y": false, "DROP_5_PLUS": false, "DROP_10_PLUS": false }, "geometry": { "type": "Point", "coordinates": [ 99.6791, 6.36607 ] } },
{ "type": "Feature", "properties": { "STATION_ID": "MMKC004", "STATION_ID_TYPE": "MODERN", "STATE_NAME": "Kedah", "STATION_LOCATION": "Pantai Kuah", "CATEGORY": "Coastal", "STATION_STATUS": 1.0, "LATITUDE": 6.313553, "LONGITUDE": 99.851419, "STATE_NAME_MWQI": "Kedah", "STATION_LOCATION_MWQI": "Pantai Kuah", "CATEGORY_MWQI": "Coastal", "LATEST_MWQI": 91.0, "LATEST_CLASS": "Excellent", "MWQI_2021": 88.0, "MWQI_2022": 90.0, "MWQI_2023": 91.0, "MWQI_2024": 95.0, "MWQI_2025": 91.0, "CHANGE_1Y": -4.0, "CHANGE_5Y": 3.0, "MEAN_5Y": 91.0, "MIN_5Y": 88.0, "TREND_SLOPE_5Y": 1.0999999999997785, "TREND_DIRECTION": "Improving", "CURRENT_POOR": false, "CURRENT_MODERATE": false, "DECLINING_5Y": false, "DROP_5_PLUS": false, "DROP_10_PLUS": false }, "geometry": { "type": "Point", "coordinates": [ 99.851419, 6.313553 ] } },
{ "type": "Feature", "properties": { "STATION_ID": "MMKC005", "STATION_ID_TYPE": "MODERN", "STATE_NAME": "Kedah", "STATION_LOCATION": "Pantai Pasir Tengkorak", "CATEGORY": "Coastal", "STATION_STATUS": 1.0, "LATITUDE": 6.43123, "LONGITUDE": 99.7261, "STATE_NAME_MWQI": "Kedah", "STATION_LOCATION_MWQI": "Pantai Pasir Tengkorak", "CATEGORY_MWQI": "Coastal", "LATEST_MWQI": 95.0, "LATEST_CLASS": "Excellent", "MWQI_2021": 96.0, "MWQI_2022": 93.0, "MWQI_2023": 93.0, "MWQI_2024": 95.0, "MWQI_2025": 95.0, "CHANGE_1Y": 0.0, "CHANGE_5Y": -1.0, "MEAN_5Y": 94.4, "MIN_5Y": 93.0, "TREND_SLOPE_5Y": -1.1699812587723777e-13, "TREND_DIRECTION": "Stable", "CURRENT_POOR": false, "CURRENT_MODERATE": false, "DECLINING_5Y": false, "DROP_5_PLUS": false, "DROP_10_PLUS": false }, "geometry": { "type": "Point", "coordinates": [ 99.7261, 6.43123 ] } },
{ "type": "Feature", "properties": { "STATION_ID": "MMKC006", "STATION_ID_TYPE": "MODERN", "STATE_NAME": "Kedah", "STATION_LOCATION": "Pantai Teluk Burau", "CATEGORY": "Coastal", "STATION_STATUS": 1.0, "LATITUDE": 6.36391, "LONGITUDE": 99.6685, "STATE_NAME_MWQI": "Kedah", "STATION_LOCATION_MWQI": "Pantai Teluk Burau", "CATEGORY_MWQI": "Coastal", "LATEST_MWQI": 96.0, "LATEST_CLASS": "Excellent", "MWQI_2021": 94.0, "MWQI_2022": 86.0, "MWQI_2023": 96.0, "MWQI_2024": 94.0, "MWQI_2025": 96.0, "CHANGE_1Y": 2.0, "CHANGE_5Y": 2.0, "MEAN_5Y": 93.2, "MIN_5Y": 86.0, "TREND_SLOPE_5Y": 1.1999999999996196, "TREND_DIRECTION": "Improving", "CURRENT_POOR": false, "CURRENT_MODERATE": false, "DECLINING_5Y": false, "DROP_5_PLUS": false, "DROP_10_PLUS": false }, "geometry": { "type": "Point", "coordinates": [ 99.6685, 6.36391 ] } },
{ "type": "Feature", "properties": { "STATION_ID": "MMKC007", "STATION_ID_TYPE": "MODERN", "STATE_NAME": "Kedah", "STATION_LOCATION": "Pantai Teluk Nibong", "CATEGORY": "Coastal", "STATION_STATUS": 1.0, "LATITUDE": 6.36022, "LONGITUDE": 99.7022, "STATE_NAME_MWQI": "Kedah", "STATION_LOCATION_MWQI": "Pantai Teluk Nibong", "CATEGORY_MWQI": "Coastal", "LATEST_MWQI": 96.0, "LATEST_CLASS": "Excellent", "MWQI_2021": 86.0, "MWQI_2022": 92.0, "MWQI_2023": 95.0, "MWQI_2024": 96.0, "MWQI_2025": 96.0, "CHANGE_1Y": 0.0, "CHANGE_5Y": 10.0, "MEAN_5Y": 93.0, "MIN_5Y": 86.0, "TREND_SLOPE_5Y": 2.3999999999997783, "TREND_DIRECTION": "Improving", "CURRENT_POOR": false, "CURRENT_MODERATE": false, "DECLINING_5Y": false, "DROP_5_PLUS": false, "DROP_10_PLUS": false }, "geometry": { "type": "Point", "coordinates": [ 99.7022, 6.36022 ] } },
{ "type": "Feature", "properties": { "STATION_ID": "MMKC008", "STATION_ID_TYPE": "MODERN", "STATE_NAME": "Kedah", "STATION_LOCATION": "Pantai Tengah", "CATEGORY": "Coastal", "STATION_STATUS": 1.0, "LATITUDE": 6.27975, "LONGITUDE": 99.7275, "STATE_NAME_MWQI": "Kedah", "STATION_LOCATION_MWQI": "Pantai Tengah", "CATEGORY_MWQI": "Coastal", "LATEST_MWQI": 95.0, "LATEST_CLASS": "Excellent", "MWQI_2021": 92.0, "MWQI_2022": 92.0, "MWQI_2023": 94.0, "MWQI_2024": 96.0, "MWQI_2025": 95.0, "CHANGE_1Y": -1.0, "CHANGE_5Y": 3.0, "MEAN_5Y": 93.8, "MIN_5Y": 92.0, "TREND_SLOPE_5Y": 0.99999999999979694, "TREND_DIRECTION": "Improving", "CURRENT_POOR": false, "CURRENT_MODERATE": false, "DECLINING_5Y": false, "DROP_5_PLUS": false, "DROP_10_PLUS": false }, "geometry": { "type": "Point", "coordinates": [ 99.7275, 6.27975 ] } },
{ "type": "Feature", "properties": { "STATION_ID": "MMPC001", "STATION_ID_TYPE": "MODERN", "STATE_NAME": "Pulau Pinang", "STATION_LOCATION": "Gertak Sanggul", "CATEGORY": "Coastal", "STATION_STATUS": 1.0, "LATITUDE": 5.27732, "LONGITUDE": 100.194, "STATE_NAME_MWQI": "P. Pinang", "STATION_LOCATION_MWQI": "Gertak Sanggul", "CATEGORY_MWQI": "Coastal", "LATEST_MWQI": 88.0, "LATEST_CLASS": "Good", "MWQI_2021": 81.0, "MWQI_2022": 83.0, "MWQI_2023": 94.0, "MWQI_2024": 91.0, "MWQI_2025": 88.0, "CHANGE_1Y": -3.0, "CHANGE_5Y": 7.0, "MEAN_5Y": 87.4, "MIN_5Y": 81.0, "TREND_SLOPE_5Y": 2.199999999999716, "TREND_DIRECTION": "Improving", "CURRENT_POOR": false, "CURRENT_MODERATE": false, "DECLINING_5Y": false, "DROP_5_PLUS": false, "DROP_10_PLUS": false }, "geometry": { "type": "Point", "coordinates": [ 100.194, 5.27732 ] } },
{ "type": "Feature", "properties": { "STATION_ID": "MMPC002", "STATION_ID_TYPE": "MODERN", "STATE_NAME": "Pulau Pinang", "STATION_LOCATION": "Kawasan Perindustrian Bayan Lepas I", "CATEGORY": "Coastal", "STATION_STATUS": 1.0, "LATITUDE": 5.30951, "LONGITUDE": 100.301, "STATE_NAME_MWQI": "P. Pinang", "STATION_LOCATION_MWQI": "Kawasan Perindustrian Bayan Lepas 1", "CATEGORY_MWQI": "Coastal", "LATEST_MWQI": 84.0, "LATEST_CLASS": "Good", "MWQI_2021": 72.0, "MWQI_2022": 60.0, "MWQI_2023": 79.0, "MWQI_2024": 67.0, "MWQI_2025": 84.0, "CHANGE_1Y": 17.0, "CHANGE_5Y": 12.0, "MEAN_5Y": 72.4, "MIN_5Y": 60.0, "TREND_SLOPE_5Y": 3.0999999999994952, "TREND_DIRECTION": "Improving", "CURRENT_POOR": false, "CURRENT_MODERATE": false, "DECLINING_5Y": false, "DROP_5_PLUS": false, "DROP_10_PLUS": false }, "geometry": { "type": "Point", "coordinates": [ 100.301, 5.30951 ] } },
{ "type": "Feature", "properties": { "STATION_ID": "MMPC003", "STATION_ID_TYPE": "MODERN", "STATE_NAME": "Pulau Pinang", "STATION_LOCATION": "Pantai Bersih", "CATEGORY": "Coastal", "STATION_STATUS": 1.0, "LATITUDE": 5.44167, "LONGITUDE": 100.378, "STATE_NAME_MWQI": "P. Pinang", "STATION_LOCATION_MWQI": "Pantai Bersih", "CATEGORY_MWQI": "Coastal", "LATEST_MWQI": 81.0, "LATEST_CLASS": "Good", "MWQI_2021": 75.0, "MWQI_2022": 86.0, "MWQI_2023": 73.0, "MWQI_2024": 84.0, "MWQI_2025": 81.0, "CHANGE_1Y": -3.0, "CHANGE_5Y": 6.0, "MEAN_5Y": 79.8, "MIN_5Y": 73.0, "TREND_SLOPE_5Y": 0.99999999999997302, "TREND_DIRECTION": "Improving", "CURRENT_POOR": false, "CURRENT_MODERATE": false, "DECLINING_5Y": false, "DROP_5_PLUS": false, "DROP_10_PLUS": false }, "geometry": { "type": "Point", "coordinates": [ 100.378, 5.44167 ] } },
{ "type": "Feature", "properties": { "STATION_ID": "MMPC004", "STATION_ID_TYPE": "MODERN", "STATE_NAME": "Pulau Pinang", "STATION_LOCATION": "Pantai Miami", "CATEGORY": "Coastal", "STATION_STATUS": 1.0, "LATITUDE": 5.47923, "LONGITUDE": 100.268, "STATE_NAME_MWQI": "P. Pinang", "STATION_LOCATION_MWQI": "Pantai Miami", "CATEGORY_MWQI": "Coastal", "LATEST_MWQI": 90.0, "LATEST_CLASS": "Excellent", "MWQI_2021": 70.0, "MWQI_2022": 86.0, "MWQI_2023": 90.0, "MWQI_2024": 88.0, "MWQI_2025": 90.0, "CHANGE_1Y": 2.0, "CHANGE_5Y": 20.0, "MEAN_5Y": 84.8, "MIN_5Y": 70.0, "TREND_SLOPE_5Y": 4.1999999999998447, "TREND_DIRECTION": "Improving", "CURRENT_POOR": false, "CURRENT_MODERATE": false, "DECLINING_5Y": false, "DROP_5_PLUS": false, "DROP_10_PLUS": false }, "geometry": { "type": "Point", "coordinates": [ 100.268, 5.47923 ] } },
{ "type": "Feature", "properties": { "STATION_ID": "MMPC005", "STATION_ID_TYPE": "MODERN", "STATE_NAME": "Pulau Pinang", "STATION_LOCATION": "Pantai Pasir Panjang", "CATEGORY": "Coastal", "STATION_STATUS": 1.0, "LATITUDE": 5.29722, "LONGITUDE": 100.183, "STATE_NAME_MWQI": "P. Pinang", "STATION_LOCATION_MWQI": "Pantai Pasir Panjang", "CATEGORY_MWQI": "Coastal", "LATEST_MWQI": 88.0, "LATEST_CLASS": "Good", "MWQI_2021": 93.0, "MWQI_2022": 95.0, "MWQI_2023": 93.0, "MWQI_2024": 93.0, "MWQI_2025": 88.0, "CHANGE_1Y": -5.0, "CHANGE_5Y": -5.0, "MEAN_5Y": 92.4, "MIN_5Y": 88.0, "TREND_SLOPE_5Y": -1.1999999999997917, "TREND_DIRECTION": "Declining", "CURRENT_POOR": false, "CURRENT_MODERATE": false, "DECLINING_5Y": true, "DROP_5_PLUS": true, "DROP_10_PLUS": false }, "geometry": { "type": "Point", "coordinates": [ 100.183, 5.29722 ] } },
{ "type": "Feature", "properties": { "STATION_ID": "MMPC006", "STATION_ID_TYPE": "MODERN", "STATE_NAME": "Pulau Pinang", "STATION_LOCATION": "Batu Feringgi (Casuarina)", "CATEGORY": "Coastal", "STATION_STATUS": 1.0, "LATITUDE": 5.46944, "LONGITUDE": 100.242, "STATE_NAME_MWQI": "P. Pinang", "STATION_LOCATION_MWQI": "Batu Feringgi (Casuarina)", "CATEGORY_MWQI": "Coastal", "LATEST_MWQI": 86.0, "LATEST_CLASS": "Good", "MWQI_2021": 83.0, "MWQI_2022": 82.0, "MWQI_2023": 93.0, "MWQI_2024": 85.0, "MWQI_2025": 86.0, "CHANGE_1Y": 1.0, "CHANGE_5Y": 3.0, "MEAN_5Y": 85.8, "MIN_5Y": 82.0, "TREND_SLOPE_5Y": 0.89999999999995173, "TREND_DIRECTION": "Improving", "CURRENT_POOR": false, "CURRENT_MODERATE": false, "DECLINING_5Y": false, "DROP_5_PLUS": false, "DROP_10_PLUS": false }, "geometry": { "type": "Point", "coordinates": [ 100.242, 5.46944 ] } },
{ "type": "Feature", "properties": { "STATION_ID": "MMPC007", "STATION_ID_TYPE": "MODERN", "STATE_NAME": "Pulau Pinang", "STATION_LOCATION": "Luar Pantai Teluk Bahang", "CATEGORY": "Coastal", "STATION_STATUS": 1.0, "LATITUDE": 5.462, "LONGITUDE": 100.213, "STATE_NAME_MWQI": "P. Pinang", "STATION_LOCATION_MWQI": "Luar Pantai Teluk Bahang", "CATEGORY_MWQI": "Coastal", "LATEST_MWQI": 94.0, "LATEST_CLASS": "Excellent", "MWQI_2021": 81.0, "MWQI_2022": 88.0, "MWQI_2023": 94.0, "MWQI_2024": 91.0, "MWQI_2025": 94.0, "CHANGE_1Y": 3.0, "CHANGE_5Y": 13.0, "MEAN_5Y": 89.6, "MIN_5Y": 81.0, "TREND_SLOPE_5Y": 2.8999999999998134, "TREND_DIRECTION": "Improving", "CURRENT_POOR": false, "CURRENT_MODERATE": false, "DECLINING_5Y": false, "DROP_5_PLUS": false, "DROP_10_PLUS": false }, "geometry": { "type": "Point", "coordinates": [ 100.213, 5.462 ] } },
{ "type": "Feature", "properties": { "STATION_ID": "MMPC008", "STATION_ID_TYPE": "MODERN", "STATE_NAME": "Pulau Pinang", "STATION_LOCATION": "Persiaran Gurney", "CATEGORY": "Coastal", "STATION_STATUS": 1.0, "LATITUDE": 5.4373, "LONGITUDE": 100.313, "STATE_NAME_MWQI": "P. Pinang", "STATION_LOCATION_MWQI": "Persiaran Gurney", "CATEGORY_MWQI": "Coastal", "LATEST_MWQI": 71.0, "LATEST_CLASS": "Moderate", "MWQI_2021": 60.0, "MWQI_2022": 79.0, "MWQI_2023": 73.0, "MWQI_2024": 84.0, "MWQI_2025": 71.0, "CHANGE_1Y": -13.0, "CHANGE_5Y": 11.0, "MEAN_5Y": 73.4, "MIN_5Y": 60.0, "TREND_SLOPE_5Y": 2.6999999999998305, "TREND_DIRECTION": "Improving", "CURRENT_POOR": false, "CURRENT_MODERATE": true, "DECLINING_5Y": false, "DROP_5_PLUS": false, "DROP_10_PLUS": false }, "geometry": { "type": "Point", "coordinates": [ 100.313, 5.4373 ] } },
{ "type": "Feature", "properties": { "STATION_ID": "MMPC009", "STATION_ID_TYPE": "MODERN", "STATE_NAME": "Pulau Pinang", "STATION_LOCATION": "Rumah Pam Baru Perai", "CATEGORY": "Coastal", "STATION_STATUS": 1.0, "LATITUDE": 5.35417, "LONGITUDE": 100.387, "STATE_NAME_MWQI": "P. Pinang", "STATION_LOCATION_MWQI": "Rumah Pam Baru Perai", "CATEGORY_MWQI": "Coastal", "LATEST_MWQI": 81.0, "LATEST_CLASS": "Good", "MWQI_2021": 68.0, "MWQI_2022": 76.0, "MWQI_2023": 88.0, "MWQI_2024": 83.0, "MWQI_2025": 81.0, "CHANGE_1Y": -2.0, "CHANGE_5Y": 13.0, "MEAN_5Y": 79.2, "MIN_5Y": 68.0, "TREND_SLOPE_5Y": 3.2999999999997542, "TREND_DIRECTION": "Improving", "CURRENT_POOR": false, "CURRENT_MODERATE": false, "DECLINING_5Y": false, "DROP_5_PLUS": false, "DROP_10_PLUS": false }, "geometry": { "type": "Point", "coordinates": [ 100.387, 5.35417 ] } },
{ "type": "Feature", "properties": { "STATION_ID": "MMPC010", "STATION_ID_TYPE": "MODERN", "STATE_NAME": "Pulau Pinang", "STATION_LOCATION": "Rumah Pam Lama Perai", "CATEGORY": "Coastal", "STATION_STATUS": 1.0, "LATITUDE": 5.33445, "LONGITUDE": 100.31, "STATE_NAME_MWQI": "P. Pinang", "STATION_LOCATION_MWQI": "Rumah Pam Lama Perai", "CATEGORY_MWQI": "Coastal", "LATEST_MWQI": 69.0, "LATEST_CLASS": "Moderate", "MWQI_2021": 65.0, "MWQI_2022": 59.0, "MWQI_2023": 67.0, "MWQI_2024": 72.0, "MWQI_2025": 69.0, "CHANGE_1Y": -3.0, "CHANGE_5Y": 4.0, "MEAN_5Y": 66.4, "MIN_5Y": 59.0, "TREND_SLOPE_5Y": 2.099999999999377, "TREND_DIRECTION": "Improving", "CURRENT_POOR": false, "CURRENT_MODERATE": true, "DECLINING_5Y": false, "DROP_5_PLUS": false, "DROP_10_PLUS": false }, "geometry": { "type": "Point", "coordinates": [ 100.31, 5.33445 ] } },
{ "type": "Feature", "properties": { "STATION_ID": "MMPC011", "STATION_ID_TYPE": "MODERN", "STATE_NAME": "Pulau Pinang", "STATION_LOCATION": "Selat PP Selatan (Jelutong)", "CATEGORY": "Coastal", "STATION_STATUS": 1.0, "LATITUDE": 5.39108, "LONGITUDE": 100.329, "STATE_NAME_MWQI": "P. Pinang", "STATION_LOCATION_MWQI": "Selat PP Selatan (Jelutong)", "CATEGORY_MWQI": "Coastal", "LATEST_MWQI": 57.0, "LATEST_CLASS": "Moderate", "MWQI_2021": 59.0, "MWQI_2022": 59.0, "MWQI_2023": 59.0, "MWQI_2024": 57.0, "MWQI_2025": 57.0, "CHANGE_1Y": 0.0, "CHANGE_5Y": -2.0, "MEAN_5Y": 58.2, "MIN_5Y": 57.0, "TREND_SLOPE_5Y": -0.59999999999987152, "TREND_DIRECTION": "Declining", "CURRENT_POOR": false, "CURRENT_MODERATE": true, "DECLINING_5Y": true, "DROP_5_PLUS": false, "DROP_10_PLUS": false }, "geometry": { "type": "Point", "coordinates": [ 100.329, 5.39108 ] } },
{ "type": "Feature", "properties": { "STATION_ID": "MMPC012", "STATION_ID_TYPE": "MODERN", "STATE_NAME": "Pulau Pinang", "STATION_LOCATION": "Tanjung Bungah", "CATEGORY": "Coastal", "STATION_STATUS": 1.0, "LATITUDE": 5.46742, "LONGITUDE": 100.281, "STATE_NAME_MWQI": "P. Pinang", "STATION_LOCATION_MWQI": "Tanjung Bungah", "CATEGORY_MWQI": "Coastal", "LATEST_MWQI": 89.0, "LATEST_CLASS": "Good", "MWQI_2021": 67.0, "MWQI_2022": 72.0, "MWQI_2023": 90.0, "MWQI_2024": 80.0, "MWQI_2025": 89.0, "CHANGE_1Y": 9.0, "CHANGE_5Y": 22.0, "MEAN_5Y": 79.6, "MIN_5Y": 67.0, "TREND_SLOPE_5Y": 5.1999999999995472, "TREND_DIRECTION": "Improving", "CURRENT_POOR": false, "CURRENT_MODERATE": false, "DECLINING_5Y": false, "DROP_5_PLUS": false, "DROP_10_PLUS": false }, "geometry": { "type": "Point", "coordinates": [ 100.281, 5.46742 ] } },
{ "type": "Feature", "properties": { "STATION_ID": "MMPC013", "STATION_ID_TYPE": "MODERN", "STATE_NAME": "Pulau Pinang", "STATION_LOCATION": "Teluk Tempoyak", "CATEGORY": "Coastal", "STATION_STATUS": 1.0, "LATITUDE": 5.46856, "LONGITUDE": 100.294, "STATE_NAME_MWQI": "P. Pinang", "STATION_LOCATION_MWQI": "Tanjung Bungah 2", "CATEGORY_MWQI": "Coastal", "LATEST_MWQI": 76.0, "LATEST_CLASS": "Moderate", "MWQI_2021": 70.0, "MWQI_2022": 63.0, "MWQI_2023": 69.0, "MWQI_2024": 87.0, "MWQI_2025": 76.0, "CHANGE_1Y": -11.0, "CHANGE_5Y": 6.0, "MEAN_5Y": 73.0, "MIN_5Y": 63.0, "TREND_SLOPE_5Y": 3.5999999999988308, "TREND_DIRECTION": "Improving", "CURRENT_POOR": false, "CURRENT_MODERATE": true, "DECLINING_5Y": false, "DROP_5_PLUS": false, "DROP_10_PLUS": false }, "geometry": { "type": "Point", "coordinates": [ 100.294, 5.46856 ] } },
{ "type": "Feature", "properties": { "STATION_ID": "MMPC014", "STATION_ID_TYPE": "MODERN", "STATE_NAME": "Pulau Pinang", "STATION_LOCATION": "Batu Maung", "CATEGORY": "Coastal", "STATION_STATUS": 1.0, "LATITUDE": 5.287831, "LONGITUDE": 100.292314, "STATE_NAME_MWQI": "P. Pinang", "STATION_LOCATION_MWQI": "Batu Maung 2", "CATEGORY_MWQI": "Coastal", "LATEST_MWQI": 57.0, "LATEST_CLASS": "Moderate", "MWQI_2021": 69.0, "MWQI_2022": 58.0, "MWQI_2023": 72.0, "MWQI_2024": 71.0, "MWQI_2025": 57.0, "CHANGE_1Y": -14.0, "CHANGE_5Y": -12.0, "MEAN_5Y": 65.4, "MIN_5Y": 57.0, "TREND_SLOPE_5Y": -1.1000000000002759, "TREND_DIRECTION": "Declining", "CURRENT_POOR": false, "CURRENT_MODERATE": true, "DECLINING_5Y": true, "DROP_5_PLUS": true, "DROP_10_PLUS": true }, "geometry": { "type": "Point", "coordinates": [ 100.292314, 5.287831 ] } },
{ "type": "Feature", "properties": { "STATION_ID": "MMAC001", "STATION_ID_TYPE": "MODERN", "STATE_NAME": "Perak", "STATION_LOCATION": "Pantai Pasir Bogak", "CATEGORY": "Coastal", "STATION_STATUS": 1.0, "LATITUDE": 4.21176, "LONGITUDE": 100.551, "STATE_NAME_MWQI": "Perak", "STATION_LOCATION_MWQI": "Pantai Pasir Bogak", "CATEGORY_MWQI": "Coastal", "LATEST_MWQI": 95.0, "LATEST_CLASS": "Excellent", "MWQI_2021": 95.0, "MWQI_2022": 94.0, "MWQI_2023": 92.0, "MWQI_2024": 95.0, "MWQI_2025": 95.0, "CHANGE_1Y": 0.0, "CHANGE_5Y": 0.0, "MEAN_5Y": 94.2, "MIN_5Y": 92.0, "TREND_SLOPE_5Y": 0.099999999999920333, "TREND_DIRECTION": "Stable", "CURRENT_POOR": false, "CURRENT_MODERATE": false, "DECLINING_5Y": false, "DROP_5_PLUS": false, "DROP_10_PLUS": false }, "geometry": { "type": "Point", "coordinates": [ 100.551, 4.21176 ] } },
{ "type": "Feature", "properties": { "STATION_ID": "MMAC002", "STATION_ID_TYPE": "MODERN", "STATE_NAME": "Perak", "STATION_LOCATION": "Pantai Teluk Dalam", "CATEGORY": "Coastal", "STATION_STATUS": 1.0, "LATITUDE": 4.25, "LONGITUDE": 100.556, "STATE_NAME_MWQI": "Perak", "STATION_LOCATION_MWQI": "Pantai Teluk Dalam", "CATEGORY_MWQI": "Coastal", "LATEST_MWQI": 91.0, "LATEST_CLASS": "Excellent", "MWQI_2021": 94.0, "MWQI_2022": 92.0, "MWQI_2023": 93.0, "MWQI_2024": 95.0, "MWQI_2025": 91.0, "CHANGE_1Y": -4.0, "CHANGE_5Y": -3.0, "MEAN_5Y": 93.0, "MIN_5Y": 91.0, "TREND_SLOPE_5Y": -0.30000000000007776, "TREND_DIRECTION": "Stable", "CURRENT_POOR": false, "CURRENT_MODERATE": false, "DECLINING_5Y": false, "DROP_5_PLUS": false, "DROP_10_PLUS": false }, "geometry": { "type": "Point", "coordinates": [ 100.556, 4.25 ] } },
{ "type": "Feature", "properties": { "STATION_ID": "MMAC003", "STATION_ID_TYPE": "MODERN", "STATE_NAME": "Perak", "STATION_LOCATION": "Pantai Teluk Batik", "CATEGORY": "Coastal", "STATION_STATUS": 1.0, "LATITUDE": 4.18732, "LONGITUDE": 100.606, "STATE_NAME_MWQI": "Perak", "STATION_LOCATION_MWQI": "Pantai Teluk Batik", "CATEGORY_MWQI": "Coastal", "LATEST_MWQI": 95.0, "LATEST_CLASS": "Excellent", "MWQI_2021": 78.0, "MWQI_2022": 89.0, "MWQI_2023": 92.0, "MWQI_2024": 95.0, "MWQI_2025": 95.0, "CHANGE_1Y": 0.0, "CHANGE_5Y": 17.0, "MEAN_5Y": 89.8, "MIN_5Y": 78.0, "TREND_SLOPE_5Y": 3.999999999999631, "TREND_DIRECTION": "Improving", "CURRENT_POOR": false, "CURRENT_MODERATE": false, "DECLINING_5Y": false, "DROP_5_PLUS": false, "DROP_10_PLUS": false }, "geometry": { "type": "Point", "coordinates": [ 100.606, 4.18732 ] } },
{ "type": "Feature", "properties": { "STATION_ID": "MMAC004", "STATION_ID_TYPE": "MODERN", "STATE_NAME": "Perak", "STATION_LOCATION": "Pantai Tanjung Batu", "CATEGORY": "Coastal", "STATION_STATUS": 1.0, "LATITUDE": 4.42659, "LONGITUDE": 100.595, "STATE_NAME_MWQI": "Perak", "STATION_LOCATION_MWQI": "Pantai Tanjung Batu", "CATEGORY_MWQI": "Coastal", "LATEST_MWQI": 92.0, "LATEST_CLASS": "Excellent", "MWQI_2021": 93.0, "MWQI_2022": 94.0, "MWQI_2023": 93.0, "MWQI_2024": 96.0, "MWQI_2025": 92.0, "CHANGE_1Y": -4.0, "CHANGE_5Y": -1.0, "MEAN_5Y": 93.6, "MIN_5Y": 92.0, "TREND_SLOPE_5Y": -5.0020831193920274e-14, "TREND_DIRECTION": "Stable", "CURRENT_POOR": false, "CURRENT_MODERATE": false, "DECLINING_5Y": false, "DROP_5_PLUS": false, "DROP_10_PLUS": false }, "geometry": { "type": "Point", "coordinates": [ 100.595, 4.42659 ] } },
{ "type": "Feature", "properties": { "STATION_ID": "MMAC008", "STATION_ID_TYPE": "MODERN", "STATE_NAME": "Perak", "STATION_LOCATION": "Pantai Pasir Panjang", "CATEGORY": "Coastal", "STATION_STATUS": 1.0, "LATITUDE": 4.34797, "LONGITUDE": 100.568, "STATE_NAME_MWQI": "Perak", "STATION_LOCATION_MWQI": "Pantai Pasir Panjang", "CATEGORY_MWQI": "Coastal", "LATEST_MWQI": 96.0, "LATEST_CLASS": "Excellent", "MWQI_2021": 91.0, "MWQI_2022": 95.0, "MWQI_2023": 94.0, "MWQI_2024": 95.0, "MWQI_2025": 96.0, "CHANGE_1Y": 1.0, "CHANGE_5Y": 5.0, "MEAN_5Y": 94.2, "MIN_5Y": 91.0, "TREND_SLOPE_5Y": 0.99999999999995637, "TREND_DIRECTION": "Improving", "CURRENT_POOR": false, "CURRENT_MODERATE": false, "DECLINING_5Y": false, "DROP_5_PLUS": false, "DROP_10_PLUS": false }, "geometry": { "type": "Point", "coordinates": [ 100.568, 4.34797 ] } },
{ "type": "Feature", "properties": { "STATION_ID": "MMBC001", "STATION_ID_TYPE": "MODERN", "STATE_NAME": "Selangor", "STATION_LOCATION": "Pantai Bagan Lalang", "CATEGORY": "Coastal", "STATION_STATUS": 1.0, "LATITUDE": 2.6054, "LONGITUDE": 101.687, "STATE_NAME_MWQI": "Selangor", "STATION_LOCATION_MWQI": "Pantai Bagan Lalang", "CATEGORY_MWQI": "Coastal", "LATEST_MWQI": 91.0, "LATEST_CLASS": "Excellent", "MWQI_2021": 84.0, "MWQI_2022": 84.0, "MWQI_2023": 89.0, "MWQI_2024": 86.0, "MWQI_2025": 91.0, "CHANGE_1Y": 5.0, "CHANGE_5Y": 7.0, "MEAN_5Y": 86.8, "MIN_5Y": 84.0, "TREND_SLOPE_5Y": 1.5999999999998371, "TREND_DIRECTION": "Improving", "CURRENT_POOR": false, "CURRENT_MODERATE": false, "DECLINING_5Y": false, "DROP_5_PLUS": false, "DROP_10_PLUS": false }, "geometry": { "type": "Point", "coordinates": [ 101.687, 2.6054 ] } },
{ "type": "Feature", "properties": { "STATION_ID": "MMBC002", "STATION_ID_TYPE": "MODERN", "STATE_NAME": "Selangor", "STATION_LOCATION": "Pantai Morib", "CATEGORY": "Coastal", "STATION_STATUS": 1.0, "LATITUDE": 2.75, "LONGITUDE": 101.439, "STATE_NAME_MWQI": "Selangor", "STATION_LOCATION_MWQI": "Pantai Morib", "CATEGORY_MWQI": "Coastal", "LATEST_MWQI": 72.0, "LATEST_CLASS": "Moderate", "MWQI_2021": 68.0, "MWQI_2022": 84.0, "MWQI_2023": 88.0, "MWQI_2024": 85.0, "MWQI_2025": 72.0, "CHANGE_1Y": -13.0, "CHANGE_5Y": 4.0, "MEAN_5Y": 79.4, "MIN_5Y": 68.0, "TREND_SLOPE_5Y": 0.90000000000024349, "TREND_DIRECTION": "Improving", "CURRENT_POOR": false, "CURRENT_MODERATE": true, "DECLINING_5Y": false, "DROP_5_PLUS": false, "DROP_10_PLUS": false }, "geometry": { "type": "Point", "coordinates": [ 101.439, 2.75 ] } },
{ "type": "Feature", "properties": { "STATION_ID": "MMBC003", "STATION_ID_TYPE": "MODERN", "STATE_NAME": "Selangor", "STATION_LOCATION": "Selat Pulau Babi", "CATEGORY": "Coastal", "STATION_STATUS": 1.0, "LATITUDE": 3.00766, "LONGITUDE": 101.273, "STATE_NAME_MWQI": "Selangor", "STATION_LOCATION_MWQI": "Selat Pulau Babi", "CATEGORY_MWQI": "Coastal", "LATEST_MWQI": 71.0, "LATEST_CLASS": "Moderate", "MWQI_2021": 87.0, "MWQI_2022": 91.0, "MWQI_2023": 95.0, "MWQI_2024": 89.0, "MWQI_2025": 71.0, "CHANGE_1Y": -18.0, "CHANGE_5Y": -16.0, "MEAN_5Y": 86.6, "MIN_5Y": 71.0, "TREND_SLOPE_5Y": -3.399999999999411, "TREND_DIRECTION": "Declining", "CURRENT_POOR": false, "CURRENT_MODERATE": true, "DECLINING_5Y": true, "DROP_5_PLUS": true, "DROP_10_PLUS": true }, "geometry": { "type": "Point", "coordinates": [ 101.273, 3.00766 ] } },
{ "type": "Feature", "properties": { "STATION_ID": "MMBC004", "STATION_ID_TYPE": "MODERN", "STATE_NAME": "Selangor", "STATION_LOCATION": "Selat Klang Utara", "CATEGORY": "Coastal", "STATION_STATUS": 1.0, "LATITUDE": 3.02818, "LONGITUDE": 101.351, "STATE_NAME_MWQI": "Selangor", "STATION_LOCATION_MWQI": "Selat Klang Utara", "CATEGORY_MWQI": "Coastal", "LATEST_MWQI": 55.0, "LATEST_CLASS": "Moderate", "MWQI_2021": 62.0, "MWQI_2022": 56.0, "MWQI_2023": 79.0, "MWQI_2024": 56.0, "MWQI_2025": 55.0, "CHANGE_1Y": -1.0, "CHANGE_5Y": -7.0, "MEAN_5Y": 61.6, "MIN_5Y": 55.0, "TREND_SLOPE_5Y": -1.3999999999996147, "TREND_DIRECTION": "Declining", "CURRENT_POOR": false, "CURRENT_MODERATE": true, "DECLINING_5Y": true, "DROP_5_PLUS": true, "DROP_10_PLUS": false }, "geometry": { "type": "Point", "coordinates": [ 101.351, 3.02818 ] } },
{ "type": "Feature", "properties": { "STATION_ID": "MMNC001", "STATION_ID_TYPE": "MODERN", "STATE_NAME": "N. Sembilan", "STATION_LOCATION": "Bagan Pinang", "CATEGORY": "Coastal", "STATION_STATUS": 1.0, "LATITUDE": 2.50823, "LONGITUDE": 101.828, "STATE_NAME_MWQI": "N. Sembilan", "STATION_LOCATION_MWQI": "Bagan Pinang", "CATEGORY_MWQI": "Coastal", "LATEST_MWQI": 90.0, "LATEST_CLASS": "Excellent", "MWQI_2021": 91.0, "MWQI_2022": 90.0, "MWQI_2023": 95.0, "MWQI_2024": 95.0, "MWQI_2025": 90.0, "CHANGE_1Y": -5.0, "CHANGE_5Y": -1.0, "MEAN_5Y": 92.2, "MIN_5Y": 90.0, "TREND_SLOPE_5Y": 0.29999999999987464, "TREND_DIRECTION": "Stable", "CURRENT_POOR": false, "CURRENT_MODERATE": false, "DECLINING_5Y": false, "DROP_5_PLUS": false, "DROP_10_PLUS": false }, "geometry": { "type": "Point", "coordinates": [ 101.828, 2.50823 ] } },
{ "type": "Feature", "properties": { "STATION_ID": "MMNC002", "STATION_ID_TYPE": "MODERN", "STATE_NAME": "N. Sembilan", "STATION_LOCATION": "Telok Sinting", "CATEGORY": "Coastal", "STATION_STATUS": 1.0, "LATITUDE": 2.41522, "LONGITUDE": 101.941, "STATE_NAME_MWQI": "N. Sembilan", "STATION_LOCATION_MWQI": "Telok Sinting", "CATEGORY_MWQI": "Coastal", "LATEST_MWQI": 90.0, "LATEST_CLASS": "Excellent", "MWQI_2021": 87.0, "MWQI_2022": 94.0, "MWQI_2023": 89.0, "MWQI_2024": 91.0, "MWQI_2025": 90.0, "CHANGE_1Y": -1.0, "CHANGE_5Y": 3.0, "MEAN_5Y": 90.2, "MIN_5Y": 87.0, "TREND_SLOPE_5Y": 0.30000000000011962, "TREND_DIRECTION": "Stable", "CURRENT_POOR": false, "CURRENT_MODERATE": false, "DECLINING_5Y": false, "DROP_5_PLUS": false, "DROP_10_PLUS": false }, "geometry": { "type": "Point", "coordinates": [ 101.941, 2.41522 ] } },
{ "type": "Feature", "properties": { "STATION_ID": "MMNC003", "STATION_ID_TYPE": "MODERN", "STATE_NAME": "N. Sembilan", "STATION_LOCATION": "Port Dickson Bandar", "CATEGORY": "Coastal", "STATION_STATUS": 1.0, "LATITUDE": 2.52001, "LONGITUDE": 101.798, "STATE_NAME_MWQI": "N. Sembilan", "STATION_LOCATION_MWQI": "Port Dickson Bandar", "CATEGORY_MWQI": "Coastal", "LATEST_MWQI": 91.0, "LATEST_CLASS": "Excellent", "MWQI_2021": 88.0, "MWQI_2022": 88.0, "MWQI_2023": 93.0, "MWQI_2024": 95.0, "MWQI_2025": 91.0, "CHANGE_1Y": -4.0, "CHANGE_5Y": 3.0, "MEAN_5Y": 91.0, "MIN_5Y": 88.0, "TREND_SLOPE_5Y": 1.2999999999997169, "TREND_DIRECTION": "Improving", "CURRENT_POOR": false, "CURRENT_MODERATE": false, "DECLINING_5Y": false, "DROP_5_PLUS": false, "DROP_10_PLUS": false }, "geometry": { "type": "Point", "coordinates": [ 101.798, 2.52001 ] } },
{ "type": "Feature", "properties": { "STATION_ID": "MMNC004", "STATION_ID_TYPE": "MODERN", "STATE_NAME": "N. Sembilan", "STATION_LOCATION": "Port Dickson Batu 4", "CATEGORY": "Coastal", "STATION_STATUS": 1.0, "LATITUDE": 2.49971, "LONGITUDE": 101.837, "STATE_NAME_MWQI": "N. Sembilan", "STATION_LOCATION_MWQI": "Port Dickson Batu 4", "CATEGORY_MWQI": "Coastal", "LATEST_MWQI": 92.0, "LATEST_CLASS": "Excellent", "MWQI_2021": 88.0, "MWQI_2022": 89.0, "MWQI_2023": 89.0, "MWQI_2024": 95.0, "MWQI_2025": 92.0, "CHANGE_1Y": -3.0, "CHANGE_5Y": 4.0, "MEAN_5Y": 90.6, "MIN_5Y": 88.0, "TREND_SLOPE_5Y": 1.399999999999695, "TREND_DIRECTION": "Improving", "CURRENT_POOR": false, "CURRENT_MODERATE": false, "DECLINING_5Y": false, "DROP_5_PLUS": false, "DROP_10_PLUS": false }, "geometry": { "type": "Point", "coordinates": [ 101.837, 2.49971 ] } },
{ "type": "Feature", "properties": { "STATION_ID": "MMNC005", "STATION_ID_TYPE": "MODERN", "STATE_NAME": "N. Sembilan", "STATION_LOCATION": "Port Dickson Batu 5", "CATEGORY": "Coastal", "STATION_STATUS": 1.0, "LATITUDE": 2.49585, "LONGITUDE": 101.838, "STATE_NAME_MWQI": "N. Sembilan", "STATION_LOCATION_MWQI": "Port Dickson Batu 5", "CATEGORY_MWQI": "Coastal", "LATEST_MWQI": 89.0, "LATEST_CLASS": "Good", "MWQI_2021": 73.0, "MWQI_2022": 81.0, "MWQI_2023": 94.0, "MWQI_2024": 95.0, "MWQI_2025": 89.0, "CHANGE_1Y": -6.0, "CHANGE_5Y": 16.0, "MEAN_5Y": 86.4, "MIN_5Y": 73.0, "TREND_SLOPE_5Y": 4.5999999999994134, "TREND_DIRECTION": "Improving", "CURRENT_POOR": false, "CURRENT_MODERATE": false, "DECLINING_5Y": false, "DROP_5_PLUS": false, "DROP_10_PLUS": false }, "geometry": { "type": "Point", "coordinates": [ 101.838, 2.49585 ] } },
{ "type": "Feature", "properties": { "STATION_ID": "MMNC006", "STATION_ID_TYPE": "MODERN", "STATE_NAME": "N. Sembilan", "STATION_LOCATION": "Port Dickson Batu 6", "CATEGORY": "Coastal", "STATION_STATUS": 1.0, "LATITUDE": 2.48079, "LONGITUDE": 101.847, "STATE_NAME_MWQI": "N. Sembilan", "STATION_LOCATION_MWQI": "Port Dickson Batu 6", "CATEGORY_MWQI": "Coastal", "LATEST_MWQI": 91.0, "LATEST_CLASS": "Excellent", "MWQI_2021": 90.0, "MWQI_2022": 93.0, "MWQI_2023": 96.0, "MWQI_2024": 93.0, "MWQI_2025": 91.0, "CHANGE_1Y": -2.0, "CHANGE_5Y": 1.0, "MEAN_5Y": 92.6, "MIN_5Y": 90.0, "TREND_SLOPE_5Y": 0.20000000000007756, "TREND_DIRECTION": "Stable", "CURRENT_POOR": false, "CURRENT_MODERATE": false, "DECLINING_5Y": false, "DROP_5_PLUS": false, "DROP_10_PLUS": false }, "geometry": { "type": "Point", "coordinates": [ 101.847, 2.48079 ] } },
{ "type": "Feature", "properties": { "STATION_ID": "MMNC007", "STATION_ID_TYPE": "MODERN", "STATE_NAME": "N. Sembilan", "STATION_LOCATION": "Port Dickson Batu 7", "CATEGORY": "Coastal", "STATION_STATUS": 1.0, "LATITUDE": 2.46123, "LONGITUDE": 101.851, "STATE_NAME_MWQI": "N. Sembilan", "STATION_LOCATION_MWQI": "Port Dickson Batu 7", "CATEGORY_MWQI": "Coastal", "LATEST_MWQI": 92.0, "LATEST_CLASS": "Excellent", "MWQI_2021": 93.0, "MWQI_2022": 95.0, "MWQI_2023": 94.0, "MWQI_2024": 93.0, "MWQI_2025": 92.0, "CHANGE_1Y": -1.0, "CHANGE_5Y": -1.0, "MEAN_5Y": 93.4, "MIN_5Y": 92.0, "TREND_SLOPE_5Y": -0.39999999999986618, "TREND_DIRECTION": "Stable", "CURRENT_POOR": false, "CURRENT_MODERATE": false, "DECLINING_5Y": false, "DROP_5_PLUS": false, "DROP_10_PLUS": false }, "geometry": { "type": "Point", "coordinates": [ 101.851, 2.46123 ] } },
{ "type": "Feature", "properties": { "STATION_ID": "MMNC008", "STATION_ID_TYPE": "MODERN", "STATE_NAME": "N. Sembilan", "STATION_LOCATION": "Port Dickson Batu 8", "CATEGORY": "Coastal", "STATION_STATUS": 1.0, "LATITUDE": 2.45415, "LONGITUDE": 101.854, "STATE_NAME_MWQI": "N. Sembilan", "STATION_LOCATION_MWQI": "Port Dickson Batu 8", "CATEGORY_MWQI": "Coastal", "LATEST_MWQI": 95.0, "LATEST_CLASS": "Excellent", "MWQI_2021": 93.0, "MWQI_2022": 95.0, "MWQI_2023": 95.0, "MWQI_2024": 94.0, "MWQI_2025": 95.0, "CHANGE_1Y": 1.0, "CHANGE_5Y": 2.0, "MEAN_5Y": 94.4, "MIN_5Y": 93.0, "TREND_SLOPE_5Y": 0.30000000000003885, "TREND_DIRECTION": "Stable", "CURRENT_POOR": false, "CURRENT_MODERATE": false, "DECLINING_5Y": false, "DROP_5_PLUS": false, "DROP_10_PLUS": false }, "geometry": { "type": "Point", "coordinates": [ 101.854, 2.45415 ] } },
{ "type": "Feature", "properties": { "STATION_ID": "MMNC009", "STATION_ID_TYPE": "MODERN", "STATE_NAME": "N. Sembilan", "STATION_LOCATION": "Port Dickson Batu 10", "CATEGORY": "Coastal", "STATION_STATUS": 1.0, "LATITUDE": 2.41706, "LONGITUDE": 101.856, "STATE_NAME_MWQI": "N. Sembilan", "STATION_LOCATION_MWQI": "Port Dickson Batu 10", "CATEGORY_MWQI": "Coastal", "LATEST_MWQI": 91.0, "LATEST_CLASS": "Excellent", "MWQI_2021": 92.0, "MWQI_2022": 97.0, "MWQI_2023": 95.0, "MWQI_2024": 95.0, "MWQI_2025": 91.0, "CHANGE_1Y": -4.0, "CHANGE_5Y": -1.0, "MEAN_5Y": 94.0, "MIN_5Y": 91.0, "TREND_SLOPE_5Y": -0.39999999999982466, "TREND_DIRECTION": "Stable", "CURRENT_POOR": false, "CURRENT_MODERATE": false, "DECLINING_5Y": false, "DROP_5_PLUS": false, "DROP_10_PLUS": false }, "geometry": { "type": "Point", "coordinates": [ 101.856, 2.41706 ] } },
{ "type": "Feature", "properties": { "STATION_ID": "MMNC010", "STATION_ID_TYPE": "MODERN", "STATE_NAME": "N. Sembilan", "STATION_LOCATION": "Port Dickson Janakuasa TNB", "CATEGORY": "Coastal", "STATION_STATUS": 1.0, "LATITUDE": 2.54237, "LONGITUDE": 101.798, "STATE_NAME_MWQI": "N. Sembilan", "STATION_LOCATION_MWQI": "Port Dickson Janakuasa TNB", "CATEGORY_MWQI": "Coastal", "LATEST_MWQI": 91.0, "LATEST_CLASS": "Excellent", "MWQI_2021": 70.0, "MWQI_2022": 90.0, "MWQI_2023": 93.0, "MWQI_2024": 95.0, "MWQI_2025": 91.0, "CHANGE_1Y": -4.0, "CHANGE_5Y": 21.0, "MEAN_5Y": 87.8, "MIN_5Y": 70.0, "TREND_SLOPE_5Y": 4.6999999999997568, "TREND_DIRECTION": "Improving", "CURRENT_POOR": false, "CURRENT_MODERATE": false, "DECLINING_5Y": false, "DROP_5_PLUS": false, "DROP_10_PLUS": false }, "geometry": { "type": "Point", "coordinates": [ 101.798, 2.54237 ] } },
{ "type": "Feature", "properties": { "STATION_ID": "MMNC011", "STATION_ID_TYPE": "MODERN", "STATE_NAME": "N. Sembilan", "STATION_LOCATION": "Telok Pelanduk", "CATEGORY": "Coastal", "STATION_STATUS": 1.0, "LATITUDE": 2.41663, "LONGITUDE": 101.892, "STATE_NAME_MWQI": "N. Sembilan", "STATION_LOCATION_MWQI": "Telok Pelanduk", "CATEGORY_MWQI": "Coastal", "LATEST_MWQI": 91.0, "LATEST_CLASS": "Excellent", "MWQI_2021": 91.0, "MWQI_2022": 94.0, "MWQI_2023": 92.0, "MWQI_2024": 93.0, "MWQI_2025": 91.0, "CHANGE_1Y": -2.0, "CHANGE_5Y": 0.0, "MEAN_5Y": 92.2, "MIN_5Y": 91.0, "TREND_SLOPE_5Y": -0.099999999999925773, "TREND_DIRECTION": "Stable", "CURRENT_POOR": false, "CURRENT_MODERATE": false, "DECLINING_5Y": false, "DROP_5_PLUS": false, "DROP_10_PLUS": false }, "geometry": { "type": "Point", "coordinates": [ 101.892, 2.41663 ] } },
{ "type": "Feature", "properties": { "STATION_ID": "MMNC012", "STATION_ID_TYPE": "MODERN", "STATE_NAME": "N. Sembilan", "STATION_LOCATION": "Pantai Cermin", "CATEGORY": "Coastal", "STATION_STATUS": 1.0, "LATITUDE": 2.41499, "LONGITUDE": 101.861, "STATE_NAME_MWQI": "N. Sembilan", "STATION_LOCATION_MWQI": "Pantai Cermin", "CATEGORY_MWQI": "Coastal", "LATEST_MWQI": 94.0, "LATEST_CLASS": "Excellent", "MWQI_2021": 94.0, "MWQI_2022": 94.0, "MWQI_2023": 94.0, "MWQI_2024": 92.0, "MWQI_2025": 94.0, "CHANGE_1Y": 2.0, "CHANGE_5Y": 0.0, "MEAN_5Y": 93.6, "MIN_5Y": 92.0, "TREND_SLOPE_5Y": -0.19999999999991203, "TREND_DIRECTION": "Stable", "CURRENT_POOR": false, "CURRENT_MODERATE": false, "DECLINING_5Y": false, "DROP_5_PLUS": false, "DROP_10_PLUS": false }, "geometry": { "type": "Point", "coordinates": [ 101.861, 2.41499 ] } },
{ "type": "Feature", "properties": { "STATION_ID": "MMMC001", "STATION_ID_TYPE": "MODERN", "STATE_NAME": "Melaka", "STATION_LOCATION": "Pantai Rombang", "CATEGORY": "Coastal", "STATION_STATUS": 1.0, "LATITUDE": 2.22728, "LONGITUDE": 102.148, "STATE_NAME_MWQI": "Melaka", "STATION_LOCATION_MWQI": "Pantai Rombang", "CATEGORY_MWQI": "Coastal", "LATEST_MWQI": 87.0, "LATEST_CLASS": "Good", "MWQI_2021": 88.0, "MWQI_2022": 88.0, "MWQI_2023": 91.0, "MWQI_2024": 93.0, "MWQI_2025": 87.0, "CHANGE_1Y": -6.0, "CHANGE_5Y": -1.0, "MEAN_5Y": 89.4, "MIN_5Y": 87.0, "TREND_SLOPE_5Y": 0.29999999999986177, "TREND_DIRECTION": "Stable", "CURRENT_POOR": false, "CURRENT_MODERATE": false, "DECLINING_5Y": false, "DROP_5_PLUS": false, "DROP_10_PLUS": false }, "geometry": { "type": "Point", "coordinates": [ 102.148, 2.22728 ] } },
{ "type": "Feature", "properties": { "STATION_ID": "MMMC002", "STATION_ID_TYPE": "MODERN", "STATE_NAME": "Melaka", "STATION_LOCATION": "Pantai Kundur", "CATEGORY": "Coastal", "STATION_STATUS": 1.0, "LATITUDE": 2.24319, "LONGITUDE": 102.14, "STATE_NAME_MWQI": "Melaka", "STATION_LOCATION_MWQI": "Pantai Kundur", "CATEGORY_MWQI": "Coastal", "LATEST_MWQI": 90.0, "LATEST_CLASS": "Excellent", "MWQI_2021": 89.0, "MWQI_2022": 83.0, "MWQI_2023": 89.0, "MWQI_2024": 90.0, "MWQI_2025": 90.0, "CHANGE_1Y": 0.0, "CHANGE_5Y": 1.0, "MEAN_5Y": 88.2, "MIN_5Y": 83.0, "TREND_SLOPE_5Y": 0.89999999999967006, "TREND_DIRECTION": "Improving", "CURRENT_POOR": false, "CURRENT_MODERATE": false, "DECLINING_5Y": false, "DROP_5_PLUS": false, "DROP_10_PLUS": false }, "geometry": { "type": "Point", "coordinates": [ 102.14, 2.24319 ] } },
{ "type": "Feature", "properties": { "STATION_ID": "MMMC003", "STATION_ID_TYPE": "MODERN", "STATE_NAME": "Melaka", "STATION_LOCATION": "Pantai Tanjung Bidara", "CATEGORY": "Coastal", "STATION_STATUS": 1.0, "LATITUDE": 2.29075, "LONGITUDE": 102.088, "STATE_NAME_MWQI": "Melaka", "STATION_LOCATION_MWQI": "Pantai Tanjung Bidara", "CATEGORY_MWQI": "Coastal", "LATEST_MWQI": 86.0, "LATEST_CLASS": "Good", "MWQI_2021": 69.0, "MWQI_2022": 87.0, "MWQI_2023": 92.0, "MWQI_2024": 94.0, "MWQI_2025": 86.0, "CHANGE_1Y": -8.0, "CHANGE_5Y": 17.0, "MEAN_5Y": 85.6, "MIN_5Y": 69.0, "TREND_SLOPE_5Y": 4.0999999999997581, "TREND_DIRECTION": "Improving", "CURRENT_POOR": false, "CURRENT_MODERATE": false, "DECLINING_5Y": false, "DROP_5_PLUS": false, "DROP_10_PLUS": false }, "geometry": { "type": "Point", "coordinates": [ 102.088, 2.29075 ] } },
{ "type": "Feature", "properties": { "STATION_ID": "MMMC004", "STATION_ID_TYPE": "MODERN", "STATE_NAME": "Melaka", "STATION_LOCATION": "Teluk Gong", "CATEGORY": "Coastal", "STATION_STATUS": 1.0, "LATITUDE": 2.33983, "LONGITUDE": 102.056, "STATE_NAME_MWQI": "Melaka", "STATION_LOCATION_MWQI": "Teluk Gong", "CATEGORY_MWQI": "Coastal", "LATEST_MWQI": 85.0, "LATEST_CLASS": "Good", "MWQI_2021": 60.0, "MWQI_2022": 90.0, "MWQI_2023": 90.0, "MWQI_2024": 92.0, "MWQI_2025": 85.0, "CHANGE_1Y": -7.0, "CHANGE_5Y": 25.0, "MEAN_5Y": 83.4, "MIN_5Y": 60.0, "TREND_SLOPE_5Y": 5.1999999999999416, "TREND_DIRECTION": "Improving", "CURRENT_POOR": false, "CURRENT_MODERATE": false, "DECLINING_5Y": false, "DROP_5_PLUS": false, "DROP_10_PLUS": false }, "geometry": { "type": "Point", "coordinates": [ 102.056, 2.33983 ] } },
{ "type": "Feature", "properties": { "STATION_ID": "MMMC005", "STATION_ID_TYPE": "MODERN", "STATE_NAME": "Melaka", "STATION_LOCATION": "Pulau Melaka Point A(i)", "CATEGORY": "Coastal", "STATION_STATUS": 1.0, "LATITUDE": 2.17992, "LONGITUDE": 102.243, "STATE_NAME_MWQI": "Melaka", "STATION_LOCATION_MWQI": "Pulau Melaka Point A1", "CATEGORY_MWQI": "Coastal", "LATEST_MWQI": 82.0, "LATEST_CLASS": "Good", "MWQI_2021": 89.0, "MWQI_2022": 83.0, "MWQI_2023": 88.0, "MWQI_2024": 88.0, "MWQI_2025": 82.0, "CHANGE_1Y": -6.0, "CHANGE_5Y": -7.0, "MEAN_5Y": 86.0, "MIN_5Y": 82.0, "TREND_SLOPE_5Y": -0.90000000000008951, "TREND_DIRECTION": "Declining", "CURRENT_POOR": false, "CURRENT_MODERATE": false, "DECLINING_5Y": true, "DROP_5_PLUS": true, "DROP_10_PLUS": false }, "geometry": { "type": "Point", "coordinates": [ 102.243, 2.17992 ] } },
{ "type": "Feature", "properties": { "STATION_ID": "MMMC006", "STATION_ID_TYPE": "MODERN", "STATE_NAME": "Melaka", "STATION_LOCATION": "Pulau Melaka Point A(ii)", "CATEGORY": "Coastal", "STATION_STATUS": 1.0, "LATITUDE": 2.17644, "LONGITUDE": 102.252, "STATE_NAME_MWQI": "Melaka", "STATION_LOCATION_MWQI": "Pulau Melaka Point A2", "CATEGORY_MWQI": "Coastal", "LATEST_MWQI": 90.0, "LATEST_CLASS": "Excellent", "MWQI_2021": 80.0, "MWQI_2022": 83.0, "MWQI_2023": 92.0, "MWQI_2024": 88.0, "MWQI_2025": 90.0, "CHANGE_1Y": 2.0, "CHANGE_5Y": 10.0, "MEAN_5Y": 86.6, "MIN_5Y": 80.0, "TREND_SLOPE_5Y": 2.4999999999997744, "TREND_DIRECTION": "Improving", "CURRENT_POOR": false, "CURRENT_MODERATE": false, "DECLINING_5Y": false, "DROP_5_PLUS": false, "DROP_10_PLUS": false }, "geometry": { "type": "Point", "coordinates": [ 102.252, 2.17644 ] } },
{ "type": "Feature", "properties": { "STATION_ID": "MMMC007", "STATION_ID_TYPE": "MODERN", "STATE_NAME": "Melaka", "STATION_LOCATION": "Pulau Melaka Point B(i)", "CATEGORY": "Coastal", "STATION_STATUS": 1.0, "LATITUDE": 2.18332, "LONGITUDE": 102.248, "STATE_NAME_MWQI": "Melaka", "STATION_LOCATION_MWQI": "Pulau Melaka Point B1", "CATEGORY_MWQI": "Coastal", "LATEST_MWQI": 59.0, "LATEST_CLASS": "Moderate", "MWQI_2021": 58.0, "MWQI_2022": 57.0, "MWQI_2023": 54.0, "MWQI_2024": 57.0, "MWQI_2025": 59.0, "CHANGE_1Y": 2.0, "CHANGE_5Y": 1.0, "MEAN_5Y": 57.0, "MIN_5Y": 54.0, "TREND_SLOPE_5Y": 0.19999999999991616, "TREND_DIRECTION": "Stable", "CURRENT_POOR": false, "CURRENT_MODERATE": true, "DECLINING_5Y": false, "DROP_5_PLUS": false, "DROP_10_PLUS": false }, "geometry": { "type": "Point", "coordinates": [ 102.248, 2.18332 ] } },
{ "type": "Feature", "properties": { "STATION_ID": "MMMC008", "STATION_ID_TYPE": "MODERN", "STATE_NAME": "Melaka", "STATION_LOCATION": "Pulau Melaka Point B(ii)", "CATEGORY": "Coastal", "STATION_STATUS": 1.0, "LATITUDE": 2.1813, "LONGITUDE": 102.255, "STATE_NAME_MWQI": "Melaka", "STATION_LOCATION_MWQI": "Pulau Melaka Point B2", "CATEGORY_MWQI": "Coastal", "LATEST_MWQI": 58.0, "LATEST_CLASS": "Moderate", "MWQI_2021": 57.0, "MWQI_2022": 57.0, "MWQI_2023": 55.0, "MWQI_2024": 56.0, "MWQI_2025": 58.0, "CHANGE_1Y": 2.0, "CHANGE_5Y": 1.0, "MEAN_5Y": 56.6, "MIN_5Y": 55.0, "TREND_SLOPE_5Y": 0.099999999999993636, "TREND_DIRECTION": "Stable", "CURRENT_POOR": false, "CURRENT_MODERATE": true, "DECLINING_5Y": false, "DROP_5_PLUS": false, "DROP_10_PLUS": false }, "geometry": { "type": "Point", "coordinates": [ 102.255, 2.1813 ] } },
{ "type": "Feature", "properties": { "STATION_ID": "MMJC001", "STATION_ID_TYPE": "MODERN", "STATE_NAME": "Johor", "STATION_LOCATION": "Tanjung Bin", "CATEGORY": "Coastal", "STATION_STATUS": 1.0, "LATITUDE": 1.32456, "LONGITUDE": 103.557, "STATE_NAME_MWQI": "Johor", "STATION_LOCATION_MWQI": "Tanjung Bin", "CATEGORY_MWQI": "Coastal", "LATEST_MWQI": 87.0, "LATEST_CLASS": "Good", "MWQI_2021": 90.0, "MWQI_2022": 91.0, "MWQI_2023": 93.0, "MWQI_2024": 93.0, "MWQI_2025": 87.0, "CHANGE_1Y": -6.0, "CHANGE_5Y": -3.0, "MEAN_5Y": 90.8, "MIN_5Y": 87.0, "TREND_SLOPE_5Y": -0.39999999999996655, "TREND_DIRECTION": "Stable", "CURRENT_POOR": false, "CURRENT_MODERATE": false, "DECLINING_5Y": false, "DROP_5_PLUS": false, "DROP_10_PLUS": false }, "geometry": { "type": "Point", "coordinates": [ 103.557, 1.32456 ] } },
{ "type": "Feature", "properties": { "STATION_ID": "MMJC002", "STATION_ID_TYPE": "MODERN", "STATE_NAME": "Johor", "STATION_LOCATION": "Pelabuhan Tanjung Pelepas", "CATEGORY": "Coastal", "STATION_STATUS": 1.0, "LATITUDE": 1.35361, "LONGITUDE": 103.543, "STATE_NAME_MWQI": "Johor", "STATION_LOCATION_MWQI": "Pelabuhan Tanjung Pelepas", "CATEGORY_MWQI": "Coastal", "LATEST_MWQI": 86.0, "LATEST_CLASS": "Good", "MWQI_2021": 91.0, "MWQI_2022": 82.0, "MWQI_2023": 80.0, "MWQI_2024": 92.0, "MWQI_2025": 86.0, "CHANGE_1Y": -6.0, "CHANGE_5Y": -5.0, "MEAN_5Y": 86.2, "MIN_5Y": 80.0, "TREND_SLOPE_5Y": -5.0398657913561973e-13, "TREND_DIRECTION": "Stable", "CURRENT_POOR": false, "CURRENT_MODERATE": false, "DECLINING_5Y": false, "DROP_5_PLUS": true, "DROP_10_PLUS": false }, "geometry": { "type": "Point", "coordinates": [ 103.543, 1.35361 ] } },
{ "type": "Feature", "properties": { "STATION_ID": "MMJC003", "STATION_ID_TYPE": "MODERN", "STATE_NAME": "Johor", "STATION_LOCATION": "Hadapan Jabatan Laut", "CATEGORY": "Coastal", "STATION_STATUS": 1.0, "LATITUDE": 1.38275, "LONGITUDE": 103.535, "STATE_NAME_MWQI": "Johor", "STATION_LOCATION_MWQI": "Hadapan Jabatan Laut", "CATEGORY_MWQI": "Coastal", "LATEST_MWQI": 73.0, "LATEST_CLASS": "Moderate", "MWQI_2021": 82.0, "MWQI_2022": 81.0, "MWQI_2023": 69.0, "MWQI_2024": 83.0, "MWQI_2025": 73.0, "CHANGE_1Y": -10.0, "CHANGE_5Y": -9.0, "MEAN_5Y": 77.6, "MIN_5Y": 69.0, "TREND_SLOPE_5Y": -1.6000000000000727, "TREND_DIRECTION": "Declining", "CURRENT_POOR": false, "CURRENT_MODERATE": true, "DECLINING_5Y": true, "DROP_5_PLUS": true, "DROP_10_PLUS": false }, "geometry": { "type": "Point", "coordinates": [ 103.535, 1.38275 ] } },
{ "type": "Feature", "properties": { "STATION_ID": "MMJC004", "STATION_ID_TYPE": "MODERN", "STATE_NAME": "Johor", "STATION_LOCATION": "Pantai Stulang Laut", "CATEGORY": "Coastal", "STATION_STATUS": 1.0, "LATITUDE": 1.46722, "LONGITUDE": 103.779, "STATE_NAME_MWQI": "Johor", "STATION_LOCATION_MWQI": "Pantai Stulang Laut", "CATEGORY_MWQI": "Coastal", "LATEST_MWQI": 53.0, "LATEST_CLASS": "Moderate", "MWQI_2021": 56.0, "MWQI_2022": 55.0, "MWQI_2023": 56.0, "MWQI_2024": 55.0, "MWQI_2025": 53.0, "CHANGE_1Y": -2.0, "CHANGE_5Y": -3.0, "MEAN_5Y": 55.0, "MIN_5Y": 53.0, "TREND_SLOPE_5Y": -0.59999999999993436, "TREND_DIRECTION": "Declining", "CURRENT_POOR": false, "CURRENT_MODERATE": true, "DECLINING_5Y": true, "DROP_5_PLUS": false, "DROP_10_PLUS": false }, "geometry": { "type": "Point", "coordinates": [ 103.779, 1.46722 ] } },
{ "type": "Feature", "properties": { "STATION_ID": "MMJC005", "STATION_ID_TYPE": "MODERN", "STATE_NAME": "Johor", "STATION_LOCATION": "Jeti Teluk Jawa", "CATEGORY": "Coastal", "STATION_STATUS": 1.0, "LATITUDE": 1.47354, "LONGITUDE": 103.848, "STATE_NAME_MWQI": "Johor", "STATION_LOCATION_MWQI": "Jeti Teluk Jawa", "CATEGORY_MWQI": "Coastal", "LATEST_MWQI": 59.0, "LATEST_CLASS": "Moderate", "MWQI_2021": 70.0, "MWQI_2022": 59.0, "MWQI_2023": 64.0, "MWQI_2024": 79.0, "MWQI_2025": 59.0, "CHANGE_1Y": -20.0, "CHANGE_5Y": -11.0, "MEAN_5Y": 66.2, "MIN_5Y": 59.0, "TREND_SLOPE_5Y": -0.20000000000071785, "TREND_DIRECTION": "Stable", "CURRENT_POOR": false, "CURRENT_MODERATE": true, "DECLINING_5Y": false, "DROP_5_PLUS": true, "DROP_10_PLUS": true }, "geometry": { "type": "Point", "coordinates": [ 103.848, 1.47354 ] } },
{ "type": "Feature", "properties": { "STATION_ID": "MMJC006", "STATION_ID_TYPE": "MODERN", "STATE_NAME": "Johor", "STATION_LOCATION": "Pelabuhan Pasir Gudang", "CATEGORY": "Coastal", "STATION_STATUS": 1.0, "LATITUDE": 1.43255, "LONGITUDE": 103.899, "STATE_NAME_MWQI": "Johor", "STATION_LOCATION_MWQI": "Pelabuhan Pasir Gudang", "CATEGORY_MWQI": "Coastal", "LATEST_MWQI": 57.0, "LATEST_CLASS": "Moderate", "MWQI_2021": 59.0, "MWQI_2022": 66.0, "MWQI_2023": 58.0, "MWQI_2024": 59.0, "MWQI_2025": 57.0, "CHANGE_1Y": -2.0, "CHANGE_5Y": -2.0, "MEAN_5Y": 59.8, "MIN_5Y": 57.0, "TREND_SLOPE_5Y": -1.099999999999649, "TREND_DIRECTION": "Declining", "CURRENT_POOR": false, "CURRENT_MODERATE": true, "DECLINING_5Y": true, "DROP_5_PLUS": false, "DROP_10_PLUS": false }, "geometry": { "type": "Point", "coordinates": [ 103.899, 1.43255 ] } },
{ "type": "Feature", "properties": { "STATION_ID": "MMJC007", "STATION_ID_TYPE": "MODERN", "STATE_NAME": "Johor", "STATION_LOCATION": "Hadapan HSAJB", "CATEGORY": "Coastal", "STATION_STATUS": 1.0, "LATITUDE": 1.45644, "LONGITUDE": 103.746, "STATE_NAME_MWQI": "Johor", "STATION_LOCATION_MWQI": "Hadapan HSAJB", "CATEGORY_MWQI": "Coastal", "LATEST_MWQI": 53.0, "LATEST_CLASS": "Moderate", "MWQI_2021": 58.0, "MWQI_2022": 51.0, "MWQI_2023": 56.0, "MWQI_2024": 56.0, "MWQI_2025": 53.0, "CHANGE_1Y": -3.0, "CHANGE_5Y": -5.0, "MEAN_5Y": 54.8, "MIN_5Y": 51.0, "TREND_SLOPE_5Y": -0.50000000000015388, "TREND_DIRECTION": "Declining", "CURRENT_POOR": false, "CURRENT_MODERATE": true, "DECLINING_5Y": true, "DROP_5_PLUS": true, "DROP_10_PLUS": false }, "geometry": { "type": "Point", "coordinates": [ 103.746, 1.45644 ] } },
{ "type": "Feature", "properties": { "STATION_ID": "MMJC008", "STATION_ID_TYPE": "MODERN", "STATE_NAME": "Johor", "STATION_LOCATION": "Pantai Lido", "CATEGORY": "Coastal", "STATION_STATUS": 1.0, "LATITUDE": 1.46556, "LONGITUDE": 103.725, "STATE_NAME_MWQI": "Johor", "STATION_LOCATION_MWQI": "Pantai Lido", "CATEGORY_MWQI": "Coastal", "LATEST_MWQI": 52.0, "LATEST_CLASS": "Moderate", "MWQI_2021": 54.0, "MWQI_2022": 50.0, "MWQI_2023": 55.0, "MWQI_2024": 54.0, "MWQI_2025": 52.0, "CHANGE_1Y": -2.0, "CHANGE_5Y": -2.0, "MEAN_5Y": 53.0, "MIN_5Y": 50.0, "TREND_SLOPE_5Y": -1.2021390784553516e-13, "TREND_DIRECTION": "Stable", "CURRENT_POOR": false, "CURRENT_MODERATE": true, "DECLINING_5Y": false, "DROP_5_PLUS": false, "DROP_10_PLUS": false }, "geometry": { "type": "Point", "coordinates": [ 103.725, 1.46556 ] } },
{ "type": "Feature", "properties": { "STATION_ID": "MMJC009", "STATION_ID_TYPE": "MODERN", "STATE_NAME": "Johor", "STATION_LOCATION": "Pantai Teluk Mahkota", "CATEGORY": "Coastal", "STATION_STATUS": 1.0, "LATITUDE": 1.89781, "LONGITUDE": 104.105, "STATE_NAME_MWQI": "Johor", "STATION_LOCATION_MWQI": "Pantai Teluk Mahkota", "CATEGORY_MWQI": "Coastal", "LATEST_MWQI": 91.0, "LATEST_CLASS": "Excellent", "MWQI_2021": 93.0, "MWQI_2022": 95.0, "MWQI_2023": 93.0, "MWQI_2024": 95.0, "MWQI_2025": 91.0, "CHANGE_1Y": -4.0, "CHANGE_5Y": -2.0, "MEAN_5Y": 93.4, "MIN_5Y": 91.0, "TREND_SLOPE_5Y": -0.39999999999994151, "TREND_DIRECTION": "Stable", "CURRENT_POOR": false, "CURRENT_MODERATE": false, "DECLINING_5Y": false, "DROP_5_PLUS": false, "DROP_10_PLUS": false }, "geometry": { "type": "Point", "coordinates": [ 104.105, 1.89781 ] } },
{ "type": "Feature", "properties": { "STATION_ID": "MMJC010", "STATION_ID_TYPE": "MODERN", "STATE_NAME": "Johor", "STATION_LOCATION": "Pantai Tanjung Leman", "CATEGORY": "Coastal", "STATION_STATUS": 1.0, "LATITUDE": 2.14528, "LONGITUDE": 104.007, "STATE_NAME_MWQI": "Johor", "STATION_LOCATION_MWQI": "Pantai Tanjung Leman", "CATEGORY_MWQI": "Coastal", "LATEST_MWQI": 93.0, "LATEST_CLASS": "Excellent", "MWQI_2021": 97.0, "MWQI_2022": 94.0, "MWQI_2023": 96.0, "MWQI_2024": 96.0, "MWQI_2025": 93.0, "CHANGE_1Y": -3.0, "CHANGE_5Y": -4.0, "MEAN_5Y": 95.2, "MIN_5Y": 93.0, "TREND_SLOPE_5Y": -0.60000000000001719, "TREND_DIRECTION": "Declining", "CURRENT_POOR": false, "CURRENT_MODERATE": false, "DECLINING_5Y": true, "DROP_5_PLUS": false, "DROP_10_PLUS": false }, "geometry": { "type": "Point", "coordinates": [ 104.007, 2.14528 ] } },
{ "type": "Feature", "properties": { "STATION_ID": "MMJC011", "STATION_ID_TYPE": "MODERN", "STATE_NAME": "Johor", "STATION_LOCATION": "Pantai Sri Pantai", "CATEGORY": "Coastal", "STATION_STATUS": 1.0, "LATITUDE": 2.37917, "LONGITUDE": 103.889, "STATE_NAME_MWQI": "Johor", "STATION_LOCATION_MWQI": "Pantai Sri Pantai", "CATEGORY_MWQI": "Coastal", "LATEST_MWQI": 94.0, "LATEST_CLASS": "Excellent", "MWQI_2021": 91.0, "MWQI_2022": 95.0, "MWQI_2023": 97.0, "MWQI_2024": 96.0, "MWQI_2025": 94.0, "CHANGE_1Y": -2.0, "CHANGE_5Y": 3.0, "MEAN_5Y": 94.6, "MIN_5Y": 91.0, "TREND_SLOPE_5Y": 0.7, "TREND_DIRECTION": "Improving", "CURRENT_POOR": false, "CURRENT_MODERATE": false, "DECLINING_5Y": false, "DROP_5_PLUS": false, "DROP_10_PLUS": false }, "geometry": { "type": "Point", "coordinates": [ 103.889, 2.37917 ] } },
{ "type": "Feature", "properties": { "STATION_ID": "MMJC012", "STATION_ID_TYPE": "MODERN", "STATE_NAME": "Johor", "STATION_LOCATION": "Tanjung Merak", "CATEGORY": "Coastal", "STATION_STATUS": 1.0, "LATITUDE": 1.36275, "LONGITUDE": 104.11, "STATE_NAME_MWQI": "Johor", "STATION_LOCATION_MWQI": "Tanjung Merak", "CATEGORY_MWQI": "Coastal", "LATEST_MWQI": 90.0, "LATEST_CLASS": "Excellent", "MWQI_2021": 85.0, "MWQI_2022": 89.0, "MWQI_2023": 92.0, "MWQI_2024": 95.0, "MWQI_2025": 90.0, "CHANGE_1Y": -5.0, "CHANGE_5Y": 5.0, "MEAN_5Y": 90.2, "MIN_5Y": 85.0, "TREND_SLOPE_5Y": 1.5999999999997698, "TREND_DIRECTION": "Improving", "CURRENT_POOR": false, "CURRENT_MODERATE": false, "DECLINING_5Y": false, "DROP_5_PLUS": false, "DROP_10_PLUS": false }, "geometry": { "type": "Point", "coordinates": [ 104.11, 1.36275 ] } },
{ "type": "Feature", "properties": { "STATION_ID": "MMJC013", "STATION_ID_TYPE": "MODERN", "STATE_NAME": "Johor", "STATION_LOCATION": "Tanjung Pengelih", "CATEGORY": "Coastal", "STATION_STATUS": 1.0, "LATITUDE": 1.37075, "LONGITUDE": 104.089, "STATE_NAME_MWQI": "Johor", "STATION_LOCATION_MWQI": "Tanjung Pengelih", "CATEGORY_MWQI": "Coastal", "LATEST_MWQI": 92.0, "LATEST_CLASS": "Excellent", "MWQI_2021": 92.0, "MWQI_2022": 88.0, "MWQI_2023": 94.0, "MWQI_2024": 95.0, "MWQI_2025": 92.0, "CHANGE_1Y": -3.0, "CHANGE_5Y": 0.0, "MEAN_5Y": 92.2, "MIN_5Y": 88.0, "TREND_SLOPE_5Y": 0.69999999999973128, "TREND_DIRECTION": "Improving", "CURRENT_POOR": false, "CURRENT_MODERATE": false, "DECLINING_5Y": false, "DROP_5_PLUS": false, "DROP_10_PLUS": false }, "geometry": { "type": "Point", "coordinates": [ 104.089, 1.37075 ] } },
{ "type": "Feature", "properties": { "STATION_ID": "MMJC014", "STATION_ID_TYPE": "MODERN", "STATE_NAME": "Johor", "STATION_LOCATION": "Pantai Tanjong Stapa", "CATEGORY": "Coastal", "STATION_STATUS": 1.0, "LATITUDE": 1.3425, "LONGITUDE": 104.136, "STATE_NAME_MWQI": "Johor", "STATION_LOCATION_MWQI": "Pantai Tanjong Stapa", "CATEGORY_MWQI": "Coastal", "LATEST_MWQI": 76.0, "LATEST_CLASS": "Moderate", "MWQI_2021": 72.0, "MWQI_2022": 77.0, "MWQI_2023": 93.0, "MWQI_2024": 95.0, "MWQI_2025": 76.0, "CHANGE_1Y": -19.0, "CHANGE_5Y": 4.0, "MEAN_5Y": 82.6, "MIN_5Y": 72.0, "TREND_SLOPE_5Y": 2.5999999999995005, "TREND_DIRECTION": "Improving", "CURRENT_POOR": false, "CURRENT_MODERATE": true, "DECLINING_5Y": false, "DROP_5_PLUS": false, "DROP_10_PLUS": false }, "geometry": { "type": "Point", "coordinates": [ 104.136, 1.3425 ] } },
{ "type": "Feature", "properties": { "STATION_ID": "MMJC015", "STATION_ID_TYPE": "MODERN", "STATE_NAME": "Johor", "STATION_LOCATION": "Pantai Teluk Gorek", "CATEGORY": "Coastal", "STATION_STATUS": 1.0, "LATITUDE": 2.5825, "LONGITUDE": 103.805, "STATE_NAME_MWQI": "Johor", "STATION_LOCATION_MWQI": "Pantai Teluk Gorek", "CATEGORY_MWQI": "Coastal", "LATEST_MWQI": 94.0, "LATEST_CLASS": "Excellent", "MWQI_2021": 93.0, "MWQI_2022": 93.0, "MWQI_2023": 95.0, "MWQI_2024": 96.0, "MWQI_2025": 94.0, "CHANGE_1Y": -2.0, "CHANGE_5Y": 1.0, "MEAN_5Y": 94.2, "MIN_5Y": 93.0, "TREND_SLOPE_5Y": 0.49999999999988531, "TREND_DIRECTION": "Stable", "CURRENT_POOR": false, "CURRENT_MODERATE": false, "DECLINING_5Y": false, "DROP_5_PLUS": false, "DROP_10_PLUS": false }, "geometry": { "type": "Point", "coordinates": [ 103.805, 2.5825 ] } },
{ "type": "Feature", "properties": { "STATION_ID": "MMJC016", "STATION_ID_TYPE": "MODERN", "STATE_NAME": "Johor", "STATION_LOCATION": "Pantai Air Papan", "CATEGORY": "Coastal", "STATION_STATUS": 1.0, "LATITUDE": 2.51806, "LONGITUDE": 103.833, "STATE_NAME_MWQI": "Johor", "STATION_LOCATION_MWQI": "Pantai Air Papan", "CATEGORY_MWQI": "Coastal", "LATEST_MWQI": 95.0, "LATEST_CLASS": "Excellent", "MWQI_2021": 92.0, "MWQI_2022": 93.0, "MWQI_2023": 95.0, "MWQI_2024": 95.0, "MWQI_2025": 95.0, "CHANGE_1Y": 0.0, "CHANGE_5Y": 3.0, "MEAN_5Y": 94.0, "MIN_5Y": 92.0, "TREND_SLOPE_5Y": 0.7999999999999049, "TREND_DIRECTION": "Improving", "CURRENT_POOR": false, "CURRENT_MODERATE": false, "DECLINING_5Y": false, "DROP_5_PLUS": false, "DROP_10_PLUS": false }, "geometry": { "type": "Point", "coordinates": [ 103.833, 2.51806 ] } },
{ "type": "Feature", "properties": { "STATION_ID": "MMJC017", "STATION_ID_TYPE": "MODERN", "STATE_NAME": "Johor", "STATION_LOCATION": "Jeti Kukup", "CATEGORY": "Coastal", "STATION_STATUS": 1.0, "LATITUDE": 1.325, "LONGITUDE": 103.441, "STATE_NAME_MWQI": "Johor", "STATION_LOCATION_MWQI": "Jeti Kukup", "CATEGORY_MWQI": "Coastal", "LATEST_MWQI": 77.0, "LATEST_CLASS": "Moderate", "MWQI_2021": 62.0, "MWQI_2022": 83.0, "MWQI_2023": 70.0, "MWQI_2024": 76.0, "MWQI_2025": 77.0, "CHANGE_1Y": 1.0, "CHANGE_5Y": 15.0, "MEAN_5Y": 73.6, "MIN_5Y": 62.0, "TREND_SLOPE_5Y": 2.3000000000001757, "TREND_DIRECTION": "Improving", "CURRENT_POOR": false, "CURRENT_MODERATE": true, "DECLINING_5Y": false, "DROP_5_PLUS": false, "DROP_10_PLUS": false }, "geometry": { "type": "Point", "coordinates": [ 103.441, 1.325 ] } },
{ "type": "Feature", "properties": { "STATION_ID": "MMJC018", "STATION_ID_TYPE": "MODERN", "STATE_NAME": "Johor", "STATION_LOCATION": "Pasir Gogok", "CATEGORY": "Coastal", "STATION_STATUS": 1.0, "LATITUDE": 1.41744, "LONGITUDE": 104.1, "STATE_NAME_MWQI": "Johor", "STATION_LOCATION_MWQI": "Pasir Gogok", "CATEGORY_MWQI": "Coastal", "LATEST_MWQI": 84.0, "LATEST_CLASS": "Good", "MWQI_2021": 89.0, "MWQI_2022": 89.0, "MWQI_2023": 91.0, "MWQI_2024": 93.0, "MWQI_2025": 84.0, "CHANGE_1Y": -9.0, "CHANGE_5Y": -5.0, "MEAN_5Y": 89.2, "MIN_5Y": 84.0, "TREND_SLOPE_5Y": -0.6000000000000153, "TREND_DIRECTION": "Declining", "CURRENT_POOR": false, "CURRENT_MODERATE": false, "DECLINING_5Y": true, "DROP_5_PLUS": true, "DROP_10_PLUS": false }, "geometry": { "type": "Point", "coordinates": [ 104.1, 1.41744 ] } },
{ "type": "Feature", "properties": { "STATION_ID": "MMJC019", "STATION_ID_TYPE": "MODERN", "STATE_NAME": "Johor", "STATION_LOCATION": "Tanjung Buai", "CATEGORY": "Coastal", "STATION_STATUS": 1.0, "LATITUDE": 1.49669, "LONGITUDE": 104.045, "STATE_NAME_MWQI": "Johor", "STATION_LOCATION_MWQI": "Tanjung Buai", "CATEGORY_MWQI": "Coastal", "LATEST_MWQI": 83.0, "LATEST_CLASS": "Good", "MWQI_2021": 91.0, "MWQI_2022": 87.0, "MWQI_2023": 89.0, "MWQI_2024": 90.0, "MWQI_2025": 83.0, "CHANGE_1Y": -7.0, "CHANGE_5Y": -8.0, "MEAN_5Y": 88.0, "MIN_5Y": 83.0, "TREND_SLOPE_5Y": -1.3, "TREND_DIRECTION": "Declining", "CURRENT_POOR": false, "CURRENT_MODERATE": false, "DECLINING_5Y": true, "DROP_5_PLUS": true, "DROP_10_PLUS": false }, "geometry": { "type": "Point", "coordinates": [ 104.045, 1.49669 ] } },
{ "type": "Feature", "properties": { "STATION_ID": "MMJC020", "STATION_ID_TYPE": "MODERN", "STATE_NAME": "Johor", "STATION_LOCATION": "Pantai Desaru", "CATEGORY": "Coastal", "STATION_STATUS": 1.0, "LATITUDE": 1.54667, "LONGITUDE": 104.261, "STATE_NAME_MWQI": "Johor", "STATION_LOCATION_MWQI": "Pantai Desaru", "CATEGORY_MWQI": "Coastal", "LATEST_MWQI": 96.0, "LATEST_CLASS": "Excellent", "MWQI_2021": 94.0, "MWQI_2022": 95.0, "MWQI_2023": 96.0, "MWQI_2024": 94.0, "MWQI_2025": 96.0, "CHANGE_1Y": 2.0, "CHANGE_5Y": 2.0, "MEAN_5Y": 95.0, "MIN_5Y": 94.0, "TREND_SLOPE_5Y": 0.30000000000003468, "TREND_DIRECTION": "Stable", "CURRENT_POOR": false, "CURRENT_MODERATE": false, "DECLINING_5Y": false, "DROP_5_PLUS": false, "DROP_10_PLUS": false }, "geometry": { "type": "Point", "coordinates": [ 104.261, 1.54667 ] } },
{ "type": "Feature", "properties": { "STATION_ID": "MMJC021", "STATION_ID_TYPE": "MODERN", "STATE_NAME": "Johor", "STATION_LOCATION": "Tanjung Sepang", "CATEGORY": "Coastal", "STATION_STATUS": 1.0, "LATITUDE": 1.39192, "LONGITUDE": 104.108, "STATE_NAME_MWQI": "Johor", "STATION_LOCATION_MWQI": "Tanjung Sepang", "CATEGORY_MWQI": "Coastal", "LATEST_MWQI": 88.0, "LATEST_CLASS": "Good", "MWQI_2021": 90.0, "MWQI_2022": 93.0, "MWQI_2023": 92.0, "MWQI_2024": 94.0, "MWQI_2025": 88.0, "CHANGE_1Y": -6.0, "CHANGE_5Y": -2.0, "MEAN_5Y": 91.4, "MIN_5Y": 88.0, "TREND_SLOPE_5Y": -0.29999999999994159, "TREND_DIRECTION": "Stable", "CURRENT_POOR": false, "CURRENT_MODERATE": false, "DECLINING_5Y": false, "DROP_5_PLUS": false, "DROP_10_PLUS": false }, "geometry": { "type": "Point", "coordinates": [ 104.108, 1.39192 ] } },
{ "type": "Feature", "properties": { "STATION_ID": "MMJC022", "STATION_ID_TYPE": "MODERN", "STATE_NAME": "Johor", "STATION_LOCATION": "Tanjung Penyusup", "CATEGORY": "Coastal", "STATION_STATUS": 1.0, "LATITUDE": 1.37025, "LONGITUDE": 104.28, "STATE_NAME_MWQI": "Johor", "STATION_LOCATION_MWQI": "Tanjung Penyusup", "CATEGORY_MWQI": "Coastal", "LATEST_MWQI": 93.0, "LATEST_CLASS": "Excellent", "MWQI_2021": 93.0, "MWQI_2022": 93.0, "MWQI_2023": 95.0, "MWQI_2024": 94.0, "MWQI_2025": 93.0, "CHANGE_1Y": -1.0, "CHANGE_5Y": 0.0, "MEAN_5Y": 93.6, "MIN_5Y": 93.0, "TREND_SLOPE_5Y": 0.099999999999990999, "TREND_DIRECTION": "Stable", "CURRENT_POOR": false, "CURRENT_MODERATE": false, "DECLINING_5Y": false, "DROP_5_PLUS": false, "DROP_10_PLUS": false }, "geometry": { "type": "Point", "coordinates": [ 104.28, 1.37025 ] } },
{ "type": "Feature", "properties": { "STATION_ID": "MMJC023", "STATION_ID_TYPE": "MODERN", "STATE_NAME": "Johor", "STATION_LOCATION": "Pantai Sungai Lurus", "CATEGORY": "Coastal", "STATION_STATUS": 1.0, "LATITUDE": 1.72833, "LONGITUDE": 103.029, "STATE_NAME_MWQI": "Johor", "STATION_LOCATION_MWQI": "Pantai Sungai Lurus", "CATEGORY_MWQI": "Coastal", "LATEST_MWQI": 84.0, "LATEST_CLASS": "Good", "MWQI_2021": 88.0, "MWQI_2022": 85.0, "MWQI_2023": 94.0, "MWQI_2024": 94.0, "MWQI_2025": 84.0, "CHANGE_1Y": -10.0, "CHANGE_5Y": -4.0, "MEAN_5Y": 89.0, "MIN_5Y": 84.0, "TREND_SLOPE_5Y": 0.099999999999796682, "TREND_DIRECTION": "Stable", "CURRENT_POOR": false, "CURRENT_MODERATE": false, "DECLINING_5Y": false, "DROP_5_PLUS": false, "DROP_10_PLUS": false }, "geometry": { "type": "Point", "coordinates": [ 103.029, 1.72833 ] } },
{ "type": "Feature", "properties": { "STATION_ID": "MMJC024", "STATION_ID_TYPE": "MODERN", "STATE_NAME": "Johor", "STATION_LOCATION": "Punggur", "CATEGORY": "Coastal", "STATION_STATUS": 1.0, "LATITUDE": 1.68472, "LONGITUDE": 103.098, "STATE_NAME_MWQI": "Johor", "STATION_LOCATION_MWQI": "Punggur", "CATEGORY_MWQI": "Coastal", "LATEST_MWQI": 74.0, "LATEST_CLASS": "Moderate", "MWQI_2021": 90.0, "MWQI_2022": 79.0, "MWQI_2023": 95.0, "MWQI_2024": 81.0, "MWQI_2025": 74.0, "CHANGE_1Y": -7.0, "CHANGE_5Y": -16.0, "MEAN_5Y": 83.8, "MIN_5Y": 74.0, "TREND_SLOPE_5Y": -2.9999999999996909, "TREND_DIRECTION": "Declining", "CURRENT_POOR": false, "CURRENT_MODERATE": true, "DECLINING_5Y": true, "DROP_5_PLUS": true, "DROP_10_PLUS": true }, "geometry": { "type": "Point", "coordinates": [ 103.098, 1.68472 ] } },
{ "type": "Feature", "properties": { "STATION_ID": "MMCC001", "STATION_ID_TYPE": "MODERN", "STATE_NAME": "Pahang", "STATION_LOCATION": "Pantai Cherating (Club Med)", "CATEGORY": "Coastal", "STATION_STATUS": 1.0, "LATITUDE": 4.14197, "LONGITUDE": 103.409, "STATE_NAME_MWQI": "Pahang", "STATION_LOCATION_MWQI": "Pantai Cherating (Club Med A)", "CATEGORY_MWQI": "Coastal", "LATEST_MWQI": 95.0, "LATEST_CLASS": "Excellent", "MWQI_2021": 95.0, "MWQI_2022": 80.0, "MWQI_2023": 96.0, "MWQI_2024": 96.0, "MWQI_2025": 95.0, "CHANGE_1Y": -1.0, "CHANGE_5Y": 0.0, "MEAN_5Y": 92.4, "MIN_5Y": 80.0, "TREND_SLOPE_5Y": 1.5999999999992902, "TREND_DIRECTION": "Improving", "CURRENT_POOR": false, "CURRENT_MODERATE": false, "DECLINING_5Y": false, "DROP_5_PLUS": false, "DROP_10_PLUS": false }, "geometry": { "type": "Point", "coordinates": [ 103.409, 4.14197 ] } },
{ "type": "Feature", "properties": { "STATION_ID": "MMCC002", "STATION_ID_TYPE": "MODERN", "STATE_NAME": "Pahang", "STATION_LOCATION": "Pantai Cherating (Club Med)", "CATEGORY": "Coastal", "STATION_STATUS": 1.0, "LATITUDE": 4.12786, "LONGITUDE": 103.406, "STATE_NAME_MWQI": "Pahang", "STATION_LOCATION_MWQI": "Pantai Cherating (Club Med B)", "CATEGORY_MWQI": "Coastal", "LATEST_MWQI": 96.0, "LATEST_CLASS": "Excellent", "MWQI_2021": 97.0, "MWQI_2022": 87.0, "MWQI_2023": 96.0, "MWQI_2024": 97.0, "MWQI_2025": 96.0, "CHANGE_1Y": -1.0, "CHANGE_5Y": -1.0, "MEAN_5Y": 94.6, "MIN_5Y": 87.0, "TREND_SLOPE_5Y": 0.79999999999955185, "TREND_DIRECTION": "Improving", "CURRENT_POOR": false, "CURRENT_MODERATE": false, "DECLINING_5Y": false, "DROP_5_PLUS": false, "DROP_10_PLUS": false }, "geometry": { "type": "Point", "coordinates": [ 103.406, 4.12786 ] } },
{ "type": "Feature", "properties": { "STATION_ID": "MMCC003", "STATION_ID_TYPE": "MODERN", "STATE_NAME": "Pahang", "STATION_LOCATION": "Pantai Cherating (Legend)", "CATEGORY": "Coastal", "STATION_STATUS": 1.0, "LATITUDE": 4.11167, "LONGITUDE": 103.386, "STATE_NAME_MWQI": "Pahang", "STATION_LOCATION_MWQI": "Pantai Cherating (Legend A)", "CATEGORY_MWQI": "Coastal", "LATEST_MWQI": 94.0, "LATEST_CLASS": "Excellent", "MWQI_2021": 93.0, "MWQI_2022": 93.0, "MWQI_2023": 96.0, "MWQI_2024": 95.0, "MWQI_2025": 94.0, "CHANGE_1Y": -1.0, "CHANGE_5Y": 1.0, "MEAN_5Y": 94.2, "MIN_5Y": 93.0, "TREND_SLOPE_5Y": 0.39999999999994468, "TREND_DIRECTION": "Stable", "CURRENT_POOR": false, "CURRENT_MODERATE": false, "DECLINING_5Y": false, "DROP_5_PLUS": false, "DROP_10_PLUS": false }, "geometry": { "type": "Point", "coordinates": [ 103.386, 4.11167 ] } },
{ "type": "Feature", "properties": { "STATION_ID": "MMCC004", "STATION_ID_TYPE": "MODERN", "STATE_NAME": "Pahang", "STATION_LOCATION": "Pantai Cherating (Legend)", "CATEGORY": "Coastal", "STATION_STATUS": 1.0, "LATITUDE": 4.10461, "LONGITUDE": 103.386, "STATE_NAME_MWQI": "Pahang", "STATION_LOCATION_MWQI": "Pantai Cherating (Legend B)", "CATEGORY_MWQI": "Coastal", "LATEST_MWQI": 96.0, "LATEST_CLASS": "Excellent", "MWQI_2021": 95.0, "MWQI_2022": 94.0, "MWQI_2023": 96.0, "MWQI_2024": 97.0, "MWQI_2025": 96.0, "CHANGE_1Y": -1.0, "CHANGE_5Y": 1.0, "MEAN_5Y": 95.6, "MIN_5Y": 94.0, "TREND_SLOPE_5Y": 0.49999999999986039, "TREND_DIRECTION": "Stable", "CURRENT_POOR": false, "CURRENT_MODERATE": false, "DECLINING_5Y": false, "DROP_5_PLUS": false, "DROP_10_PLUS": false }, "geometry": { "type": "Point", "coordinates": [ 103.386, 4.10461 ] } },
{ "type": "Feature", "properties": { "STATION_ID": "MMCC005", "STATION_ID_TYPE": "MODERN", "STATE_NAME": "Pahang", "STATION_LOCATION": "Pantai Muhibbah Balok", "CATEGORY": "Coastal", "STATION_STATUS": 1.0, "LATITUDE": 3.94163, "LONGITUDE": 103.385, "STATE_NAME_MWQI": "Pahang", "STATION_LOCATION_MWQI": "Pantai Muhibbah Balok A", "CATEGORY_MWQI": "Coastal", "LATEST_MWQI": 93.0, "LATEST_CLASS": "Excellent", "MWQI_2021": 90.0, "MWQI_2022": 93.0, "MWQI_2023": 96.0, "MWQI_2024": 94.0, "MWQI_2025": 93.0, "CHANGE_1Y": -1.0, "CHANGE_5Y": 3.0, "MEAN_5Y": 93.2, "MIN_5Y": 90.0, "TREND_SLOPE_5Y": 0.7, "TREND_DIRECTION": "Improving", "CURRENT_POOR": false, "CURRENT_MODERATE": false, "DECLINING_5Y": false, "DROP_5_PLUS": false, "DROP_10_PLUS": false }, "geometry": { "type": "Point", "coordinates": [ 103.385, 3.94163 ] } },
{ "type": "Feature", "properties": { "STATION_ID": "MMCC006", "STATION_ID_TYPE": "MODERN", "STATE_NAME": "Pahang", "STATION_LOCATION": "Pantai Muhibbah Balok", "CATEGORY": "Coastal", "STATION_STATUS": 1.0, "LATITUDE": 3.92353, "LONGITUDE": 103.375, "STATE_NAME_MWQI": "Pahang", "STATION_LOCATION_MWQI": "Pantai Muhibbah Balok B", "CATEGORY_MWQI": "Coastal", "LATEST_MWQI": 72.0, "LATEST_CLASS": "Moderate", "MWQI_2021": 74.0, "MWQI_2022": 90.0, "MWQI_2023": 92.0, "MWQI_2024": 94.0, "MWQI_2025": 72.0, "CHANGE_1Y": -22.0, "CHANGE_5Y": -2.0, "MEAN_5Y": 84.4, "MIN_5Y": 72.0, "TREND_SLOPE_5Y": 2.1961865808476289e-13, "TREND_DIRECTION": "Stable", "CURRENT_POOR": false, "CURRENT_MODERATE": true, "DECLINING_5Y": false, "DROP_5_PLUS": false, "DROP_10_PLUS": false }, "geometry": { "type": "Point", "coordinates": [ 103.375, 3.92353 ] } },
{ "type": "Feature", "properties": { "STATION_ID": "MMCC007", "STATION_ID_TYPE": "MODERN", "STATE_NAME": "Pahang", "STATION_LOCATION": "Pantai Batu Hitam", "CATEGORY": "Coastal", "STATION_STATUS": 1.0, "LATITUDE": 3.886, "LONGITUDE": 103.368, "STATE_NAME_MWQI": "Pahang", "STATION_LOCATION_MWQI": "Pantai Batu Hitam A", "CATEGORY_MWQI": "Coastal", "LATEST_MWQI": 93.0, "LATEST_CLASS": "Excellent", "MWQI_2021": 92.0, "MWQI_2022": 93.0, "MWQI_2023": 92.0, "MWQI_2024": 95.0, "MWQI_2025": 93.0, "CHANGE_1Y": -2.0, "CHANGE_5Y": 1.0, "MEAN_5Y": 93.0, "MIN_5Y": 92.0, "TREND_SLOPE_5Y": 0.39999999999990338, "TREND_DIRECTION": "Stable", "CURRENT_POOR": false, "CURRENT_MODERATE": false, "DECLINING_5Y": false, "DROP_5_PLUS": false, "DROP_10_PLUS": false }, "geometry": { "type": "Point", "coordinates": [ 103.368, 3.886 ] } },
{ "type": "Feature", "properties": { "STATION_ID": "MMCC008", "STATION_ID_TYPE": "MODERN", "STATE_NAME": "Pahang", "STATION_LOCATION": "Pantai Batu Hitam", "CATEGORY": "Coastal", "STATION_STATUS": 1.0, "LATITUDE": 3.89031, "LONGITUDE": 103.369, "STATE_NAME_MWQI": "Pahang", "STATION_LOCATION_MWQI": "Pantai Batu Hitam B", "CATEGORY_MWQI": "Coastal", "LATEST_MWQI": 92.0, "LATEST_CLASS": "Excellent", "MWQI_2021": 84.0, "MWQI_2022": 96.0, "MWQI_2023": 94.0, "MWQI_2024": 97.0, "MWQI_2025": 92.0, "CHANGE_1Y": -5.0, "CHANGE_5Y": 8.0, "MEAN_5Y": 92.6, "MIN_5Y": 84.0, "TREND_SLOPE_5Y": 1.7, "TREND_DIRECTION": "Improving", "CURRENT_POOR": false, "CURRENT_MODERATE": false, "DECLINING_5Y": false, "DROP_5_PLUS": false, "DROP_10_PLUS": false }, "geometry": { "type": "Point", "coordinates": [ 103.369, 3.89031 ] } },
{ "type": "Feature", "properties": { "STATION_ID": "MMCC009", "STATION_ID_TYPE": "MODERN", "STATE_NAME": "Pahang", "STATION_LOCATION": "Pantai Berserah", "CATEGORY": "Coastal", "STATION_STATUS": 1.0, "LATITUDE": 3.88228, "LONGITUDE": 103.368, "STATE_NAME_MWQI": "Pahang", "STATION_LOCATION_MWQI": "Pantai Berserah A", "CATEGORY_MWQI": "Coastal", "LATEST_MWQI": 96.0, "LATEST_CLASS": "Excellent", "MWQI_2021": 93.0, "MWQI_2022": 93.0, "MWQI_2023": 93.0, "MWQI_2024": 95.0, "MWQI_2025": 96.0, "CHANGE_1Y": 1.0, "CHANGE_5Y": 3.0, "MEAN_5Y": 94.0, "MIN_5Y": 93.0, "TREND_SLOPE_5Y": 0.79999999999984417, "TREND_DIRECTION": "Improving", "CURRENT_POOR": false, "CURRENT_MODERATE": false, "DECLINING_5Y": false, "DROP_5_PLUS": false, "DROP_10_PLUS": false }, "geometry": { "type": "Point", "coordinates": [ 103.368, 3.88228 ] } },
{ "type": "Feature", "properties": { "STATION_ID": "MMCC010", "STATION_ID_TYPE": "MODERN", "STATE_NAME": "Pahang", "STATION_LOCATION": "Pantai Berserah", "CATEGORY": "Coastal", "STATION_STATUS": 1.0, "LATITUDE": 3.876, "LONGITUDE": 103.369, "STATE_NAME_MWQI": "Pahang", "STATION_LOCATION_MWQI": "Pantai Berserah B", "CATEGORY_MWQI": "Coastal", "LATEST_MWQI": 95.0, "LATEST_CLASS": "Excellent", "MWQI_2021": 90.0, "MWQI_2022": 90.0, "MWQI_2023": 94.0, "MWQI_2024": 93.0, "MWQI_2025": 95.0, "CHANGE_1Y": 2.0, "CHANGE_5Y": 5.0, "MEAN_5Y": 92.4, "MIN_5Y": 90.0, "TREND_SLOPE_5Y": 1.2999999999998235, "TREND_DIRECTION": "Improving", "CURRENT_POOR": false, "CURRENT_MODERATE": false, "DECLINING_5Y": false, "DROP_5_PLUS": false, "DROP_10_PLUS": false }, "geometry": { "type": "Point", "coordinates": [ 103.369, 3.876 ] } },
{ "type": "Feature", "properties": { "STATION_ID": "MMCC011", "STATION_ID_TYPE": "MODERN", "STATE_NAME": "Pahang", "STATION_LOCATION": "Pantai Teluk Cempedak", "CATEGORY": "Coastal", "STATION_STATUS": 1.0, "LATITUDE": 3.81667, "LONGITUDE": 103.374, "STATE_NAME_MWQI": "Pahang", "STATION_LOCATION_MWQI": "Pantai Teluk Cempedak A", "CATEGORY_MWQI": "Coastal", "LATEST_MWQI": 93.0, "LATEST_CLASS": "Excellent", "MWQI_2021": 94.0, "MWQI_2022": 95.0, "MWQI_2023": 95.0, "MWQI_2024": 92.0, "MWQI_2025": 93.0, "CHANGE_1Y": 1.0, "CHANGE_5Y": -1.0, "MEAN_5Y": 93.8, "MIN_5Y": 92.0, "TREND_SLOPE_5Y": -0.49999999999982941, "TREND_DIRECTION": "Stable", "CURRENT_POOR": false, "CURRENT_MODERATE": false, "DECLINING_5Y": false, "DROP_5_PLUS": false, "DROP_10_PLUS": false }, "geometry": { "type": "Point", "coordinates": [ 103.374, 3.81667 ] } },
{ "type": "Feature", "properties": { "STATION_ID": "MMCC012", "STATION_ID_TYPE": "MODERN", "STATE_NAME": "Pahang", "STATION_LOCATION": "Pantai Teluk Cempedak", "CATEGORY": "Coastal", "STATION_STATUS": 1.0, "LATITUDE": 3.81019, "LONGITUDE": 103.374, "STATE_NAME_MWQI": "Pahang", "STATION_LOCATION_MWQI": "Pantai Teluk Cempedak B", "CATEGORY_MWQI": "Coastal", "LATEST_MWQI": 95.0, "LATEST_CLASS": "Excellent", "MWQI_2021": 93.0, "MWQI_2022": 95.0, "MWQI_2023": 96.0, "MWQI_2024": 87.0, "MWQI_2025": 95.0, "CHANGE_1Y": 8.0, "CHANGE_5Y": 2.0, "MEAN_5Y": 93.2, "MIN_5Y": 87.0, "TREND_SLOPE_5Y": -0.39999999999965435, "TREND_DIRECTION": "Stable", "CURRENT_POOR": false, "CURRENT_MODERATE": false, "DECLINING_5Y": false, "DROP_5_PLUS": false, "DROP_10_PLUS": false }, "geometry": { "type": "Point", "coordinates": [ 103.374, 3.81019 ] } },
{ "type": "Feature", "properties": { "STATION_ID": "MMCC013", "STATION_ID_TYPE": "MODERN", "STATE_NAME": "Pahang", "STATION_LOCATION": "Pantai Teluk Gelora", "CATEGORY": "Coastal", "STATION_STATUS": 1.0, "LATITUDE": 3.80303, "LONGITUDE": 103.364, "STATE_NAME_MWQI": "Pahang", "STATION_LOCATION_MWQI": "Pantai Teluk Gelora A", "CATEGORY_MWQI": "Coastal", "LATEST_MWQI": 94.0, "LATEST_CLASS": "Excellent", "MWQI_2021": 72.0, "MWQI_2022": 70.0, "MWQI_2023": 95.0, "MWQI_2024": 91.0, "MWQI_2025": 94.0, "CHANGE_1Y": 3.0, "CHANGE_5Y": 22.0, "MEAN_5Y": 84.4, "MIN_5Y": 70.0, "TREND_SLOPE_5Y": 6.4999999999989688, "TREND_DIRECTION": "Improving", "CURRENT_POOR": false, "CURRENT_MODERATE": false, "DECLINING_5Y": false, "DROP_5_PLUS": false, "DROP_10_PLUS": false }, "geometry": { "type": "Point", "coordinates": [ 103.364, 3.80303 ] } },
{ "type": "Feature", "properties": { "STATION_ID": "MMCC014", "STATION_ID_TYPE": "MODERN", "STATE_NAME": "Pahang", "STATION_LOCATION": "Pantai Teluk Gelora", "CATEGORY": "Coastal", "STATION_STATUS": 1.0, "LATITUDE": 3.80278, "LONGITUDE": 103.351, "STATE_NAME_MWQI": "Pahang", "STATION_LOCATION_MWQI": "Pantai Teluk Gelora B", "CATEGORY_MWQI": "Coastal", "LATEST_MWQI": 89.0, "LATEST_CLASS": "Good", "MWQI_2021": 59.0, "MWQI_2022": 59.0, "MWQI_2023": 92.0, "MWQI_2024": 87.0, "MWQI_2025": 89.0, "CHANGE_1Y": 2.0, "CHANGE_5Y": 30.0, "MEAN_5Y": 77.2, "MIN_5Y": 59.0, "TREND_SLOPE_5Y": 8.7999999999986631, "TREND_DIRECTION": "Improving", "CURRENT_POOR": false, "CURRENT_MODERATE": false, "DECLINING_5Y": false, "DROP_5_PLUS": false, "DROP_10_PLUS": false }, "geometry": { "type": "Point", "coordinates": [ 103.351, 3.80278 ] } },
{ "type": "Feature", "properties": { "STATION_ID": "MMCC015", "STATION_ID_TYPE": "MODERN", "STATE_NAME": "Pahang", "STATION_LOCATION": "Pantai Sepat", "CATEGORY": "Coastal", "STATION_STATUS": 1.0, "LATITUDE": 3.7015, "LONGITUDE": 103.339, "STATE_NAME_MWQI": "Pahang", "STATION_LOCATION_MWQI": "Pantai Sepat A", "CATEGORY_MWQI": "Coastal", "LATEST_MWQI": 94.0, "LATEST_CLASS": "Excellent", "MWQI_2021": 94.0, "MWQI_2022": 96.0, "MWQI_2023": 96.0, "MWQI_2024": 96.0, "MWQI_2025": 94.0, "CHANGE_1Y": -2.0, "CHANGE_5Y": 0.0, "MEAN_5Y": 95.2, "MIN_5Y": 94.0, "TREND_SLOPE_5Y": 4.3379737508514056e-14, "TREND_DIRECTION": "Stable", "CURRENT_POOR": false, "CURRENT_MODERATE": false, "DECLINING_5Y": false, "DROP_5_PLUS": false, "DROP_10_PLUS": false }, "geometry": { "type": "Point", "coordinates": [ 103.339, 3.7015 ] } },
{ "type": "Feature", "properties": { "STATION_ID": "MMCC016", "STATION_ID_TYPE": "MODERN", "STATE_NAME": "Pahang", "STATION_LOCATION": "Pantai Sepat (B)", "CATEGORY": "Coastal", "STATION_STATUS": 1.0, "LATITUDE": 3.69886, "LONGITUDE": 103.34, "STATE_NAME_MWQI": "Pahang", "STATION_LOCATION_MWQI": "Pantai Sepat B", "CATEGORY_MWQI": "Coastal", "LATEST_MWQI": 94.0, "LATEST_CLASS": "Excellent", "MWQI_2021": 95.0, "MWQI_2022": 95.0, "MWQI_2023": 94.0, "MWQI_2024": 95.0, "MWQI_2025": 94.0, "CHANGE_1Y": -1.0, "CHANGE_5Y": -1.0, "MEAN_5Y": 94.6, "MIN_5Y": 94.0, "TREND_SLOPE_5Y": -0.19999999999998885, "TREND_DIRECTION": "Stable", "CURRENT_POOR": false, "CURRENT_MODERATE": false, "DECLINING_5Y": false, "DROP_5_PLUS": false, "DROP_10_PLUS": false }, "geometry": { "type": "Point", "coordinates": [ 103.34, 3.69886 ] } },
{ "type": "Feature", "properties": { "STATION_ID": "MMCC017", "STATION_ID_TYPE": "MODERN", "STATE_NAME": "Pahang", "STATION_LOCATION": "Pantai Legenda (A)", "CATEGORY": "Coastal", "STATION_STATUS": 1.0, "LATITUDE": 3.61798, "LONGITUDE": 103.413, "STATE_NAME_MWQI": "Pahang", "STATION_LOCATION_MWQI": "Pantai Legenda A", "CATEGORY_MWQI": "Coastal", "LATEST_MWQI": 95.0, "LATEST_CLASS": "Excellent", "MWQI_2021": 92.0, "MWQI_2022": 95.0, "MWQI_2023": 96.0, "MWQI_2024": 96.0, "MWQI_2025": 95.0, "CHANGE_1Y": -1.0, "CHANGE_5Y": 3.0, "MEAN_5Y": 94.8, "MIN_5Y": 92.0, "TREND_SLOPE_5Y": 0.69999999999997486, "TREND_DIRECTION": "Improving", "CURRENT_POOR": false, "CURRENT_MODERATE": false, "DECLINING_5Y": false, "DROP_5_PLUS": false, "DROP_10_PLUS": false }, "geometry": { "type": "Point", "coordinates": [ 103.413, 3.61798 ] } },
{ "type": "Feature", "properties": { "STATION_ID": "MMCC018", "STATION_ID_TYPE": "MODERN", "STATE_NAME": "Pahang", "STATION_LOCATION": "Pantai Legenda (B)", "CATEGORY": "Coastal", "STATION_STATUS": 1.0, "LATITUDE": 3.55029, "LONGITUDE": 103.467, "STATE_NAME_MWQI": "Pahang", "STATION_LOCATION_MWQI": "Pantai Legenda B", "CATEGORY_MWQI": "Coastal", "LATEST_MWQI": 96.0, "LATEST_CLASS": "Excellent", "MWQI_2021": 92.0, "MWQI_2022": 95.0, "MWQI_2023": 97.0, "MWQI_2024": 96.0, "MWQI_2025": 96.0, "CHANGE_1Y": 0.0, "CHANGE_5Y": 4.0, "MEAN_5Y": 95.2, "MIN_5Y": 92.0, "TREND_SLOPE_5Y": 0.8999999999999575, "TREND_DIRECTION": "Improving", "CURRENT_POOR": false, "CURRENT_MODERATE": false, "DECLINING_5Y": false, "DROP_5_PLUS": false, "DROP_10_PLUS": false }, "geometry": { "type": "Point", "coordinates": [ 103.467, 3.55029 ] } },
{ "type": "Feature", "properties": { "STATION_ID": "MMCC019", "STATION_ID_TYPE": "MODERN", "STATE_NAME": "Pahang", "STATION_LOCATION": "Pantai Kuala Api-Api", "CATEGORY": "Coastal", "STATION_STATUS": 1.0, "LATITUDE": 3.28119, "LONGITUDE": 103.433, "STATE_NAME_MWQI": "Pahang", "STATION_LOCATION_MWQI": "Pantai Kuala Api-Api", "CATEGORY_MWQI": "Coastal", "LATEST_MWQI": 95.0, "LATEST_CLASS": "Excellent", "MWQI_2021": 94.0, "MWQI_2022": 95.0, "MWQI_2023": 96.0, "MWQI_2024": 96.0, "MWQI_2025": 95.0, "CHANGE_1Y": -1.0, "CHANGE_5Y": 1.0, "MEAN_5Y": 95.2, "MIN_5Y": 94.0, "TREND_SLOPE_5Y": 0.29999999999997984, "TREND_DIRECTION": "Stable", "CURRENT_POOR": false, "CURRENT_MODERATE": false, "DECLINING_5Y": false, "DROP_5_PLUS": false, "DROP_10_PLUS": false }, "geometry": { "type": "Point", "coordinates": [ 103.433, 3.28119 ] } },
{ "type": "Feature", "properties": { "STATION_ID": "MMCC020", "STATION_ID_TYPE": "MODERN", "STATE_NAME": "Pahang", "STATION_LOCATION": "Pantai Tanjung Batu", "CATEGORY": "Coastal", "STATION_STATUS": 1.0, "LATITUDE": 3.20503, "LONGITUDE": 103.447, "STATE_NAME_MWQI": "Pahang", "STATION_LOCATION_MWQI": "Pantai Tanjung Batu", "CATEGORY_MWQI": "Coastal", "LATEST_MWQI": 96.0, "LATEST_CLASS": "Excellent", "MWQI_2021": 94.0, "MWQI_2022": 92.0, "MWQI_2023": 96.0, "MWQI_2024": 95.0, "MWQI_2025": 96.0, "CHANGE_1Y": 1.0, "CHANGE_5Y": 2.0, "MEAN_5Y": 94.6, "MIN_5Y": 92.0, "TREND_SLOPE_5Y": 0.69999999999985907, "TREND_DIRECTION": "Improving", "CURRENT_POOR": false, "CURRENT_MODERATE": false, "DECLINING_5Y": false, "DROP_5_PLUS": false, "DROP_10_PLUS": false }, "geometry": { "type": "Point", "coordinates": [ 103.447, 3.20503 ] } },
{ "type": "Feature", "properties": { "STATION_ID": "MMTC001", "STATION_ID_TYPE": "MODERN", "STATE_NAME": "Terengganu", "STATION_LOCATION": "Pantai Batu Buruk", "CATEGORY": "Coastal", "STATION_STATUS": 1.0, "LATITUDE": 5.32654, "LONGITUDE": 103.156, "STATE_NAME_MWQI": "Terengganu", "STATION_LOCATION_MWQI": "Pantai Batu Buruk", "CATEGORY_MWQI": "Coastal", "LATEST_MWQI": 95.0, "LATEST_CLASS": "Excellent", "MWQI_2021": 88.0, "MWQI_2022": 95.0, "MWQI_2023": 91.0, "MWQI_2024": 97.0, "MWQI_2025": 95.0, "CHANGE_1Y": -2.0, "CHANGE_5Y": 7.0, "MEAN_5Y": 93.2, "MIN_5Y": 88.0, "TREND_SLOPE_5Y": 1.5999999999998449, "TREND_DIRECTION": "Improving", "CURRENT_POOR": false, "CURRENT_MODERATE": false, "DECLINING_5Y": false, "DROP_5_PLUS": false, "DROP_10_PLUS": false }, "geometry": { "type": "Point", "coordinates": [ 103.156, 5.32654 ] } },
{ "type": "Feature", "properties": { "STATION_ID": "MMTC002", "STATION_ID_TYPE": "MODERN", "STATE_NAME": "Terengganu", "STATION_LOCATION": "Pantai Bukit Keluang", "CATEGORY": "Coastal", "STATION_STATUS": 1.0, "LATITUDE": 5.80676, "LONGITUDE": 102.61, "STATE_NAME_MWQI": "Terengganu", "STATION_LOCATION_MWQI": "Pantai Bukit Keluang", "CATEGORY_MWQI": "Coastal", "LATEST_MWQI": 95.0, "LATEST_CLASS": "Excellent", "MWQI_2021": 96.0, "MWQI_2022": 95.0, "MWQI_2023": 96.0, "MWQI_2024": 96.0, "MWQI_2025": 95.0, "CHANGE_1Y": -1.0, "CHANGE_5Y": -1.0, "MEAN_5Y": 95.6, "MIN_5Y": 95.0, "TREND_SLOPE_5Y": -0.10000000000001608, "TREND_DIRECTION": "Stable", "CURRENT_POOR": false, "CURRENT_MODERATE": false, "DECLINING_5Y": false, "DROP_5_PLUS": false, "DROP_10_PLUS": false }, "geometry": { "type": "Point", "coordinates": [ 102.61, 5.80676 ] } },
{ "type": "Feature", "properties": { "STATION_ID": "MMTC003", "STATION_ID_TYPE": "MODERN", "STATE_NAME": "Terengganu", "STATION_LOCATION": "Pantai Chendering", "CATEGORY": "Coastal", "STATION_STATUS": 1.0, "LATITUDE": 5.27104, "LONGITUDE": 103.189, "STATE_NAME_MWQI": "Terengganu", "STATION_LOCATION_MWQI": "Pantai Chendering", "CATEGORY_MWQI": "Coastal", "LATEST_MWQI": 93.0, "LATEST_CLASS": "Excellent", "MWQI_2021": 95.0, "MWQI_2022": 95.0, "MWQI_2023": 97.0, "MWQI_2024": 96.0, "MWQI_2025": 93.0, "CHANGE_1Y": -3.0, "CHANGE_5Y": -2.0, "MEAN_5Y": 95.2, "MIN_5Y": 93.0, "TREND_SLOPE_5Y": -0.29999999999995913, "TREND_DIRECTION": "Stable", "CURRENT_POOR": false, "CURRENT_MODERATE": false, "DECLINING_5Y": false, "DROP_5_PLUS": false, "DROP_10_PLUS": false }, "geometry": { "type": "Point", "coordinates": [ 103.189, 5.27104 ] } },
{ "type": "Feature", "properties": { "STATION_ID": "MMTC004", "STATION_ID_TYPE": "MODERN", "STATE_NAME": "Terengganu", "STATION_LOCATION": "Pantai Rantau Abang", "CATEGORY": "Coastal", "STATION_STATUS": 1.0, "LATITUDE": 4.87237, "LONGITUDE": 103.393, "STATE_NAME_MWQI": "Terengganu", "STATION_LOCATION_MWQI": "Pantai Rantau Abang", "CATEGORY_MWQI": "Coastal", "LATEST_MWQI": 94.0, "LATEST_CLASS": "Excellent", "MWQI_2021": 96.0, "MWQI_2022": 97.0, "MWQI_2023": 97.0, "MWQI_2024": 96.0, "MWQI_2025": 94.0, "CHANGE_1Y": -2.0, "CHANGE_5Y": -2.0, "MEAN_5Y": 96.0, "MIN_5Y": 94.0, "TREND_SLOPE_5Y": -0.49999999999989092, "TREND_DIRECTION": "Stable", "CURRENT_POOR": false, "CURRENT_MODERATE": false, "DECLINING_5Y": false, "DROP_5_PLUS": false, "DROP_10_PLUS": false }, "geometry": { "type": "Point", "coordinates": [ 103.393, 4.87237 ] } },
{ "type": "Feature", "properties": { "STATION_ID": "MMTC005", "STATION_ID_TYPE": "MODERN", "STATE_NAME": "Terengganu", "STATION_LOCATION": "KIPC Utara", "CATEGORY": "Coastal", "STATION_STATUS": 1.0, "LATITUDE": 4.61285, "LONGITUDE": 103.452, "STATE_NAME_MWQI": "Terengganu", "STATION_LOCATION_MWQI": "KIPC Utara", "CATEGORY_MWQI": "Coastal", "LATEST_MWQI": 96.0, "LATEST_CLASS": "Excellent", "MWQI_2021": 95.0, "MWQI_2022": 94.0, "MWQI_2023": 96.0, "MWQI_2024": 96.0, "MWQI_2025": 96.0, "CHANGE_1Y": 0.0, "CHANGE_5Y": 1.0, "MEAN_5Y": 95.4, "MIN_5Y": 94.0, "TREND_SLOPE_5Y": 0.39999999999991376, "TREND_DIRECTION": "Stable", "CURRENT_POOR": false, "CURRENT_MODERATE": false, "DECLINING_5Y": false, "DROP_5_PLUS": false, "DROP_10_PLUS": false }, "geometry": { "type": "Point", "coordinates": [ 103.452, 4.61285 ] } },
{ "type": "Feature", "properties": { "STATION_ID": "MMTC006", "STATION_ID_TYPE": "MODERN", "STATE_NAME": "Terengganu", "STATION_LOCATION": "KIPC Tengah", "CATEGORY": "Coastal", "STATION_STATUS": 1.0, "LATITUDE": 4.58227, "LONGITUDE": 103.466, "STATE_NAME_MWQI": "Terengganu", "STATION_LOCATION_MWQI": "KIPC Tengah", "CATEGORY_MWQI": "Coastal", "LATEST_MWQI": 95.0, "LATEST_CLASS": "Excellent", "MWQI_2021": 94.0, "MWQI_2022": 94.0, "MWQI_2023": 96.0, "MWQI_2024": 96.0, "MWQI_2025": 95.0, "CHANGE_1Y": -1.0, "CHANGE_5Y": 1.0, "MEAN_5Y": 95.0, "MIN_5Y": 94.0, "TREND_SLOPE_5Y": 0.39999999999993124, "TREND_DIRECTION": "Stable", "CURRENT_POOR": false, "CURRENT_MODERATE": false, "DECLINING_5Y": false, "DROP_5_PLUS": false, "DROP_10_PLUS": false }, "geometry": { "type": "Point", "coordinates": [ 103.466, 4.58227 ] } },
{ "type": "Feature", "properties": { "STATION_ID": "MMTC007", "STATION_ID_TYPE": "MODERN", "STATE_NAME": "Terengganu", "STATION_LOCATION": "KIPC Selatan", "CATEGORY": "Coastal", "STATION_STATUS": 1.0, "LATITUDE": 4.5536, "LONGITUDE": 103.477, "STATE_NAME_MWQI": "Terengganu", "STATION_LOCATION_MWQI": "KIPC Selatan", "CATEGORY_MWQI": "Coastal", "LATEST_MWQI": 93.0, "LATEST_CLASS": "Excellent", "MWQI_2021": 95.0, "MWQI_2022": 95.0, "MWQI_2023": 96.0, "MWQI_2024": 95.0, "MWQI_2025": 93.0, "CHANGE_1Y": -2.0, "CHANGE_5Y": -2.0, "MEAN_5Y": 94.8, "MIN_5Y": 93.0, "TREND_SLOPE_5Y": -0.39999999999993568, "TREND_DIRECTION": "Stable", "CURRENT_POOR": false, "CURRENT_MODERATE": false, "DECLINING_5Y": false, "DROP_5_PLUS": false, "DROP_10_PLUS": false }, "geometry": { "type": "Point", "coordinates": [ 103.477, 4.5536 ] } },
{ "type": "Feature", "properties": { "STATION_ID": "MMDC001", "STATION_ID_TYPE": "MODERN", "STATE_NAME": "Kelantan", "STATION_LOCATION": "Pantai Seri Tujuh", "CATEGORY": "Coastal", "STATION_STATUS": 1.0, "LATITUDE": 6.22804, "LONGITUDE": 102.117, "STATE_NAME_MWQI": "Kelantan", "STATION_LOCATION_MWQI": "Pantai Seri Tujuh", "CATEGORY_MWQI": "Coastal", "LATEST_MWQI": 94.0, "LATEST_CLASS": "Excellent", "MWQI_2021": 93.0, "MWQI_2022": 94.0, "MWQI_2023": 95.0, "MWQI_2024": 95.0, "MWQI_2025": 94.0, "CHANGE_1Y": -1.0, "CHANGE_5Y": 1.0, "MEAN_5Y": 94.2, "MIN_5Y": 93.0, "TREND_SLOPE_5Y": 0.29999999999997501, "TREND_DIRECTION": "Stable", "CURRENT_POOR": false, "CURRENT_MODERATE": false, "DECLINING_5Y": false, "DROP_5_PLUS": false, "DROP_10_PLUS": false }, "geometry": { "type": "Point", "coordinates": [ 102.117, 6.22804 ] } },
{ "type": "Feature", "properties": { "STATION_ID": "MMDC002", "STATION_ID_TYPE": "MODERN", "STATE_NAME": "Kelantan", "STATION_LOCATION": "Pantai Cahaya Bulan", "CATEGORY": "Coastal", "STATION_STATUS": 1.0, "LATITUDE": 6.19646, "LONGITUDE": 102.277, "STATE_NAME_MWQI": "Kelantan", "STATION_LOCATION_MWQI": "Pantai Cahaya Bulan", "CATEGORY_MWQI": "Coastal", "LATEST_MWQI": 95.0, "LATEST_CLASS": "Excellent", "MWQI_2021": 95.0, "MWQI_2022": 95.0, "MWQI_2023": 96.0, "MWQI_2024": 97.0, "MWQI_2025": 95.0, "CHANGE_1Y": -2.0, "CHANGE_5Y": 0.0, "MEAN_5Y": 95.6, "MIN_5Y": 95.0, "TREND_SLOPE_5Y": 0.19999999999994281, "TREND_DIRECTION": "Stable", "CURRENT_POOR": false, "CURRENT_MODERATE": false, "DECLINING_5Y": false, "DROP_5_PLUS": false, "DROP_10_PLUS": false }, "geometry": { "type": "Point", "coordinates": [ 102.277, 6.19646 ] } },
{ "type": "Feature", "properties": { "STATION_ID": "MMDC003", "STATION_ID_TYPE": "MODERN", "STATE_NAME": "Kelantan", "STATION_LOCATION": "Pantai Sabak", "CATEGORY": "Coastal", "STATION_STATUS": 1.0, "LATITUDE": 6.17962, "LONGITUDE": 102.322, "STATE_NAME_MWQI": "Kelantan", "STATION_LOCATION_MWQI": "Pantai Sabak", "CATEGORY_MWQI": "Coastal", "LATEST_MWQI": 93.0, "LATEST_CLASS": "Excellent", "MWQI_2021": 95.0, "MWQI_2022": 95.0, "MWQI_2023": 96.0, "MWQI_2024": 96.0, "MWQI_2025": 93.0, "CHANGE_1Y": -3.0, "CHANGE_5Y": -2.0, "MEAN_5Y": 95.0, "MIN_5Y": 93.0, "TREND_SLOPE_5Y": -0.29999999999997679, "TREND_DIRECTION": "Stable", "CURRENT_POOR": false, "CURRENT_MODERATE": false, "DECLINING_5Y": false, "DROP_5_PLUS": false, "DROP_10_PLUS": false }, "geometry": { "type": "Point", "coordinates": [ 102.322, 6.17962 ] } },
{ "type": "Feature", "properties": { "STATION_ID": "MMDC004", "STATION_ID_TYPE": "MODERN", "STATE_NAME": "Kelantan", "STATION_LOCATION": "Pantai Irama Bachok", "CATEGORY": "Coastal", "STATION_STATUS": 1.0, "LATITUDE": 6.06686, "LONGITUDE": 102.4, "STATE_NAME_MWQI": "Kelantan", "STATION_LOCATION_MWQI": "Pantai Irama Bachok", "CATEGORY_MWQI": "Coastal", "LATEST_MWQI": 95.0, "LATEST_CLASS": "Excellent", "MWQI_2021": 95.0, "MWQI_2022": 93.0, "MWQI_2023": 95.0, "MWQI_2024": 96.0, "MWQI_2025": 95.0, "CHANGE_1Y": -1.0, "CHANGE_5Y": 0.0, "MEAN_5Y": 94.8, "MIN_5Y": 93.0, "TREND_SLOPE_5Y": 0.29999999999987609, "TREND_DIRECTION": "Stable", "CURRENT_POOR": false, "CURRENT_MODERATE": false, "DECLINING_5Y": false, "DROP_5_PLUS": false, "DROP_10_PLUS": false }, "geometry": { "type": "Point", "coordinates": [ 102.4, 6.06686 ] } },
{ "type": "Feature", "properties": { "STATION_ID": "MMDC005", "STATION_ID_TYPE": "MODERN", "STATE_NAME": "Kelantan", "STATION_LOCATION": "Pantai Bisikan Bayu", "CATEGORY": "Coastal", "STATION_STATUS": 1.0, "LATITUDE": 5.86259, "LONGITUDE": 102.518, "STATE_NAME_MWQI": "Kelantan", "STATION_LOCATION_MWQI": "Pantai Bisikan Bayu", "CATEGORY_MWQI": "Coastal", "LATEST_MWQI": 95.0, "LATEST_CLASS": "Excellent", "MWQI_2021": 95.0, "MWQI_2022": 94.0, "MWQI_2023": 96.0, "MWQI_2024": 96.0, "MWQI_2025": 95.0, "CHANGE_1Y": -1.0, "CHANGE_5Y": 0.0, "MEAN_5Y": 95.2, "MIN_5Y": 94.0, "TREND_SLOPE_5Y": 0.19999999999993062, "TREND_DIRECTION": "Stable", "CURRENT_POOR": false, "CURRENT_MODERATE": false, "DECLINING_5Y": false, "DROP_5_PLUS": false, "DROP_10_PLUS": false }, "geometry": { "type": "Point", "coordinates": [ 102.518, 5.86259 ] } },
{ "type": "Feature", "properties": { "STATION_ID": "MMQC001", "STATION_ID_TYPE": "MODERN", "STATE_NAME": "Sarawak", "STATION_LOCATION": "Pantai Sematan", "CATEGORY": "Coastal", "STATION_STATUS": 1.0, "LATITUDE": 1.82722, "LONGITUDE": 109.775, "STATE_NAME_MWQI": "Sarawak", "STATION_LOCATION_MWQI": "Pantai Sematan", "CATEGORY_MWQI": "Coastal", "LATEST_MWQI": 79.0, "LATEST_CLASS": "Moderate", "MWQI_2021": 93.0, "MWQI_2022": 90.0, "MWQI_2023": 66.0, "MWQI_2024": 68.0, "MWQI_2025": 79.0, "CHANGE_1Y": 11.0, "CHANGE_5Y": -14.0, "MEAN_5Y": 79.2, "MIN_5Y": 66.0, "TREND_SLOPE_5Y": -4.9999999999991802, "TREND_DIRECTION": "Declining", "CURRENT_POOR": false, "CURRENT_MODERATE": true, "DECLINING_5Y": true, "DROP_5_PLUS": true, "DROP_10_PLUS": true }, "geometry": { "type": "Point", "coordinates": [ 109.775, 1.82722 ] } },
{ "type": "Feature", "properties": { "STATION_ID": "MMQC002", "STATION_ID_TYPE": "MODERN", "STATE_NAME": "Sarawak", "STATION_LOCATION": "Pantai Pandan", "CATEGORY": "Coastal", "STATION_STATUS": 1.0, "LATITUDE": 1.76553, "LONGITUDE": 109.865, "STATE_NAME_MWQI": "Sarawak", "STATION_LOCATION_MWQI": "Pantai Pandan", "CATEGORY_MWQI": "Coastal", "LATEST_MWQI": 75.0, "LATEST_CLASS": "Moderate", "MWQI_2021": 92.0, "MWQI_2022": 86.0, "MWQI_2023": 62.0, "MWQI_2024": 60.0, "MWQI_2025": 75.0, "CHANGE_1Y": 15.0, "CHANGE_5Y": -17.0, "MEAN_5Y": 75.0, "MIN_5Y": 60.0, "TREND_SLOPE_5Y": -5.9999999999990106, "TREND_DIRECTION": "Declining", "CURRENT_POOR": false, "CURRENT_MODERATE": true, "DECLINING_5Y": true, "DROP_5_PLUS": true, "DROP_10_PLUS": true }, "geometry": { "type": "Point", "coordinates": [ 109.865, 1.76553 ] } },
{ "type": "Feature", "properties": { "STATION_ID": "MMQC003", "STATION_ID_TYPE": "MODERN", "STATE_NAME": "Sarawak", "STATION_LOCATION": "Pantai Pasir Putih", "CATEGORY": "Coastal", "STATION_STATUS": 1.0, "LATITUDE": 1.66153, "LONGITUDE": 110.487, "STATE_NAME_MWQI": "Sarawak", "STATION_LOCATION_MWQI": "Pantai Pasir Putih", "CATEGORY_MWQI": "Coastal", "LATEST_MWQI": 75.0, "LATEST_CLASS": "Moderate", "MWQI_2021": 84.0, "MWQI_2022": 85.0, "MWQI_2023": 76.0, "MWQI_2024": 64.0, "MWQI_2025": 75.0, "CHANGE_1Y": 11.0, "CHANGE_5Y": -9.0, "MEAN_5Y": 76.8, "MIN_5Y": 64.0, "TREND_SLOPE_5Y": -3.8999999999990429, "TREND_DIRECTION": "Declining", "CURRENT_POOR": false, "CURRENT_MODERATE": true, "DECLINING_5Y": true, "DROP_5_PLUS": true, "DROP_10_PLUS": false }, "geometry": { "type": "Point", "coordinates": [ 110.487, 1.66153 ] } },
{ "type": "Feature", "properties": { "STATION_ID": "MMQC004", "STATION_ID_TYPE": "MODERN", "STATE_NAME": "Sarawak", "STATION_LOCATION": "Pantai Bako", "CATEGORY": "Coastal", "STATION_STATUS": 1.0, "LATITUDE": 1.71806, "LONGITUDE": 110.442, "STATE_NAME_MWQI": "Sarawak", "STATION_LOCATION_MWQI": "Pantai Bako", "CATEGORY_MWQI": "Coastal", "LATEST_MWQI": 80.0, "LATEST_CLASS": "Good", "MWQI_2021": 89.0, "MWQI_2022": 91.0, "MWQI_2023": 70.0, "MWQI_2024": 63.0, "MWQI_2025": 80.0, "CHANGE_1Y": 17.0, "CHANGE_5Y": -9.0, "MEAN_5Y": 78.6, "MIN_5Y": 63.0, "TREND_SLOPE_5Y": -4.5999999999989036, "TREND_DIRECTION": "Declining", "CURRENT_POOR": false, "CURRENT_MODERATE": false, "DECLINING_5Y": true, "DROP_5_PLUS": true, "DROP_10_PLUS": false }, "geometry": { "type": "Point", "coordinates": [ 110.442, 1.71806 ] } },
{ "type": "Feature", "properties": { "STATION_ID": "MMQC005", "STATION_ID_TYPE": "MODERN", "STATE_NAME": "Sarawak", "STATION_LOCATION": "Pantai Damai", "CATEGORY": "Coastal", "STATION_STATUS": 1.0, "LATITUDE": 1.75026, "LONGITUDE": 110.308, "STATE_NAME_MWQI": "Sarawak", "STATION_LOCATION_MWQI": "Pantai Damai", "CATEGORY_MWQI": "Coastal", "LATEST_MWQI": 89.0, "LATEST_CLASS": "Good", "MWQI_2021": 86.0, "MWQI_2022": 89.0, "MWQI_2023": 75.0, "MWQI_2024": 74.0, "MWQI_2025": 89.0, "CHANGE_1Y": 15.0, "CHANGE_5Y": 3.0, "MEAN_5Y": 82.6, "MIN_5Y": 74.0, "TREND_SLOPE_5Y": -0.89999999999959146, "TREND_DIRECTION": "Declining", "CURRENT_POOR": false, "CURRENT_MODERATE": false, "DECLINING_5Y": true, "DROP_5_PLUS": false, "DROP_10_PLUS": false }, "geometry": { "type": "Point", "coordinates": [ 110.308, 1.75026 ] } },
{ "type": "Feature", "properties": { "STATION_ID": "MMQC006", "STATION_ID_TYPE": "MODERN", "STATE_NAME": "Sarawak", "STATION_LOCATION": "Pantai Tanjung Kembang", "CATEGORY": "Coastal", "STATION_STATUS": 1.0, "LATITUDE": 1.82444, "LONGITUDE": 111.096, "STATE_NAME_MWQI": "Sarawak", "STATION_LOCATION_MWQI": "Pantai Tanjung Kembang", "CATEGORY_MWQI": "Coastal", "LATEST_MWQI": 69.0, "LATEST_CLASS": "Moderate", "MWQI_2021": 77.0, "MWQI_2022": 90.0, "MWQI_2023": 58.0, "MWQI_2024": 70.0, "MWQI_2025": 69.0, "CHANGE_1Y": -1.0, "CHANGE_5Y": -8.0, "MEAN_5Y": 72.8, "MIN_5Y": 58.0, "TREND_SLOPE_5Y": -3.5999999999992074, "TREND_DIRECTION": "Declining", "CURRENT_POOR": false, "CURRENT_MODERATE": true, "DECLINING_5Y": true, "DROP_5_PLUS": true, "DROP_10_PLUS": false }, "geometry": { "type": "Point", "coordinates": [ 111.096, 1.82444 ] } },
{ "type": "Feature", "properties": { "STATION_ID": "MMQC007", "STATION_ID_TYPE": "MODERN", "STATE_NAME": "Sarawak", "STATION_LOCATION": "Pantai Harmoni Mukah", "CATEGORY": "Coastal", "STATION_STATUS": 1.0, "LATITUDE": 2.90972, "LONGITUDE": 112.056, "STATE_NAME_MWQI": "Sarawak", "STATION_LOCATION_MWQI": "Pantai Harmoni Mukah", "CATEGORY_MWQI": "Coastal", "LATEST_MWQI": 73.0, "LATEST_CLASS": "Moderate", "MWQI_2021": 67.0, "MWQI_2022": 73.0, "MWQI_2023": 76.0, "MWQI_2024": 78.0, "MWQI_2025": 73.0, "CHANGE_1Y": -5.0, "CHANGE_5Y": 6.0, "MEAN_5Y": 73.4, "MIN_5Y": 67.0, "TREND_SLOPE_5Y": 1.6999999999998181, "TREND_DIRECTION": "Improving", "CURRENT_POOR": false, "CURRENT_MODERATE": true, "DECLINING_5Y": false, "DROP_5_PLUS": false, "DROP_10_PLUS": false }, "geometry": { "type": "Point", "coordinates": [ 112.056, 2.90972 ] } },
{ "type": "Feature", "properties": { "STATION_ID": "MMQC008", "STATION_ID_TYPE": "MODERN", "STATE_NAME": "Sarawak", "STATION_LOCATION": "Pantai Tanjung Batu", "CATEGORY": "Coastal", "STATION_STATUS": 1.0, "LATITUDE": 3.21064, "LONGITUDE": 113.043, "STATE_NAME_MWQI": "Sarawak", "STATION_LOCATION_MWQI": "Pantai Tanjung Batu", "CATEGORY_MWQI": "Coastal", "LATEST_MWQI": 66.0, "LATEST_CLASS": "Moderate", "MWQI_2021": 81.0, "MWQI_2022": 74.0, "MWQI_2023": 58.0, "MWQI_2024": 68.0, "MWQI_2025": 66.0, "CHANGE_1Y": -2.0, "CHANGE_5Y": -15.0, "MEAN_5Y": 69.4, "MIN_5Y": 58.0, "TREND_SLOPE_5Y": -3.5999999999997874, "TREND_DIRECTION": "Declining", "CURRENT_POOR": false, "CURRENT_MODERATE": true, "DECLINING_5Y": true, "DROP_5_PLUS": true, "DROP_10_PLUS": true }, "geometry": { "type": "Point", "coordinates": [ 113.043, 3.21064 ] } },
{ "type": "Feature", "properties": { "STATION_ID": "MMQC009", "STATION_ID_TYPE": "MODERN", "STATE_NAME": "Sarawak", "STATION_LOCATION": "Pantai Likau", "CATEGORY": "Coastal", "STATION_STATUS": 1.0, "LATITUDE": 3.34426, "LONGITUDE": 113.148, "STATE_NAME_MWQI": "Sarawak", "STATION_LOCATION_MWQI": "Pantai Likau", "CATEGORY_MWQI": "Coastal", "LATEST_MWQI": 83.0, "LATEST_CLASS": "Good", "MWQI_2021": 88.0, "MWQI_2022": 66.0, "MWQI_2023": 58.0, "MWQI_2024": 75.0, "MWQI_2025": 83.0, "CHANGE_1Y": 8.0, "CHANGE_5Y": -5.0, "MEAN_5Y": 74.0, "MIN_5Y": 58.0, "TREND_SLOPE_5Y": -0.10000000000079712, "TREND_DIRECTION": "Stable", "CURRENT_POOR": false, "CURRENT_MODERATE": false, "DECLINING_5Y": false, "DROP_5_PLUS": true, "DROP_10_PLUS": false }, "geometry": { "type": "Point", "coordinates": [ 113.148, 3.34426 ] } },
{ "type": "Feature", "properties": { "STATION_ID": "MMQC010", "STATION_ID_TYPE": "MODERN", "STATE_NAME": "Sarawak", "STATION_LOCATION": "Pantai Emas", "CATEGORY": "Coastal", "STATION_STATUS": 1.0, "LATITUDE": 3.44106, "LONGITUDE": 113.224, "STATE_NAME_MWQI": "Sarawak", "STATION_LOCATION_MWQI": "Pantai Emas", "CATEGORY_MWQI": "Coastal", "LATEST_MWQI": 76.0, "LATEST_CLASS": "Moderate", "MWQI_2021": 75.0, "MWQI_2022": 66.0, "MWQI_2023": 58.0, "MWQI_2024": 72.0, "MWQI_2025": 76.0, "CHANGE_1Y": 4.0, "CHANGE_5Y": 1.0, "MEAN_5Y": 69.4, "MIN_5Y": 58.0, "TREND_SLOPE_5Y": 0.79999999999944027, "TREND_DIRECTION": "Improving", "CURRENT_POOR": false, "CURRENT_MODERATE": true, "DECLINING_5Y": false, "DROP_5_PLUS": false, "DROP_10_PLUS": false }, "geometry": { "type": "Point", "coordinates": [ 113.224, 3.44106 ] } },
{ "type": "Feature", "properties": { "STATION_ID": "MMQC011", "STATION_ID_TYPE": "MODERN", "STATE_NAME": "Sarawak", "STATION_LOCATION": "Pantai Piasau", "CATEGORY": "Coastal", "STATION_STATUS": 1.0, "LATITUDE": 4.43787, "LONGITUDE": 113.994, "STATE_NAME_MWQI": "Sarawak", "STATION_LOCATION_MWQI": "Pantai Piasau", "CATEGORY_MWQI": "Coastal", "LATEST_MWQI": 65.0, "LATEST_CLASS": "Moderate", "MWQI_2021": 85.0, "MWQI_2022": 74.0, "MWQI_2023": 72.0, "MWQI_2024": 58.0, "MWQI_2025": 65.0, "CHANGE_1Y": 7.0, "CHANGE_5Y": -20.0, "MEAN_5Y": 70.8, "MIN_5Y": 58.0, "TREND_SLOPE_5Y": -5.5999999999991248, "TREND_DIRECTION": "Declining", "CURRENT_POOR": false, "CURRENT_MODERATE": true, "DECLINING_5Y": true, "DROP_5_PLUS": true, "DROP_10_PLUS": true }, "geometry": { "type": "Point", "coordinates": [ 113.994, 4.43787 ] } },
{ "type": "Feature", "properties": { "STATION_ID": "MMQC012", "STATION_ID_TYPE": "MODERN", "STATE_NAME": "Sarawak", "STATION_LOCATION": "Pantai Brighton", "CATEGORY": "Coastal", "STATION_STATUS": 1.0, "LATITUDE": 4.37878, "LONGITUDE": 113.97, "STATE_NAME_MWQI": "Sarawak", "STATION_LOCATION_MWQI": "Pantai Brighton", "CATEGORY_MWQI": "Coastal", "LATEST_MWQI": 74.0, "LATEST_CLASS": "Moderate", "MWQI_2021": 75.0, "MWQI_2022": 56.0, "MWQI_2023": 61.0, "MWQI_2024": 57.0, "MWQI_2025": 74.0, "CHANGE_1Y": 17.0, "CHANGE_5Y": -1.0, "MEAN_5Y": 64.6, "MIN_5Y": 56.0, "TREND_SLOPE_5Y": -0.10000000000030355, "TREND_DIRECTION": "Stable", "CURRENT_POOR": false, "CURRENT_MODERATE": true, "DECLINING_5Y": false, "DROP_5_PLUS": false, "DROP_10_PLUS": false }, "geometry": { "type": "Point", "coordinates": [ 113.97, 4.37878 ] } },
{ "type": "Feature", "properties": { "STATION_ID": "MMQC013", "STATION_ID_TYPE": "MODERN", "STATE_NAME": "Sarawak", "STATION_LOCATION": "Pantai Esplaned", "CATEGORY": "Coastal", "STATION_STATUS": 1.0, "LATITUDE": 4.32458, "LONGITUDE": 113.961, "STATE_NAME_MWQI": "Sarawak", "STATION_LOCATION_MWQI": "Pantai Esplaned", "CATEGORY_MWQI": "Coastal", "LATEST_MWQI": 82.0, "LATEST_CLASS": "Good", "MWQI_2021": 83.0, "MWQI_2022": 56.0, "MWQI_2023": 57.0, "MWQI_2024": 57.0, "MWQI_2025": 82.0, "CHANGE_1Y": 25.0, "CHANGE_5Y": -1.0, "MEAN_5Y": 67.0, "MIN_5Y": 56.0, "TREND_SLOPE_5Y": -0.10000000000052271, "TREND_DIRECTION": "Stable", "CURRENT_POOR": false, "CURRENT_MODERATE": false, "DECLINING_5Y": false, "DROP_5_PLUS": false, "DROP_10_PLUS": false }, "geometry": { "type": "Point", "coordinates": [ 113.961, 4.32458 ] } },
{ "type": "Feature", "properties": { "STATION_ID": "MMQC014", "STATION_ID_TYPE": "MODERN", "STATE_NAME": "Sarawak", "STATION_LOCATION": "Pantai Beraya", "CATEGORY": "Coastal", "STATION_STATUS": 1.0, "LATITUDE": 4.19248, "LONGITUDE": 113.877, "STATE_NAME_MWQI": "Sarawak", "STATION_LOCATION_MWQI": "Pantai Beraya", "CATEGORY_MWQI": "Coastal", "LATEST_MWQI": 81.0, "LATEST_CLASS": "Good", "MWQI_2021": 83.0, "MWQI_2022": 57.0, "MWQI_2023": 58.0, "MWQI_2024": 58.0, "MWQI_2025": 81.0, "CHANGE_1Y": 23.0, "CHANGE_5Y": -2.0, "MEAN_5Y": 67.4, "MIN_5Y": 57.0, "TREND_SLOPE_5Y": -0.30000000000047583, "TREND_DIRECTION": "Stable", "CURRENT_POOR": false, "CURRENT_MODERATE": false, "DECLINING_5Y": false, "DROP_5_PLUS": false, "DROP_10_PLUS": false }, "geometry": { "type": "Point", "coordinates": [ 113.877, 4.19248 ] } },
{ "type": "Feature", "properties": { "STATION_ID": "MMQC015", "STATION_ID_TYPE": "MODERN", "STATE_NAME": "Sarawak", "STATION_LOCATION": "Pantai Bungai", "CATEGORY": "Coastal", "STATION_STATUS": 1.0, "LATITUDE": 4.06457, "LONGITUDE": 113.782, "STATE_NAME_MWQI": "Sarawak", "STATION_LOCATION_MWQI": "Pantai Bungai", "CATEGORY_MWQI": "Coastal", "LATEST_MWQI": 83.0, "LATEST_CLASS": "Good", "MWQI_2021": 75.0, "MWQI_2022": 66.0, "MWQI_2023": 56.0, "MWQI_2024": 57.0, "MWQI_2025": 83.0, "CHANGE_1Y": 26.0, "CHANGE_5Y": 8.0, "MEAN_5Y": 67.4, "MIN_5Y": 56.0, "TREND_SLOPE_5Y": 0.69999999999987605, "TREND_DIRECTION": "Improving", "CURRENT_POOR": false, "CURRENT_MODERATE": false, "DECLINING_5Y": false, "DROP_5_PLUS": false, "DROP_10_PLUS": false }, "geometry": { "type": "Point", "coordinates": [ 113.782, 4.06457 ] } },
{ "type": "Feature", "properties": { "STATION_ID": "MMQC016", "STATION_ID_TYPE": "MODERN", "STATE_NAME": "Sarawak", "STATION_LOCATION": "Pantai Belawai", "CATEGORY": "Coastal", "STATION_STATUS": 1.0, "LATITUDE": 2.22094, "LONGITUDE": 111.208, "STATE_NAME_MWQI": "Sarawak", "STATION_LOCATION_MWQI": "Pantai Belawai", "CATEGORY_MWQI": "Coastal", "LATEST_MWQI": 73.0, "LATEST_CLASS": "Moderate", "MWQI_2021": 67.0, "MWQI_2022": 92.0, "MWQI_2023": 64.0, "MWQI_2024": 61.0, "MWQI_2025": 73.0, "CHANGE_1Y": 12.0, "CHANGE_5Y": 6.0, "MEAN_5Y": 71.4, "MIN_5Y": 61.0, "TREND_SLOPE_5Y": -1.8999999999987818, "TREND_DIRECTION": "Declining", "CURRENT_POOR": false, "CURRENT_MODERATE": true, "DECLINING_5Y": true, "DROP_5_PLUS": false, "DROP_10_PLUS": false }, "geometry": { "type": "Point", "coordinates": [ 111.208, 2.22094 ] } },
{ "type": "Feature", "properties": { "STATION_ID": "MMSC001", "STATION_ID_TYPE": "MODERN", "STATE_NAME": "Sabah", "STATION_LOCATION": "Pantai Teluk Brunei 1", "CATEGORY": "Coastal", "STATION_STATUS": 1.0, "LATITUDE": 5.14579, "LONGITUDE": 115.52, "STATE_NAME_MWQI": "Sabah", "STATION_LOCATION_MWQI": "Pantai Teluk Brunei 1", "CATEGORY_MWQI": "Coastal", "LATEST_MWQI": 65.0, "LATEST_CLASS": "Moderate", "MWQI_2021": 73.0, "MWQI_2022": 61.0, "MWQI_2023": 60.0, "MWQI_2024": 74.0, "MWQI_2025": 65.0, "CHANGE_1Y": -9.0, "CHANGE_5Y": -8.0, "MEAN_5Y": 66.6, "MIN_5Y": 60.0, "TREND_SLOPE_5Y": -0.30000000000060545, "TREND_DIRECTION": "Stable", "CURRENT_POOR": false, "CURRENT_MODERATE": true, "DECLINING_5Y": false, "DROP_5_PLUS": true, "DROP_10_PLUS": false }, "geometry": { "type": "Point", "coordinates": [ 115.52, 5.14579 ] } },
{ "type": "Feature", "properties": { "STATION_ID": "MMSC002", "STATION_ID_TYPE": "MODERN", "STATE_NAME": "Sabah", "STATION_LOCATION": "Pantai Teluk Brunei 2", "CATEGORY": "Coastal", "STATION_STATUS": 1.0, "LATITUDE": 5.11798, "LONGITUDE": 115.528, "STATE_NAME_MWQI": "Sabah", "STATION_LOCATION_MWQI": "Pantai Teluk Brunei 2", "CATEGORY_MWQI": "Coastal", "LATEST_MWQI": 79.0, "LATEST_CLASS": "Moderate", "MWQI_2021": 84.0, "MWQI_2022": 67.0, "MWQI_2023": 59.0, "MWQI_2024": 75.0, "MWQI_2025": 79.0, "CHANGE_1Y": 4.0, "CHANGE_5Y": -5.0, "MEAN_5Y": 72.8, "MIN_5Y": 59.0, "TREND_SLOPE_5Y": -0.2000000000006637, "TREND_DIRECTION": "Stable", "CURRENT_POOR": false, "CURRENT_MODERATE": true, "DECLINING_5Y": false, "DROP_5_PLUS": true, "DROP_10_PLUS": false }, "geometry": { "type": "Point", "coordinates": [ 115.528, 5.11798 ] } },
{ "type": "Feature", "properties": { "STATION_ID": "MMSC003", "STATION_ID_TYPE": "MODERN", "STATE_NAME": "Sabah", "STATION_LOCATION": "Pantai Teluk Brunei 3", "CATEGORY": "Coastal", "STATION_STATUS": 1.0, "LATITUDE": 5.16107, "LONGITUDE": 115.496, "STATE_NAME_MWQI": "Sabah", "STATION_LOCATION_MWQI": "Pantai Teluk Brunei 3", "CATEGORY_MWQI": "Coastal", "LATEST_MWQI": 67.0, "LATEST_CLASS": "Moderate", "MWQI_2021": 75.0, "MWQI_2022": 67.0, "MWQI_2023": 59.0, "MWQI_2024": 66.0, "MWQI_2025": 67.0, "CHANGE_1Y": 1.0, "CHANGE_5Y": -8.0, "MEAN_5Y": 66.8, "MIN_5Y": 59.0, "TREND_SLOPE_5Y": -1.7, "TREND_DIRECTION": "Declining", "CURRENT_POOR": false, "CURRENT_MODERATE": true, "DECLINING_5Y": true, "DROP_5_PLUS": true, "DROP_10_PLUS": false }, "geometry": { "type": "Point", "coordinates": [ 115.496, 5.16107 ] } },
{ "type": "Feature", "properties": { "STATION_ID": "MMSC004", "STATION_ID_TYPE": "MODERN", "STATE_NAME": "Sabah", "STATION_LOCATION": "Pantai Teluk Brunei 4", "CATEGORY": "Coastal", "STATION_STATUS": 1.0, "LATITUDE": 5.17585, "LONGITUDE": 115.472, "STATE_NAME_MWQI": "Sabah", "STATION_LOCATION_MWQI": "Pantai Teluk Brunei 4", "CATEGORY_MWQI": "Coastal", "LATEST_MWQI": 81.0, "LATEST_CLASS": "Good", "MWQI_2021": 84.0, "MWQI_2022": 60.0, "MWQI_2023": 59.0, "MWQI_2024": 66.0, "MWQI_2025": 81.0, "CHANGE_1Y": 15.0, "CHANGE_5Y": -3.0, "MEAN_5Y": 70.0, "MIN_5Y": 59.0, "TREND_SLOPE_5Y": -6.5314377527056787e-13, "TREND_DIRECTION": "Stable", "CURRENT_POOR": false, "CURRENT_MODERATE": false, "DECLINING_5Y": false, "DROP_5_PLUS": false, "DROP_10_PLUS": false }, "geometry": { "type": "Point", "coordinates": [ 115.472, 5.17585 ] } },
{ "type": "Feature", "properties": { "STATION_ID": "MMSC005", "STATION_ID_TYPE": "MODERN", "STATE_NAME": "Sabah", "STATION_LOCATION": "Pantai Teluk Brunei 5", "CATEGORY": "Coastal", "STATION_STATUS": 1.0, "LATITUDE": 5.20352, "LONGITUDE": 115.435, "STATE_NAME_MWQI": "Sabah", "STATION_LOCATION_MWQI": "Pantai Teluk Brunei 5", "CATEGORY_MWQI": "Coastal", "LATEST_MWQI": 74.0, "LATEST_CLASS": "Moderate", "MWQI_2021": 69.0, "MWQI_2022": 59.0, "MWQI_2023": 59.0, "MWQI_2024": 59.0, "MWQI_2025": 74.0, "CHANGE_1Y": 15.0, "CHANGE_5Y": 5.0, "MEAN_5Y": 64.0, "MIN_5Y": 59.0, "TREND_SLOPE_5Y": 0.99999999999969702, "TREND_DIRECTION": "Improving", "CURRENT_POOR": false, "CURRENT_MODERATE": true, "DECLINING_5Y": false, "DROP_5_PLUS": false, "DROP_10_PLUS": false }, "geometry": { "type": "Point", "coordinates": [ 115.435, 5.20352 ] } },
{ "type": "Feature", "properties": { "STATION_ID": "MMSC006", "STATION_ID_TYPE": "MODERN", "STATE_NAME": "Sabah", "STATION_LOCATION": "Pantai Teluk Brunei 6", "CATEGORY": "Coastal", "STATION_STATUS": 1.0, "LATITUDE": 5.09419, "LONGITUDE": 115.527, "STATE_NAME_MWQI": "Sabah", "STATION_LOCATION_MWQI": "Pantai Teluk Brunei 6", "CATEGORY_MWQI": "Coastal", "LATEST_MWQI": 89.0, "LATEST_CLASS": "Good", "MWQI_2021": 58.0, "MWQI_2022": 59.0, "MWQI_2023": 59.0, "MWQI_2024": 74.0, "MWQI_2025": 89.0, "CHANGE_1Y": 15.0, "CHANGE_5Y": 31.0, "MEAN_5Y": 67.8, "MIN_5Y": 58.0, "TREND_SLOPE_5Y": 7.6999999999987079, "TREND_DIRECTION": "Improving", "CURRENT_POOR": false, "CURRENT_MODERATE": false, "DECLINING_5Y": false, "DROP_5_PLUS": false, "DROP_10_PLUS": false }, "geometry": { "type": "Point", "coordinates": [ 115.527, 5.09419 ] } },
{ "type": "Feature", "properties": { "STATION_ID": "MMSC007", "STATION_ID_TYPE": "MODERN", "STATE_NAME": "Sabah", "STATION_LOCATION": "Borneo Golf Seawater", "CATEGORY": "Coastal", "STATION_STATUS": 1.0, "LATITUDE": 5.55, "LONGITUDE": 115.784, "STATE_NAME_MWQI": "Sabah", "STATION_LOCATION_MWQI": "Borneo Golf Seawater", "CATEGORY_MWQI": "Coastal", "LATEST_MWQI": 81.0, "LATEST_CLASS": "Good", "MWQI_2021": 59.0, "MWQI_2022": 67.0, "MWQI_2023": 59.0, "MWQI_2024": 71.0, "MWQI_2025": 81.0, "CHANGE_1Y": 10.0, "CHANGE_5Y": 22.0, "MEAN_5Y": 67.4, "MIN_5Y": 59.0, "TREND_SLOPE_5Y": 4.7999999999993763, "TREND_DIRECTION": "Improving", "CURRENT_POOR": false, "CURRENT_MODERATE": false, "DECLINING_5Y": false, "DROP_5_PLUS": false, "DROP_10_PLUS": false }, "geometry": { "type": "Point", "coordinates": [ 115.784, 5.55 ] } },
{ "type": "Feature", "properties": { "STATION_ID": "MMSC008", "STATION_ID_TYPE": "MODERN", "STATE_NAME": "Sabah", "STATION_LOCATION": "Pantai Manis Papar", "CATEGORY": "Coastal", "STATION_STATUS": 1.0, "LATITUDE": 5.74425, "LONGITUDE": 115.893, "STATE_NAME_MWQI": "Sabah", "STATION_LOCATION_MWQI": "Pantai Manis Papar", "CATEGORY_MWQI": "Coastal", "LATEST_MWQI": 74.0, "LATEST_CLASS": "Moderate", "MWQI_2021": 59.0, "MWQI_2022": 60.0, "MWQI_2023": 62.0, "MWQI_2024": 59.0, "MWQI_2025": 74.0, "CHANGE_1Y": 15.0, "CHANGE_5Y": 15.0, "MEAN_5Y": 62.8, "MIN_5Y": 59.0, "TREND_SLOPE_5Y": 2.8999999999997561, "TREND_DIRECTION": "Improving", "CURRENT_POOR": false, "CURRENT_MODERATE": true, "DECLINING_5Y": false, "DROP_5_PLUS": false, "DROP_10_PLUS": false }, "geometry": { "type": "Point", "coordinates": [ 115.893, 5.74425 ] } },
{ "type": "Feature", "properties": { "STATION_ID": "MMSC009", "STATION_ID_TYPE": "MODERN", "STATE_NAME": "Sabah", "STATION_LOCATION": "Pantai Melinsung", "CATEGORY": "Coastal", "STATION_STATUS": 1.0, "LATITUDE": 5.80474, "LONGITUDE": 115.975, "STATE_NAME_MWQI": "Sabah", "STATION_LOCATION_MWQI": "Pantai Melinsung", "CATEGORY_MWQI": "Coastal", "LATEST_MWQI": 60.0, "LATEST_CLASS": "Moderate", "MWQI_2021": 70.0, "MWQI_2022": 59.0, "MWQI_2023": 65.0, "MWQI_2024": 60.0, "MWQI_2025": 60.0, "CHANGE_1Y": 0.0, "CHANGE_5Y": -10.0, "MEAN_5Y": 62.8, "MIN_5Y": 59.0, "TREND_SLOPE_5Y": -1.8999999999999395, "TREND_DIRECTION": "Declining", "CURRENT_POOR": false, "CURRENT_MODERATE": true, "DECLINING_5Y": true, "DROP_5_PLUS": true, "DROP_10_PLUS": true }, "geometry": { "type": "Point", "coordinates": [ 115.975, 5.80474 ] } },
{ "type": "Feature", "properties": { "STATION_ID": "MMSC024", "STATION_ID_TYPE": "MODERN", "STATE_NAME": "Sabah", "STATION_LOCATION": "Pantai Tanjung Aru (Rest Lido)", "CATEGORY": "Coastal", "STATION_STATUS": 1.0, "LATITUDE": 5.91084, "LONGITUDE": 116.008, "STATE_NAME_MWQI": "Sabah", "STATION_LOCATION_MWQI": "Pantai Tanjung Aru (Rest Lido)", "CATEGORY_MWQI": "Coastal", "LATEST_MWQI": 89.0, "LATEST_CLASS": "Good", "MWQI_2021": 69.0, "MWQI_2022": 58.0, "MWQI_2023": 59.0, "MWQI_2024": 81.0, "MWQI_2025": 89.0, "CHANGE_1Y": 8.0, "CHANGE_5Y": 20.0, "MEAN_5Y": 71.2, "MIN_5Y": 58.0, "TREND_SLOPE_5Y": 6.2999999999984011, "TREND_DIRECTION": "Improving", "CURRENT_POOR": false, "CURRENT_MODERATE": false, "DECLINING_5Y": false, "DROP_5_PLUS": false, "DROP_10_PLUS": false }, "geometry": { "type": "Point", "coordinates": [ 116.008, 5.91084 ] } },
{ "type": "Feature", "properties": { "STATION_ID": "MMSC010", "STATION_ID_TYPE": "MODERN", "STATE_NAME": "Sabah", "STATION_LOCATION": "Pantai Tanjung Aru (Roll Skating)", "CATEGORY": "Coastal", "STATION_STATUS": 1.0, "LATITUDE": 5.93302, "LONGITUDE": 116.017, "STATE_NAME_MWQI": "Sabah", "STATION_LOCATION_MWQI": "Pantai Tanjung Aru (Roll Skating)", "CATEGORY_MWQI": "Coastal", "LATEST_MWQI": 87.0, "LATEST_CLASS": "Good", "MWQI_2021": 65.0, "MWQI_2022": 57.0, "MWQI_2023": 58.0, "MWQI_2024": 61.0, "MWQI_2025": 87.0, "CHANGE_1Y": 26.0, "CHANGE_5Y": 22.0, "MEAN_5Y": 65.6, "MIN_5Y": 57.0, "TREND_SLOPE_5Y": 4.7999999999992058, "TREND_DIRECTION": "Improving", "CURRENT_POOR": false, "CURRENT_MODERATE": false, "DECLINING_5Y": false, "DROP_5_PLUS": false, "DROP_10_PLUS": false }, "geometry": { "type": "Point", "coordinates": [ 116.017, 5.93302 ] } },
{ "type": "Feature", "properties": { "STATION_ID": "MMSC011", "STATION_ID_TYPE": "MODERN", "STATE_NAME": "Sabah", "STATION_LOCATION": "Pantai Tanjung Aru (No. 3)", "CATEGORY": "Coastal", "STATION_STATUS": 1.0, "LATITUDE": 5.88876, "LONGITUDE": 116.015, "STATE_NAME_MWQI": "Sabah", "STATION_LOCATION_MWQI": "Pantai Tanjung Aru (No. 3)", "CATEGORY_MWQI": "Coastal", "LATEST_MWQI": 87.0, "LATEST_CLASS": "Good", "MWQI_2021": 76.0, "MWQI_2022": 57.0, "MWQI_2023": 59.0, "MWQI_2024": 64.0, "MWQI_2025": 87.0, "CHANGE_1Y": 23.0, "CHANGE_5Y": 11.0, "MEAN_5Y": 68.6, "MIN_5Y": 57.0, "TREND_SLOPE_5Y": 2.8999999999991291, "TREND_DIRECTION": "Improving", "CURRENT_POOR": false, "CURRENT_MODERATE": false, "DECLINING_5Y": false, "DROP_5_PLUS": false, "DROP_10_PLUS": false }, "geometry": { "type": "Point", "coordinates": [ 116.015, 5.88876 ] } },
{ "type": "Feature", "properties": { "STATION_ID": "MMSC012", "STATION_ID_TYPE": "MODERN", "STATE_NAME": "Sabah", "STATION_LOCATION": "Pantai Lok Kawi", "CATEGORY": "Coastal", "STATION_STATUS": 1.0, "LATITUDE": 5.86013, "LONGITUDE": 116.027, "STATE_NAME_MWQI": "Sabah", "STATION_LOCATION_MWQI": "Pantai Lok Kawi", "CATEGORY_MWQI": "Coastal", "LATEST_MWQI": 83.0, "LATEST_CLASS": "Good", "MWQI_2021": 65.0, "MWQI_2022": 58.0, "MWQI_2023": 59.0, "MWQI_2024": 58.0, "MWQI_2025": 83.0, "CHANGE_1Y": 25.0, "CHANGE_5Y": 18.0, "MEAN_5Y": 64.6, "MIN_5Y": 58.0, "TREND_SLOPE_5Y": 3.5999999999994778, "TREND_DIRECTION": "Improving", "CURRENT_POOR": false, "CURRENT_MODERATE": false, "DECLINING_5Y": false, "DROP_5_PLUS": false, "DROP_10_PLUS": false }, "geometry": { "type": "Point", "coordinates": [ 116.027, 5.86013 ] } },
{ "type": "Feature", "properties": { "STATION_ID": "MMSC013", "STATION_ID_TYPE": "MODERN", "STATE_NAME": "Sabah", "STATION_LOCATION": "Pantai Dalit Tuaran", "CATEGORY": "Coastal", "STATION_STATUS": 1.0, "LATITUDE": 6.18875, "LONGITUDE": 116.166, "STATE_NAME_MWQI": "Sabah", "STATION_LOCATION_MWQI": "Pantai Dalit Tuaran", "CATEGORY_MWQI": "Coastal", "LATEST_MWQI": 59.0, "LATEST_CLASS": "Moderate", "MWQI_2021": 58.0, "MWQI_2022": 58.0, "MWQI_2023": 59.0, "MWQI_2024": 74.0, "MWQI_2025": 59.0, "CHANGE_1Y": -15.0, "CHANGE_5Y": 1.0, "MEAN_5Y": 61.6, "MIN_5Y": 58.0, "TREND_SLOPE_5Y": 1.7999999999993297, "TREND_DIRECTION": "Improving", "CURRENT_POOR": false, "CURRENT_MODERATE": true, "DECLINING_5Y": false, "DROP_5_PLUS": false, "DROP_10_PLUS": false }, "geometry": { "type": "Point", "coordinates": [ 116.166, 6.18875 ] } },
{ "type": "Feature", "properties": { "STATION_ID": "MMSC014", "STATION_ID_TYPE": "MODERN", "STATE_NAME": "Sabah", "STATION_LOCATION": "Mangrove Paradise", "CATEGORY": "Coastal", "STATION_STATUS": 1.0, "LATITUDE": 6.25857, "LONGITUDE": 116.221, "STATE_NAME_MWQI": "Sabah", "STATION_LOCATION_MWQI": "Mangrove Paradise", "CATEGORY_MWQI": "Coastal", "LATEST_MWQI": 66.0, "LATEST_CLASS": "Moderate", "MWQI_2021": 58.0, "MWQI_2022": 58.0, "MWQI_2023": 61.0, "MWQI_2024": 72.0, "MWQI_2025": 66.0, "CHANGE_1Y": -6.0, "CHANGE_5Y": 8.0, "MEAN_5Y": 63.0, "MIN_5Y": 58.0, "TREND_SLOPE_5Y": 2.9999999999992841, "TREND_DIRECTION": "Improving", "CURRENT_POOR": false, "CURRENT_MODERATE": true, "DECLINING_5Y": false, "DROP_5_PLUS": false, "DROP_10_PLUS": false }, "geometry": { "type": "Point", "coordinates": [ 116.221, 6.25857 ] } },
{ "type": "Feature", "properties": { "STATION_ID": "MMSC015", "STATION_ID_TYPE": "MODERN", "STATE_NAME": "Sabah", "STATION_LOCATION": "Pantai Sabandar", "CATEGORY": "Coastal", "STATION_STATUS": 1.0, "LATITUDE": 6.20353, "LONGITUDE": 116.175, "STATE_NAME_MWQI": "Sabah", "STATION_LOCATION_MWQI": "Pantai Sabandar", "CATEGORY_MWQI": "Coastal", "LATEST_MWQI": 62.0, "LATEST_CLASS": "Moderate", "MWQI_2021": 58.0, "MWQI_2022": 58.0, "MWQI_2023": 59.0, "MWQI_2024": 73.0, "MWQI_2025": 62.0, "CHANGE_1Y": -11.0, "CHANGE_5Y": 4.0, "MEAN_5Y": 62.0, "MIN_5Y": 58.0, "TREND_SLOPE_5Y": 2.2999999999993066, "TREND_DIRECTION": "Improving", "CURRENT_POOR": false, "CURRENT_MODERATE": true, "DECLINING_5Y": false, "DROP_5_PLUS": false, "DROP_10_PLUS": false }, "geometry": { "type": "Point", "coordinates": [ 116.175, 6.20353 ] } },
{ "type": "Feature", "properties": { "STATION_ID": "MMSC016", "STATION_ID_TYPE": "MODERN", "STATE_NAME": "Sabah", "STATION_LOCATION": "Pantai Bak-Bak Kudat", "CATEGORY": "Coastal", "STATION_STATUS": 1.0, "LATITUDE": 6.94565, "LONGITUDE": 116.842, "STATE_NAME_MWQI": "Sabah", "STATION_LOCATION_MWQI": "Pantai Bak-Bak Kudat", "CATEGORY_MWQI": "Coastal", "LATEST_MWQI": 78.0, "LATEST_CLASS": "Moderate", "MWQI_2021": 76.0, "MWQI_2022": 85.0, "MWQI_2023": 59.0, "MWQI_2024": 64.0, "MWQI_2025": 78.0, "CHANGE_1Y": 14.0, "CHANGE_5Y": 2.0, "MEAN_5Y": 72.4, "MIN_5Y": 59.0, "TREND_SLOPE_5Y": -1.6999999999993767, "TREND_DIRECTION": "Declining", "CURRENT_POOR": false, "CURRENT_MODERATE": true, "DECLINING_5Y": true, "DROP_5_PLUS": false, "DROP_10_PLUS": false }, "geometry": { "type": "Point", "coordinates": [ 116.842, 6.94565 ] } },
{ "type": "Feature", "properties": { "STATION_ID": "MMSC017", "STATION_ID_TYPE": "MODERN", "STATE_NAME": "Sabah", "STATION_LOCATION": "Pasir Putih Sandakan", "CATEGORY": "Coastal", "STATION_STATUS": 1.0, "LATITUDE": 5.82423, "LONGITUDE": 118.086, "STATE_NAME_MWQI": "Sabah", "STATION_LOCATION_MWQI": "Pasir Putih Sandakan", "CATEGORY_MWQI": "Coastal", "LATEST_MWQI": 73.0, "LATEST_CLASS": "Moderate", "MWQI_2021": 83.0, "MWQI_2022": 82.0, "MWQI_2023": 58.0, "MWQI_2024": 73.0, "MWQI_2025": 73.0, "CHANGE_1Y": 0.0, "CHANGE_5Y": -10.0, "MEAN_5Y": 73.8, "MIN_5Y": 58.0, "TREND_SLOPE_5Y": -2.8999999999997752, "TREND_DIRECTION": "Declining", "CURRENT_POOR": false, "CURRENT_MODERATE": true, "DECLINING_5Y": true, "DROP_5_PLUS": true, "DROP_10_PLUS": true }, "geometry": { "type": "Point", "coordinates": [ 118.086, 5.82423 ] } },
{ "type": "Feature", "properties": { "STATION_ID": "MMSC018", "STATION_ID_TYPE": "MODERN", "STATE_NAME": "Sabah", "STATION_LOCATION": "Pantai TLDM", "CATEGORY": "Coastal", "STATION_STATUS": 1.0, "LATITUDE": 5.83896, "LONGITUDE": 118.127, "STATE_NAME_MWQI": "Sabah", "STATION_LOCATION_MWQI": "Pantai TLDM", "CATEGORY_MWQI": "Coastal", "LATEST_MWQI": 79.0, "LATEST_CLASS": "Moderate", "MWQI_2021": 75.0, "MWQI_2022": 62.0, "MWQI_2023": 59.0, "MWQI_2024": 89.0, "MWQI_2025": 79.0, "CHANGE_1Y": -10.0, "CHANGE_5Y": 4.0, "MEAN_5Y": 72.8, "MIN_5Y": 59.0, "TREND_SLOPE_5Y": 3.4999999999984999, "TREND_DIRECTION": "Improving", "CURRENT_POOR": false, "CURRENT_MODERATE": true, "DECLINING_5Y": false, "DROP_5_PLUS": false, "DROP_10_PLUS": false }, "geometry": { "type": "Point", "coordinates": [ 118.127, 5.83896 ] } },
{ "type": "Feature", "properties": { "STATION_ID": "MMSC019", "STATION_ID_TYPE": "MODERN", "STATE_NAME": "Sabah", "STATION_LOCATION": "Pantai Batu Sapi", "CATEGORY": "Coastal", "STATION_STATUS": 1.0, "LATITUDE": 5.79512, "LONGITUDE": 118.04, "STATE_NAME_MWQI": "Sabah", "STATION_LOCATION_MWQI": "Pantai Batu Sapi", "CATEGORY_MWQI": "Coastal", "LATEST_MWQI": 79.0, "LATEST_CLASS": "Moderate", "MWQI_2021": 76.0, "MWQI_2022": 75.0, "MWQI_2023": 58.0, "MWQI_2024": 77.0, "MWQI_2025": 79.0, "CHANGE_1Y": 2.0, "CHANGE_5Y": 3.0, "MEAN_5Y": 73.0, "MIN_5Y": 58.0, "TREND_SLOPE_5Y": 0.79999999999958649, "TREND_DIRECTION": "Improving", "CURRENT_POOR": false, "CURRENT_MODERATE": true, "DECLINING_5Y": false, "DROP_5_PLUS": false, "DROP_10_PLUS": false }, "geometry": { "type": "Point", "coordinates": [ 118.04, 5.79512 ] } },
{ "type": "Feature", "properties": { "STATION_ID": "MMSC020", "STATION_ID_TYPE": "MODERN", "STATE_NAME": "Sabah", "STATION_LOCATION": "Pantai Ulu Tungku", "CATEGORY": "Coastal", "STATION_STATUS": 1.0, "LATITUDE": 5.01293, "LONGITUDE": 118.89, "STATE_NAME_MWQI": "Sabah", "STATION_LOCATION_MWQI": "Pantai Ulu Tungku", "CATEGORY_MWQI": "Coastal", "LATEST_MWQI": 65.0, "LATEST_CLASS": "Moderate", "MWQI_2021": 57.0, "MWQI_2022": 58.0, "MWQI_2023": 59.0, "MWQI_2024": 69.0, "MWQI_2025": 65.0, "CHANGE_1Y": -4.0, "CHANGE_5Y": 8.0, "MEAN_5Y": 61.6, "MIN_5Y": 57.0, "TREND_SLOPE_5Y": 2.6999999999994015, "TREND_DIRECTION": "Improving", "CURRENT_POOR": false, "CURRENT_MODERATE": true, "DECLINING_5Y": false, "DROP_5_PLUS": false, "DROP_10_PLUS": false }, "geometry": { "type": "Point", "coordinates": [ 118.89, 5.01293 ] } },
{ "type": "Feature", "properties": { "STATION_ID": "MMSC021", "STATION_ID_TYPE": "MODERN", "STATE_NAME": "Sabah", "STATION_LOCATION": "Pantai Sarina Kunak", "CATEGORY": "Coastal", "STATION_STATUS": 1.0, "LATITUDE": 4.66139, "LONGITUDE": 118.284, "STATE_NAME_MWQI": "Sabah", "STATION_LOCATION_MWQI": "Pantai Sarina Kunak", "CATEGORY_MWQI": "Coastal", "LATEST_MWQI": 69.0, "LATEST_CLASS": "Moderate", "MWQI_2021": 58.0, "MWQI_2022": 58.0, "MWQI_2023": 59.0, "MWQI_2024": 62.0, "MWQI_2025": 69.0, "CHANGE_1Y": 7.0, "CHANGE_5Y": 11.0, "MEAN_5Y": 61.2, "MIN_5Y": 58.0, "TREND_SLOPE_5Y": 2.5999999999996062, "TREND_DIRECTION": "Improving", "CURRENT_POOR": false, "CURRENT_MODERATE": true, "DECLINING_5Y": false, "DROP_5_PLUS": false, "DROP_10_PLUS": false }, "geometry": { "type": "Point", "coordinates": [ 118.284, 4.66139 ] } },
{ "type": "Feature", "properties": { "STATION_ID": "MMSC022", "STATION_ID_TYPE": "MODERN", "STATE_NAME": "Sabah", "STATION_LOCATION": "Pantai Kg. Lamak", "CATEGORY": "Coastal", "STATION_STATUS": 1.0, "LATITUDE": 4.969972, "LONGITUDE": 118.236731, "STATE_NAME_MWQI": "Sabah", "STATION_LOCATION_MWQI": "Pantai Kg. Lamak", "CATEGORY_MWQI": "Coastal", "LATEST_MWQI": 80.0, "LATEST_CLASS": "Good", "MWQI_2021": 57.0, "MWQI_2022": 61.0, "MWQI_2023": 59.0, "MWQI_2024": 68.0, "MWQI_2025": 80.0, "CHANGE_1Y": 12.0, "CHANGE_5Y": 23.0, "MEAN_5Y": 65.0, "MIN_5Y": 57.0, "TREND_SLOPE_5Y": 5.2999999999992449, "TREND_DIRECTION": "Improving", "CURRENT_POOR": false, "CURRENT_MODERATE": false, "DECLINING_5Y": false, "DROP_5_PLUS": false, "DROP_10_PLUS": false }, "geometry": { "type": "Point", "coordinates": [ 118.236731, 4.969972 ] } },
{ "type": "Feature", "properties": { "STATION_ID": "MMSC023", "STATION_ID_TYPE": "MODERN", "STATE_NAME": "Sabah", "STATION_LOCATION": "Pantai Tinagat", "CATEGORY": "Coastal", "STATION_STATUS": 1.0, "LATITUDE": 4.22278, "LONGITUDE": 117.984, "STATE_NAME_MWQI": "Sabah", "STATION_LOCATION_MWQI": "Pantai Tinagat", "CATEGORY_MWQI": "Coastal", "LATEST_MWQI": 62.0, "LATEST_CLASS": "Moderate", "MWQI_2021": 58.0, "MWQI_2022": 68.0, "MWQI_2023": 58.0, "MWQI_2024": 88.0, "MWQI_2025": 62.0, "CHANGE_1Y": -26.0, "CHANGE_5Y": 4.0, "MEAN_5Y": 66.8, "MIN_5Y": 58.0, "TREND_SLOPE_5Y": 2.7999999999991338, "TREND_DIRECTION": "Improving", "CURRENT_POOR": false, "CURRENT_MODERATE": true, "DECLINING_5Y": false, "DROP_5_PLUS": false, "DROP_10_PLUS": false }, "geometry": { "type": "Point", "coordinates": [ 117.984, 4.22278 ] } },
{ "type": "Feature", "properties": { "STATION_ID": "MMLC001", "STATION_ID_TYPE": "MODERN", "STATE_NAME": "Labuan", "STATION_LOCATION": "Pulau Papan", "CATEGORY": "Coastal", "STATION_STATUS": 1.0, "LATITUDE": 5.2549, "LONGITUDE": 115.268, "STATE_NAME_MWQI": "W.P. Labuan", "STATION_LOCATION_MWQI": "Pulau Papan", "CATEGORY_MWQI": "Coastal", "LATEST_MWQI": 83.0, "LATEST_CLASS": "Good", "MWQI_2021": 59.0, "MWQI_2022": 58.0, "MWQI_2023": 59.0, "MWQI_2024": 58.0, "MWQI_2025": 83.0, "CHANGE_1Y": 25.0, "CHANGE_5Y": 24.0, "MEAN_5Y": 63.4, "MIN_5Y": 58.0, "TREND_SLOPE_5Y": 4.7999999999994616, "TREND_DIRECTION": "Improving", "CURRENT_POOR": false, "CURRENT_MODERATE": false, "DECLINING_5Y": false, "DROP_5_PLUS": false, "DROP_10_PLUS": false }, "geometry": { "type": "Point", "coordinates": [ 115.268, 5.2549 ] } },
{ "type": "Feature", "properties": { "STATION_ID": "MMLC002", "STATION_ID_TYPE": "MODERN", "STATE_NAME": "Labuan", "STATION_LOCATION": "Kiamsam", "CATEGORY": "Coastal", "STATION_STATUS": 1.0, "LATITUDE": 5.25526, "LONGITUDE": 115.175, "STATE_NAME_MWQI": "W.P. Labuan", "STATION_LOCATION_MWQI": "Kiamsam", "CATEGORY_MWQI": "Coastal", "LATEST_MWQI": 79.0, "LATEST_CLASS": "Moderate", "MWQI_2021": 58.0, "MWQI_2022": 58.0, "MWQI_2023": 59.0, "MWQI_2024": 72.0, "MWQI_2025": 79.0, "CHANGE_1Y": 7.0, "CHANGE_5Y": 21.0, "MEAN_5Y": 65.2, "MIN_5Y": 58.0, "TREND_SLOPE_5Y": 5.5999999999989676, "TREND_DIRECTION": "Improving", "CURRENT_POOR": false, "CURRENT_MODERATE": true, "DECLINING_5Y": false, "DROP_5_PLUS": false, "DROP_10_PLUS": false }, "geometry": { "type": "Point", "coordinates": [ 115.175, 5.25526 ] } },
{ "type": "Feature", "properties": { "STATION_ID": "MMLC003", "STATION_ID_TYPE": "MODERN", "STATE_NAME": "Labuan", "STATION_LOCATION": "Sungai Pagar", "CATEGORY": "Coastal", "STATION_STATUS": 1.0, "LATITUDE": 5.27341, "LONGITUDE": 115.167, "STATE_NAME_MWQI": "W.P. Labuan", "STATION_LOCATION_MWQI": "Sungai Pagar", "CATEGORY_MWQI": "Coastal", "LATEST_MWQI": 75.0, "LATEST_CLASS": "Moderate", "MWQI_2021": 58.0, "MWQI_2022": 59.0, "MWQI_2023": 59.0, "MWQI_2024": 76.0, "MWQI_2025": 75.0, "CHANGE_1Y": -1.0, "CHANGE_5Y": 17.0, "MEAN_5Y": 65.4, "MIN_5Y": 58.0, "TREND_SLOPE_5Y": 5.0999999999989383, "TREND_DIRECTION": "Improving", "CURRENT_POOR": false, "CURRENT_MODERATE": true, "DECLINING_5Y": false, "DROP_5_PLUS": false, "DROP_10_PLUS": false }, "geometry": { "type": "Point", "coordinates": [ 115.167, 5.27341 ] } },
{ "type": "Feature", "properties": { "STATION_ID": "MMLC004", "STATION_ID_TYPE": "MODERN", "STATE_NAME": "Labuan", "STATION_LOCATION": "Layang-Layangan", "CATEGORY": "Coastal", "STATION_STATUS": 1.0, "LATITUDE": 5.33422, "LONGITUDE": 115.193, "STATE_NAME_MWQI": "W.P. Labuan", "STATION_LOCATION_MWQI": "Layang- Layangan", "CATEGORY_MWQI": "Coastal", "LATEST_MWQI": 88.0, "LATEST_CLASS": "Good", "MWQI_2021": 57.0, "MWQI_2022": 58.0, "MWQI_2023": 59.0, "MWQI_2024": 74.0, "MWQI_2025": 88.0, "CHANGE_1Y": 14.0, "CHANGE_5Y": 31.0, "MEAN_5Y": 67.2, "MIN_5Y": 57.0, "TREND_SLOPE_5Y": 7.7999999999986809, "TREND_DIRECTION": "Improving", "CURRENT_POOR": false, "CURRENT_MODERATE": false, "DECLINING_5Y": false, "DROP_5_PLUS": false, "DROP_10_PLUS": false }, "geometry": { "type": "Point", "coordinates": [ 115.193, 5.33422 ] } },
{ "type": "Feature", "properties": { "STATION_ID": "MMLC005", "STATION_ID_TYPE": "MODERN", "STATE_NAME": "Labuan", "STATION_LOCATION": "Tanjung Aru", "CATEGORY": "Coastal", "STATION_STATUS": 1.0, "LATITUDE": 5.3506, "LONGITUDE": 115.244, "STATE_NAME_MWQI": "W.P. Labuan", "STATION_LOCATION_MWQI": "Tanjung Aru", "CATEGORY_MWQI": "Coastal", "LATEST_MWQI": 71.0, "LATEST_CLASS": "Moderate", "MWQI_2021": 59.0, "MWQI_2022": 60.0, "MWQI_2023": 59.0, "MWQI_2024": 65.0, "MWQI_2025": 71.0, "CHANGE_1Y": 6.0, "CHANGE_5Y": 12.0, "MEAN_5Y": 62.8, "MIN_5Y": 59.0, "TREND_SLOPE_5Y": 2.8999999999995296, "TREND_DIRECTION": "Improving", "CURRENT_POOR": false, "CURRENT_MODERATE": true, "DECLINING_5Y": false, "DROP_5_PLUS": false, "DROP_10_PLUS": false }, "geometry": { "type": "Point", "coordinates": [ 115.244, 5.3506 ] } },
{ "type": "Feature", "properties": { "STATION_ID": "MMRE001", "STATION_ID_TYPE": "MODERN", "STATE_NAME": "Perlis", "STATION_LOCATION": "Kuala Sungai Baru", "CATEGORY": "Estuary", "STATION_STATUS": 1.0, "LATITUDE": 6.40007, "LONGITUDE": 100.119, "STATE_NAME_MWQI": "Perlis", "STATION_LOCATION_MWQI": "Kuala Sungai Perlis", "CATEGORY_MWQI": "Estuary", "LATEST_MWQI": 57.0, "LATEST_CLASS": "Moderate", "MWQI_2021": 57.0, "MWQI_2022": 57.0, "MWQI_2023": 55.0, "MWQI_2024": 58.0, "MWQI_2025": 57.0, "CHANGE_1Y": -1.0, "CHANGE_5Y": 0.0, "MEAN_5Y": 56.8, "MIN_5Y": 55.0, "TREND_SLOPE_5Y": 0.099999999999931491, "TREND_DIRECTION": "Stable", "CURRENT_POOR": false, "CURRENT_MODERATE": true, "DECLINING_5Y": false, "DROP_5_PLUS": false, "DROP_10_PLUS": false }, "geometry": { "type": "Point", "coordinates": [ 100.119, 6.40007 ] } },
{ "type": "Feature", "properties": { "STATION_ID": "MMRE002", "STATION_ID_TYPE": "MODERN", "STATE_NAME": "Perlis", "STATION_LOCATION": "Kuala Sungai Perlis", "CATEGORY": "Estuary", "STATION_STATUS": 1.0, "LATITUDE": 6.33242, "LONGITUDE": 100.15, "STATE_NAME_MWQI": "Perlis", "STATION_LOCATION_MWQI": "Kuala Sungai Baru", "CATEGORY_MWQI": "Estuary", "LATEST_MWQI": 57.0, "LATEST_CLASS": "Moderate", "MWQI_2021": 57.0, "MWQI_2022": 57.0, "MWQI_2023": 56.0, "MWQI_2024": 56.0, "MWQI_2025": 57.0, "CHANGE_1Y": 1.0, "CHANGE_5Y": 0.0, "MEAN_5Y": 56.6, "MIN_5Y": 56.0, "TREND_SLOPE_5Y": -0.099999999999974332, "TREND_DIRECTION": "Stable", "CURRENT_POOR": false, "CURRENT_MODERATE": true, "DECLINING_5Y": false, "DROP_5_PLUS": false, "DROP_10_PLUS": false }, "geometry": { "type": "Point", "coordinates": [ 100.15, 6.33242 ] } },
{ "type": "Feature", "properties": { "STATION_ID": "MMKE001", "STATION_ID_TYPE": "MODERN", "STATE_NAME": "Kedah", "STATION_LOCATION": "Kuala Kedah", "CATEGORY": "Estuary", "STATION_STATUS": 1.0, "LATITUDE": 6.10482, "LONGITUDE": 100.282, "STATE_NAME_MWQI": "Kedah", "STATION_LOCATION_MWQI": "Kuala Kedah", "CATEGORY_MWQI": "Estuary", "LATEST_MWQI": 56.0, "LATEST_CLASS": "Moderate", "MWQI_2021": 57.0, "MWQI_2022": 56.0, "MWQI_2023": 54.0, "MWQI_2024": 64.0, "MWQI_2025": 56.0, "CHANGE_1Y": -8.0, "CHANGE_5Y": -1.0, "MEAN_5Y": 57.4, "MIN_5Y": 54.0, "TREND_SLOPE_5Y": 0.59999999999964559, "TREND_DIRECTION": "Improving", "CURRENT_POOR": false, "CURRENT_MODERATE": true, "DECLINING_5Y": false, "DROP_5_PLUS": false, "DROP_10_PLUS": false }, "geometry": { "type": "Point", "coordinates": [ 100.282, 6.10482 ] } },
{ "type": "Feature", "properties": { "STATION_ID": "MMKE002", "STATION_ID_TYPE": "MODERN", "STATE_NAME": "Kedah", "STATION_LOCATION": "Kuala Jerlun", "CATEGORY": "Estuary", "STATION_STATUS": 1.0, "LATITUDE": 6.2105, "LONGITUDE": 100.238, "STATE_NAME_MWQI": "Kedah", "STATION_LOCATION_MWQI": "Kuala Jerlun", "CATEGORY_MWQI": "Estuary", "LATEST_MWQI": 56.0, "LATEST_CLASS": "Moderate", "MWQI_2021": 55.0, "MWQI_2022": 54.0, "MWQI_2023": 56.0, "MWQI_2024": 57.0, "MWQI_2025": 56.0, "CHANGE_1Y": -1.0, "CHANGE_5Y": 1.0, "MEAN_5Y": 55.6, "MIN_5Y": 54.0, "TREND_SLOPE_5Y": 0.49999999999986577, "TREND_DIRECTION": "Stable", "CURRENT_POOR": false, "CURRENT_MODERATE": true, "DECLINING_5Y": false, "DROP_5_PLUS": false, "DROP_10_PLUS": false }, "geometry": { "type": "Point", "coordinates": [ 100.238, 6.2105 ] } },
{ "type": "Feature", "properties": { "STATION_ID": "MMPE001", "STATION_ID_TYPE": "MODERN", "STATE_NAME": "Pulau Pinang", "STATION_LOCATION": "Kuala Sungai Jawi", "CATEGORY": "Estuary", "STATION_STATUS": 1.0, "LATITUDE": 5.28056, "LONGITUDE": 100.417, "STATE_NAME_MWQI": "P. Pinang", "STATION_LOCATION_MWQI": "Kuala Sungai Jawi", "CATEGORY_MWQI": "Estuary", "LATEST_MWQI": 69.0, "LATEST_CLASS": "Moderate", "MWQI_2021": 43.0, "MWQI_2022": 52.0, "MWQI_2023": 72.0, "MWQI_2024": 53.0, "MWQI_2025": 69.0, "CHANGE_1Y": 16.0, "CHANGE_5Y": 26.0, "MEAN_5Y": 57.8, "MIN_5Y": 43.0, "TREND_SLOPE_5Y": 5.2999999999998488, "TREND_DIRECTION": "Improving", "CURRENT_POOR": false, "CURRENT_MODERATE": true, "DECLINING_5Y": false, "DROP_5_PLUS": false, "DROP_10_PLUS": false }, "geometry": { "type": "Point", "coordinates": [ 100.417, 5.28056 ] } },
{ "type": "Feature", "properties": { "STATION_ID": "MMPE002", "STATION_ID_TYPE": "MODERN", "STATE_NAME": "Pulau Pinang", "STATION_LOCATION": "Kuala Sungai Juru", "CATEGORY": "Estuary", "STATION_STATUS": 1.0, "LATITUDE": 5.33889, "LONGITUDE": 100.406, "STATE_NAME_MWQI": "P. Pinang", "STATION_LOCATION_MWQI": "Kuala Sungai Juru", "CATEGORY_MWQI": "Estuary", "LATEST_MWQI": 46.0, "LATEST_CLASS": "Poor", "MWQI_2021": 42.0, "MWQI_2022": 53.0, "MWQI_2023": 55.0, "MWQI_2024": 47.0, "MWQI_2025": 46.0, "CHANGE_1Y": -1.0, "CHANGE_5Y": 4.0, "MEAN_5Y": 48.6, "MIN_5Y": 42.0, "TREND_SLOPE_5Y": 0.20000000000040488, "TREND_DIRECTION": "Stable", "CURRENT_POOR": true, "CURRENT_MODERATE": false, "DECLINING_5Y": false, "DROP_5_PLUS": false, "DROP_10_PLUS": false }, "geometry": { "type": "Point", "coordinates": [ 100.406, 5.33889 ] } },
{ "type": "Feature", "properties": { "STATION_ID": "MMPE003", "STATION_ID_TYPE": "MODERN", "STATE_NAME": "Pulau Pinang", "STATION_LOCATION": "Kuala Sungai Kerian", "CATEGORY": "Estuary", "STATION_STATUS": 1.0, "LATITUDE": 5.17034, "LONGITUDE": 100.424, "STATE_NAME_MWQI": "P. Pinang", "STATION_LOCATION_MWQI": "Kuala Sungai Kerian", "CATEGORY_MWQI": "Estuary", "LATEST_MWQI": 79.0, "LATEST_CLASS": "Moderate", "MWQI_2021": 56.0, "MWQI_2022": 73.0, "MWQI_2023": 55.0, "MWQI_2024": 68.0, "MWQI_2025": 79.0, "CHANGE_1Y": 11.0, "CHANGE_5Y": 23.0, "MEAN_5Y": 66.2, "MIN_5Y": 55.0, "TREND_SLOPE_5Y": 4.0999999999997589, "TREND_DIRECTION": "Improving", "CURRENT_POOR": false, "CURRENT_MODERATE": true, "DECLINING_5Y": false, "DROP_5_PLUS": false, "DROP_10_PLUS": false }, "geometry": { "type": "Point", "coordinates": [ 100.424, 5.17034 ] } },
{ "type": "Feature", "properties": { "STATION_ID": "MMPE004", "STATION_ID_TYPE": "MODERN", "STATE_NAME": "Pulau Pinang", "STATION_LOCATION": "Kuala Sungai Pinang", "CATEGORY": "Estuary", "STATION_STATUS": 1.0, "LATITUDE": 5.4, "LONGITUDE": 100.335, "STATE_NAME_MWQI": "P. Pinang", "STATION_LOCATION_MWQI": "Kuala Sungai Pinang", "CATEGORY_MWQI": "Estuary", "LATEST_MWQI": 47.0, "LATEST_CLASS": "Poor", "MWQI_2021": 52.0, "MWQI_2022": 54.0, "MWQI_2023": 48.0, "MWQI_2024": 47.0, "MWQI_2025": 47.0, "CHANGE_1Y": 0.0, "CHANGE_5Y": -5.0, "MEAN_5Y": 49.6, "MIN_5Y": 47.0, "TREND_SLOPE_5Y": -1.6999999999996445, "TREND_DIRECTION": "Declining", "CURRENT_POOR": true, "CURRENT_MODERATE": false, "DECLINING_5Y": true, "DROP_5_PLUS": true, "DROP_10_PLUS": false }, "geometry": { "type": "Point", "coordinates": [ 100.335, 5.4 ] } },
{ "type": "Feature", "properties": { "STATION_ID": "MMPE005", "STATION_ID_TYPE": "MODERN", "STATE_NAME": "Pulau Pinang", "STATION_LOCATION": "Kuala Sungai Perai", "CATEGORY": "Estuary", "STATION_STATUS": 1.0, "LATITUDE": 5.38333, "LONGITUDE": 100.367, "STATE_NAME_MWQI": "P. Pinang", "STATION_LOCATION_MWQI": "Kuala Sungai Perai", "CATEGORY_MWQI": "Estuary", "LATEST_MWQI": 52.0, "LATEST_CLASS": "Moderate", "MWQI_2021": 55.0, "MWQI_2022": 55.0, "MWQI_2023": 56.0, "MWQI_2024": 55.0, "MWQI_2025": 52.0, "CHANGE_1Y": -3.0, "CHANGE_5Y": -3.0, "MEAN_5Y": 54.6, "MIN_5Y": 52.0, "TREND_SLOPE_5Y": -0.59999999999991804, "TREND_DIRECTION": "Declining", "CURRENT_POOR": false, "CURRENT_MODERATE": true, "DECLINING_5Y": true, "DROP_5_PLUS": false, "DROP_10_PLUS": false }, "geometry": { "type": "Point", "coordinates": [ 100.367, 5.38333 ] } },
{ "type": "Feature", "properties": { "STATION_ID": "MMPE006", "STATION_ID_TYPE": "MODERN", "STATE_NAME": "Pulau Pinang", "STATION_LOCATION": "Kuala Sungai Tengah", "CATEGORY": "Estuary", "STATION_STATUS": 1.0, "LATITUDE": 5.21139, "LONGITUDE": 100.425, "STATE_NAME_MWQI": "P. Pinang", "STATION_LOCATION_MWQI": "Kuala Sungai Tengah", "CATEGORY_MWQI": "Estuary", "LATEST_MWQI": 76.0, "LATEST_CLASS": "Moderate", "MWQI_2021": 57.0, "MWQI_2022": 81.0, "MWQI_2023": 87.0, "MWQI_2024": 65.0, "MWQI_2025": 76.0, "CHANGE_1Y": 11.0, "CHANGE_5Y": 19.0, "MEAN_5Y": 73.2, "MIN_5Y": 57.0, "TREND_SLOPE_5Y": 2.2000000000007947, "TREND_DIRECTION": "Improving", "CURRENT_POOR": false, "CURRENT_MODERATE": true, "DECLINING_5Y": false, "DROP_5_PLUS": false, "DROP_10_PLUS": false }, "geometry": { "type": "Point", "coordinates": [ 100.425, 5.21139 ] } },
{ "type": "Feature", "properties": { "STATION_ID": "MMPE007", "STATION_ID_TYPE": "MODERN", "STATE_NAME": "Pulau Pinang", "STATION_LOCATION": "Kuala Sungai Pinang (Balik Pulau)", "CATEGORY": "Estuary", "STATION_STATUS": 1.0, "LATITUDE": 5.39155, "LONGITUDE": 100.186, "STATE_NAME_MWQI": "P. Pinang", "STATION_LOCATION_MWQI": "Kuala Sungai Pinang (Balik Pulau)", "CATEGORY_MWQI": "Estuary", "LATEST_MWQI": 64.0, "LATEST_CLASS": "Moderate", "MWQI_2021": 56.0, "MWQI_2022": 58.0, "MWQI_2023": 72.0, "MWQI_2024": 56.0, "MWQI_2025": 64.0, "CHANGE_1Y": 8.0, "CHANGE_5Y": 8.0, "MEAN_5Y": 61.2, "MIN_5Y": 56.0, "TREND_SLOPE_5Y": 1.4000000000001482, "TREND_DIRECTION": "Improving", "CURRENT_POOR": false, "CURRENT_MODERATE": true, "DECLINING_5Y": false, "DROP_5_PLUS": false, "DROP_10_PLUS": false }, "geometry": { "type": "Point", "coordinates": [ 100.186, 5.39155 ] } },
{ "type": "Feature", "properties": { "STATION_ID": "MMAE001", "STATION_ID_TYPE": "MODERN", "STATE_NAME": "Perak", "STATION_LOCATION": "Kuala Sungai Manjung", "CATEGORY": "Estuary", "STATION_STATUS": 1.0, "LATITUDE": 4.24841, "LONGITUDE": 100.594, "STATE_NAME_MWQI": "Perak", "STATION_LOCATION_MWQI": "Kuala Sungai Manjung", "CATEGORY_MWQI": "Estuary", "LATEST_MWQI": 86.0, "LATEST_CLASS": "Good", "MWQI_2021": 73.0, "MWQI_2022": 85.0, "MWQI_2023": 89.0, "MWQI_2024": 94.0, "MWQI_2025": 86.0, "CHANGE_1Y": -8.0, "CHANGE_5Y": 13.0, "MEAN_5Y": 85.4, "MIN_5Y": 73.0, "TREND_SLOPE_5Y": 3.499999999999631, "TREND_DIRECTION": "Improving", "CURRENT_POOR": false, "CURRENT_MODERATE": false, "DECLINING_5Y": false, "DROP_5_PLUS": false, "DROP_10_PLUS": false }, "geometry": { "type": "Point", "coordinates": [ 100.594, 4.24841 ] } },
{ "type": "Feature", "properties": { "STATION_ID": "MMAE002", "STATION_ID_TYPE": "MODERN", "STATE_NAME": "Perak", "STATION_LOCATION": "Kuala Sungai Gula", "CATEGORY": "Estuary", "STATION_STATUS": 1.0, "LATITUDE": 4.92269, "LONGITUDE": 100.467, "STATE_NAME_MWQI": "Perak", "STATION_LOCATION_MWQI": "Kuala Sungai Gula", "CATEGORY_MWQI": "Estuary", "LATEST_MWQI": 69.0, "LATEST_CLASS": "Moderate", "MWQI_2021": 54.0, "MWQI_2022": 79.0, "MWQI_2023": 57.0, "MWQI_2024": 58.0, "MWQI_2025": 69.0, "CHANGE_1Y": 11.0, "CHANGE_5Y": 15.0, "MEAN_5Y": 63.4, "MIN_5Y": 54.0, "TREND_SLOPE_5Y": 0.90000000000069647, "TREND_DIRECTION": "Improving", "CURRENT_POOR": false, "CURRENT_MODERATE": true, "DECLINING_5Y": false, "DROP_5_PLUS": false, "DROP_10_PLUS": false }, "geometry": { "type": "Point", "coordinates": [ 100.467, 4.92269 ] } },
{ "type": "Feature", "properties": { "STATION_ID": "MMAE003", "STATION_ID_TYPE": "MODERN", "STATE_NAME": "Perak", "STATION_LOCATION": "Kuala Sungai Kurau", "CATEGORY": "Estuary", "STATION_STATUS": 1.0, "LATITUDE": 4.99481, "LONGITUDE": 100.415, "STATE_NAME_MWQI": "Perak", "STATION_LOCATION_MWQI": "Kuala Sungai Kurau", "CATEGORY_MWQI": "Estuary", "LATEST_MWQI": 54.0, "LATEST_CLASS": "Moderate", "MWQI_2021": 54.0, "MWQI_2022": 64.0, "MWQI_2023": 56.0, "MWQI_2024": 58.0, "MWQI_2025": 54.0, "CHANGE_1Y": -4.0, "CHANGE_5Y": 0.0, "MEAN_5Y": 57.2, "MIN_5Y": 54.0, "TREND_SLOPE_5Y": -0.59999999999967779, "TREND_DIRECTION": "Declining", "CURRENT_POOR": false, "CURRENT_MODERATE": true, "DECLINING_5Y": true, "DROP_5_PLUS": false, "DROP_10_PLUS": false }, "geometry": { "type": "Point", "coordinates": [ 100.415, 4.99481 ] } },
{ "type": "Feature", "properties": { "STATION_ID": "MMAE004", "STATION_ID_TYPE": "MODERN", "STATE_NAME": "Perak", "STATION_LOCATION": "Kuala Sungai Tanjung Piandang", "CATEGORY": "Estuary", "STATION_STATUS": 1.0, "LATITUDE": 5.07661, "LONGITUDE": 100.374, "STATE_NAME_MWQI": "Perak", "STATION_LOCATION_MWQI": "Kuala Sungai Tanjung Piandang", "CATEGORY_MWQI": "Estuary", "LATEST_MWQI": 53.0, "LATEST_CLASS": "Moderate", "MWQI_2021": 45.0, "MWQI_2022": 50.0, "MWQI_2023": 51.0, "MWQI_2024": 51.0, "MWQI_2025": 53.0, "CHANGE_1Y": 2.0, "CHANGE_5Y": 8.0, "MEAN_5Y": 50.0, "MIN_5Y": 45.0, "TREND_SLOPE_5Y": 1.6999999999998943, "TREND_DIRECTION": "Improving", "CURRENT_POOR": false, "CURRENT_MODERATE": true, "DECLINING_5Y": false, "DROP_5_PLUS": false, "DROP_10_PLUS": false }, "geometry": { "type": "Point", "coordinates": [ 100.374, 5.07661 ] } },
{ "type": "Feature", "properties": { "STATION_ID": "MMAE005", "STATION_ID_TYPE": "MODERN", "STATE_NAME": "Perak", "STATION_LOCATION": "Kuala Sungai Sepetang", "CATEGORY": "Estuary", "STATION_STATUS": 1.0, "LATITUDE": 4.7756, "LONGITUDE": 100.588, "STATE_NAME_MWQI": "Perak", "STATION_LOCATION_MWQI": "Kuala Sungai Sepetang", "CATEGORY_MWQI": "Estuary", "LATEST_MWQI": 56.0, "LATEST_CLASS": "Moderate", "MWQI_2021": 55.0, "MWQI_2022": 53.0, "MWQI_2023": 53.0, "MWQI_2024": 58.0, "MWQI_2025": 56.0, "CHANGE_1Y": -2.0, "CHANGE_5Y": 1.0, "MEAN_5Y": 55.0, "MIN_5Y": 53.0, "TREND_SLOPE_5Y": 0.69999999999973483, "TREND_DIRECTION": "Improving", "CURRENT_POOR": false, "CURRENT_MODERATE": true, "DECLINING_5Y": false, "DROP_5_PLUS": false, "DROP_10_PLUS": false }, "geometry": { "type": "Point", "coordinates": [ 100.588, 4.7756 ] } },
{ "type": "Feature", "properties": { "STATION_ID": "MMAE006", "STATION_ID_TYPE": "MODERN", "STATE_NAME": "Perak", "STATION_LOCATION": "Kuala Sungai Perak", "CATEGORY": "Estuary", "STATION_STATUS": 1.0, "LATITUDE": 4.00002, "LONGITUDE": 100.756, "STATE_NAME_MWQI": "Perak", "STATION_LOCATION_MWQI": "Kuala Sungai Perak", "CATEGORY_MWQI": "Estuary", "LATEST_MWQI": 66.0, "LATEST_CLASS": "Moderate", "MWQI_2021": 55.0, "MWQI_2022": 75.0, "MWQI_2023": 62.0, "MWQI_2024": 82.0, "MWQI_2025": 66.0, "CHANGE_1Y": -16.0, "CHANGE_5Y": 11.0, "MEAN_5Y": 68.0, "MIN_5Y": 55.0, "TREND_SLOPE_5Y": 2.8999999999996557, "TREND_DIRECTION": "Improving", "CURRENT_POOR": false, "CURRENT_MODERATE": true, "DECLINING_5Y": false, "DROP_5_PLUS": false, "DROP_10_PLUS": false }, "geometry": { "type": "Point", "coordinates": [ 100.756, 4.00002 ] } },
{ "type": "Feature", "properties": { "STATION_ID": "MMBE001", "STATION_ID_TYPE": "MODERN", "STATE_NAME": "Selangor", "STATION_LOCATION": "Kuala Sungai Sepang", "CATEGORY": "Estuary", "STATION_STATUS": 1.0, "LATITUDE": 2.59575, "LONGITUDE": 101.713, "STATE_NAME_MWQI": "Selangor", "STATION_LOCATION_MWQI": "Kuala Sungai Sepang", "CATEGORY_MWQI": "Estuary", "LATEST_MWQI": 71.0, "LATEST_CLASS": "Moderate", "MWQI_2021": 66.0, "MWQI_2022": 72.0, "MWQI_2023": 83.0, "MWQI_2024": 70.0, "MWQI_2025": 71.0, "CHANGE_1Y": 1.0, "CHANGE_5Y": 5.0, "MEAN_5Y": 72.4, "MIN_5Y": 66.0, "TREND_SLOPE_5Y": 0.80000000000025207, "TREND_DIRECTION": "Improving", "CURRENT_POOR": false, "CURRENT_MODERATE": true, "DECLINING_5Y": false, "DROP_5_PLUS": false, "DROP_10_PLUS": false }, "geometry": { "type": "Point", "coordinates": [ 101.713, 2.59575 ] } },
{ "type": "Feature", "properties": { "STATION_ID": "MMBE002", "STATION_ID_TYPE": "MODERN", "STATE_NAME": "Selangor", "STATION_LOCATION": "Kuala Sungai Sepang (Kecil)", "CATEGORY": "Estuary", "STATION_STATUS": 1.0, "LATITUDE": 2.60987, "LONGITUDE": 101.685, "STATE_NAME_MWQI": "Selangor", "STATION_LOCATION_MWQI": "Kuala Sungai Sepang (Kecil)", "CATEGORY_MWQI": "Estuary", "LATEST_MWQI": 72.0, "LATEST_CLASS": "Moderate", "MWQI_2021": 80.0, "MWQI_2022": 58.0, "MWQI_2023": 82.0, "MWQI_2024": 57.0, "MWQI_2025": 72.0, "CHANGE_1Y": 15.0, "CHANGE_5Y": -8.0, "MEAN_5Y": 69.8, "MIN_5Y": 57.0, "TREND_SLOPE_5Y": -1.6999999999998385, "TREND_DIRECTION": "Declining", "CURRENT_POOR": false, "CURRENT_MODERATE": true, "DECLINING_5Y": true, "DROP_5_PLUS": true, "DROP_10_PLUS": false }, "geometry": { "type": "Point", "coordinates": [ 101.685, 2.60987 ] } },
{ "type": "Feature", "properties": { "STATION_ID": "MMBE003", "STATION_ID_TYPE": "MODERN", "STATE_NAME": "Selangor", "STATION_LOCATION": "Kuala Sungai Sepang (Kawalan)", "CATEGORY": "Estuary", "STATION_STATUS": 1.0, "LATITUDE": 2.59749, "LONGITUDE": 101.69, "STATE_NAME_MWQI": "Selangor", "STATION_LOCATION_MWQI": "Kuala Sungai Sepang (Kawalan)", "CATEGORY_MWQI": "Estuary", "LATEST_MWQI": 89.0, "LATEST_CLASS": "Good", "MWQI_2021": 81.0, "MWQI_2022": 91.0, "MWQI_2023": 90.0, "MWQI_2024": 84.0, "MWQI_2025": 89.0, "CHANGE_1Y": 5.0, "CHANGE_5Y": 8.0, "MEAN_5Y": 87.0, "MIN_5Y": 81.0, "TREND_SLOPE_5Y": 0.90000000000029201, "TREND_DIRECTION": "Improving", "CURRENT_POOR": false, "CURRENT_MODERATE": false, "DECLINING_5Y": false, "DROP_5_PLUS": false, "DROP_10_PLUS": false }, "geometry": { "type": "Point", "coordinates": [ 101.69, 2.59749 ] } },
{ "type": "Feature", "properties": { "STATION_ID": "MMBE004", "STATION_ID_TYPE": "MODERN", "STATE_NAME": "Selangor", "STATION_LOCATION": "Kuala Sungai Langat (Jugra)", "CATEGORY": "Estuary", "STATION_STATUS": 1.0, "LATITUDE": 2.8024, "LONGITUDE": 101.407, "STATE_NAME_MWQI": "Selangor", "STATION_LOCATION_MWQI": "Kuala Sungai Langat (Jugra)", "CATEGORY_MWQI": "Estuary", "LATEST_MWQI": 54.0, "LATEST_CLASS": "Moderate", "MWQI_2021": 54.0, "MWQI_2022": 58.0, "MWQI_2023": 63.0, "MWQI_2024": 53.0, "MWQI_2025": 54.0, "CHANGE_1Y": 1.0, "CHANGE_5Y": 0.0, "MEAN_5Y": 56.4, "MIN_5Y": 53.0, "TREND_SLOPE_5Y": -0.4999999999996409, "TREND_DIRECTION": "Stable", "CURRENT_POOR": false, "CURRENT_MODERATE": true, "DECLINING_5Y": false, "DROP_5_PLUS": false, "DROP_10_PLUS": false }, "geometry": { "type": "Point", "coordinates": [ 101.407, 2.8024 ] } },
{ "type": "Feature", "properties": { "STATION_ID": "MMBE005", "STATION_ID_TYPE": "MODERN", "STATE_NAME": "Selangor", "STATION_LOCATION": "Kuala Sungai Klang", "CATEGORY": "Estuary", "STATION_STATUS": 1.0, "LATITUDE": 3.00191, "LONGITUDE": 101.389, "STATE_NAME_MWQI": "Selangor", "STATION_LOCATION_MWQI": "Kuala Sungai Klang", "CATEGORY_MWQI": "Estuary", "LATEST_MWQI": 49.0, "LATEST_CLASS": "Poor", "MWQI_2021": 40.0, "MWQI_2022": 43.0, "MWQI_2023": 51.0, "MWQI_2024": 51.0, "MWQI_2025": 49.0, "CHANGE_1Y": -2.0, "CHANGE_5Y": 9.0, "MEAN_5Y": 46.8, "MIN_5Y": 40.0, "TREND_SLOPE_5Y": 2.5999999999996444, "TREND_DIRECTION": "Improving", "CURRENT_POOR": true, "CURRENT_MODERATE": false, "DECLINING_5Y": false, "DROP_5_PLUS": false, "DROP_10_PLUS": false }, "geometry": { "type": "Point", "coordinates": [ 101.389, 3.00191 ] } },
{ "type": "Feature", "properties": { "STATION_ID": "MMBE006", "STATION_ID_TYPE": "MODERN", "STATE_NAME": "Selangor", "STATION_LOCATION": "Kuala Sungai Langat (Lumut)", "CATEGORY": "Estuary", "STATION_STATUS": 1.0, "LATITUDE": 2.9668, "LONGITUDE": 101.309, "STATE_NAME_MWQI": "Selangor", "STATION_LOCATION_MWQI": "Kuala Sungai Langat (Lumut)", "CATEGORY_MWQI": "Estuary", "LATEST_MWQI": 54.0, "LATEST_CLASS": "Moderate", "MWQI_2021": 54.0, "MWQI_2022": 55.0, "MWQI_2023": 60.0, "MWQI_2024": 63.0, "MWQI_2025": 54.0, "CHANGE_1Y": -9.0, "CHANGE_5Y": 0.0, "MEAN_5Y": 57.2, "MIN_5Y": 54.0, "TREND_SLOPE_5Y": 0.79999999999976279, "TREND_DIRECTION": "Improving", "CURRENT_POOR": false, "CURRENT_MODERATE": true, "DECLINING_5Y": false, "DROP_5_PLUS": false, "DROP_10_PLUS": false }, "geometry": { "type": "Point", "coordinates": [ 101.309, 2.9668 ] } },
{ "type": "Feature", "properties": { "STATION_ID": "MMBE007", "STATION_ID_TYPE": "MODERN", "STATE_NAME": "Selangor", "STATION_LOCATION": "Kuala Sungai Buloh", "CATEGORY": "Estuary", "STATION_STATUS": 1.0, "LATITUDE": 3.25504, "LONGITUDE": 101.3, "STATE_NAME_MWQI": "Selangor", "STATION_LOCATION_MWQI": "Kuala Sungai Buloh", "CATEGORY_MWQI": "Estuary", "LATEST_MWQI": 57.0, "LATEST_CLASS": "Moderate", "MWQI_2021": 57.0, "MWQI_2022": 56.0, "MWQI_2023": 64.0, "MWQI_2024": 56.0, "MWQI_2025": 57.0, "CHANGE_1Y": 1.0, "CHANGE_5Y": 0.0, "MEAN_5Y": 58.0, "MIN_5Y": 56.0, "TREND_SLOPE_5Y": 9.844708997233454e-14, "TREND_DIRECTION": "Stable", "CURRENT_POOR": false, "CURRENT_MODERATE": true, "DECLINING_5Y": false, "DROP_5_PLUS": false, "DROP_10_PLUS": false }, "geometry": { "type": "Point", "coordinates": [ 101.3, 3.25504 ] } },
{ "type": "Feature", "properties": { "STATION_ID": "MMBE008", "STATION_ID_TYPE": "MODERN", "STATE_NAME": "Selangor", "STATION_LOCATION": "Kuala Sungai Selangor", "CATEGORY": "Estuary", "STATION_STATUS": 1.0, "LATITUDE": 3.33333, "LONGITUDE": 101.225, "STATE_NAME_MWQI": "Selangor", "STATION_LOCATION_MWQI": "Kuala Sungai Selangor", "CATEGORY_MWQI": "Estuary", "LATEST_MWQI": 54.0, "LATEST_CLASS": "Moderate", "MWQI_2021": 43.0, "MWQI_2022": 51.0, "MWQI_2023": 55.0, "MWQI_2024": 49.0, "MWQI_2025": 54.0, "CHANGE_1Y": 5.0, "CHANGE_5Y": 11.0, "MEAN_5Y": 50.4, "MIN_5Y": 43.0, "TREND_SLOPE_5Y": 2.0000000000000511, "TREND_DIRECTION": "Improving", "CURRENT_POOR": false, "CURRENT_MODERATE": true, "DECLINING_5Y": false, "DROP_5_PLUS": false, "DROP_10_PLUS": false }, "geometry": { "type": "Point", "coordinates": [ 101.225, 3.33333 ] } },
{ "type": "Feature", "properties": { "STATION_ID": "MMBE009", "STATION_ID_TYPE": "MODERN", "STATE_NAME": "Selangor", "STATION_LOCATION": "Kuala Sungai Tengi", "CATEGORY": "Estuary", "STATION_STATUS": 1.0, "LATITUDE": 3.39618, "LONGITUDE": 101.167, "STATE_NAME_MWQI": "Selangor", "STATION_LOCATION_MWQI": "Kuala Sungai Tengi", "CATEGORY_MWQI": "Estuary", "LATEST_MWQI": 55.0, "LATEST_CLASS": "Moderate", "MWQI_2021": 51.0, "MWQI_2022": 48.0, "MWQI_2023": 56.0, "MWQI_2024": 52.0, "MWQI_2025": 55.0, "CHANGE_1Y": 3.0, "CHANGE_5Y": 4.0, "MEAN_5Y": 52.4, "MIN_5Y": 48.0, "TREND_SLOPE_5Y": 1.1999999999998054, "TREND_DIRECTION": "Improving", "CURRENT_POOR": false, "CURRENT_MODERATE": true, "DECLINING_5Y": false, "DROP_5_PLUS": false, "DROP_10_PLUS": false }, "geometry": { "type": "Point", "coordinates": [ 101.167, 3.39618 ] } },
{ "type": "Feature", "properties": { "STATION_ID": "MMBE010", "STATION_ID_TYPE": "MODERN", "STATE_NAME": "Selangor", "STATION_LOCATION": "Kuala Sungai Bernam", "CATEGORY": "Estuary", "STATION_STATUS": 1.0, "LATITUDE": 3.85, "LONGITUDE": 100.817, "STATE_NAME_MWQI": "Selangor", "STATION_LOCATION_MWQI": "Kuala Sungai Bernam", "CATEGORY_MWQI": "Estuary", "LATEST_MWQI": 57.0, "LATEST_CLASS": "Moderate", "MWQI_2021": 55.0, "MWQI_2022": 61.0, "MWQI_2023": 54.0, "MWQI_2024": 55.0, "MWQI_2025": 57.0, "CHANGE_1Y": 2.0, "CHANGE_5Y": 2.0, "MEAN_5Y": 56.4, "MIN_5Y": 54.0, "TREND_SLOPE_5Y": -0.19999999999978058, "TREND_DIRECTION": "Stable", "CURRENT_POOR": false, "CURRENT_MODERATE": true, "DECLINING_5Y": false, "DROP_5_PLUS": false, "DROP_10_PLUS": false }, "geometry": { "type": "Point", "coordinates": [ 100.817, 3.85 ] } },
{ "type": "Feature", "properties": { "STATION_ID": "MMNE001", "STATION_ID_TYPE": "MODERN", "STATE_NAME": "N. Sembilan", "STATION_LOCATION": "Kuala Sungai Linggi", "CATEGORY": "Estuary", "STATION_STATUS": 1.0, "LATITUDE": 2.39101, "LONGITUDE": 101.973, "STATE_NAME_MWQI": "N. Sembilan", "STATION_LOCATION_MWQI": "Kuala Sungai Linggi", "CATEGORY_MWQI": "Estuary", "LATEST_MWQI": 54.0, "LATEST_CLASS": "Moderate", "MWQI_2021": 68.0, "MWQI_2022": 55.0, "MWQI_2023": 68.0, "MWQI_2024": 67.0, "MWQI_2025": 54.0, "CHANGE_1Y": -13.0, "CHANGE_5Y": -14.0, "MEAN_5Y": 62.4, "MIN_5Y": 54.0, "TREND_SLOPE_5Y": -1.6000000000002341, "TREND_DIRECTION": "Declining", "CURRENT_POOR": false, "CURRENT_MODERATE": true, "DECLINING_5Y": true, "DROP_5_PLUS": true, "DROP_10_PLUS": true }, "geometry": { "type": "Point", "coordinates": [ 101.973, 2.39101 ] } },
{ "type": "Feature", "properties": { "STATION_ID": "MMNE002", "STATION_ID_TYPE": "MODERN", "STATE_NAME": "N. Sembilan", "STATION_LOCATION": "Kuala Sungai Lukut", "CATEGORY": "Estuary", "STATION_STATUS": 1.0, "LATITUDE": 2.57802, "LONGITUDE": 101.788, "STATE_NAME_MWQI": "N. Sembilan", "STATION_LOCATION_MWQI": "Kuala Sungai Lukut", "CATEGORY_MWQI": "Estuary", "LATEST_MWQI": 52.0, "LATEST_CLASS": "Moderate", "MWQI_2021": 56.0, "MWQI_2022": 53.0, "MWQI_2023": 55.0, "MWQI_2024": 52.0, "MWQI_2025": 52.0, "CHANGE_1Y": 0.0, "CHANGE_5Y": -4.0, "MEAN_5Y": 53.6, "MIN_5Y": 52.0, "TREND_SLOPE_5Y": -0.89999999999989366, "TREND_DIRECTION": "Declining", "CURRENT_POOR": false, "CURRENT_MODERATE": true, "DECLINING_5Y": true, "DROP_5_PLUS": false, "DROP_10_PLUS": false }, "geometry": { "type": "Point", "coordinates": [ 101.788, 2.57802 ] } },
{ "type": "Feature", "properties": { "STATION_ID": "MMME001", "STATION_ID_TYPE": "MODERN", "STATE_NAME": "Melaka", "STATION_LOCATION": "Kuala Sungai Melaka", "CATEGORY": "Estuary", "STATION_STATUS": 1.0, "LATITUDE": 2.18572, "LONGITUDE": 102.242, "STATE_NAME_MWQI": "Melaka", "STATION_LOCATION_MWQI": "Kuala Sungai Melaka", "CATEGORY_MWQI": "Estuary", "LATEST_MWQI": 56.0, "LATEST_CLASS": "Moderate", "MWQI_2021": 60.0, "MWQI_2022": 63.0, "MWQI_2023": 56.0, "MWQI_2024": 54.0, "MWQI_2025": 56.0, "CHANGE_1Y": 2.0, "CHANGE_5Y": -4.0, "MEAN_5Y": 57.8, "MIN_5Y": 54.0, "TREND_SLOPE_5Y": -1.6999999999995803, "TREND_DIRECTION": "Declining", "CURRENT_POOR": false, "CURRENT_MODERATE": true, "DECLINING_5Y": true, "DROP_5_PLUS": false, "DROP_10_PLUS": false }, "geometry": { "type": "Point", "coordinates": [ 102.242, 2.18572 ] } },
{ "type": "Feature", "properties": { "STATION_ID": "MMME002", "STATION_ID_TYPE": "MODERN", "STATE_NAME": "Melaka", "STATION_LOCATION": "Kuala Sungai Sri Melaka", "CATEGORY": "Estuary", "STATION_STATUS": 1.0, "LATITUDE": 2.20647, "LONGITUDE": 102.198, "STATE_NAME_MWQI": "Melaka", "STATION_LOCATION_MWQI": "Kuala Sungai Sri Melaka", "CATEGORY_MWQI": "Estuary", "LATEST_MWQI": 54.0, "LATEST_CLASS": "Moderate", "MWQI_2021": 50.0, "MWQI_2022": 54.0, "MWQI_2023": 53.0, "MWQI_2024": 56.0, "MWQI_2025": 54.0, "CHANGE_1Y": -2.0, "CHANGE_5Y": 4.0, "MEAN_5Y": 53.4, "MIN_5Y": 50.0, "TREND_SLOPE_5Y": 0.99999999999989564, "TREND_DIRECTION": "Improving", "CURRENT_POOR": false, "CURRENT_MODERATE": true, "DECLINING_5Y": false, "DROP_5_PLUS": false, "DROP_10_PLUS": false }, "geometry": { "type": "Point", "coordinates": [ 102.198, 2.20647 ] } },
{ "type": "Feature", "properties": { "STATION_ID": "MMME003", "STATION_ID_TYPE": "MODERN", "STATE_NAME": "Melaka", "STATION_LOCATION": "Kuala Sungai Merlimau", "CATEGORY": "Estuary", "STATION_STATUS": 1.0, "LATITUDE": 2.12689, "LONGITUDE": 102.414, "STATE_NAME_MWQI": "Melaka", "STATION_LOCATION_MWQI": "Kuala Sungai Merlimau", "CATEGORY_MWQI": "Estuary", "LATEST_MWQI": 56.0, "LATEST_CLASS": "Moderate", "MWQI_2021": 58.0, "MWQI_2022": 57.0, "MWQI_2023": 53.0, "MWQI_2024": 55.0, "MWQI_2025": 56.0, "CHANGE_1Y": 1.0, "CHANGE_5Y": -2.0, "MEAN_5Y": 55.8, "MIN_5Y": 53.0, "TREND_SLOPE_5Y": -0.59999999999994647, "TREND_DIRECTION": "Declining", "CURRENT_POOR": false, "CURRENT_MODERATE": true, "DECLINING_5Y": true, "DROP_5_PLUS": false, "DROP_10_PLUS": false }, "geometry": { "type": "Point", "coordinates": [ 102.414, 2.12689 ] } },
{ "type": "Feature", "properties": { "STATION_ID": "MMME004", "STATION_ID_TYPE": "MODERN", "STATE_NAME": "Melaka", "STATION_LOCATION": "Kuala Sungai Kesang", "CATEGORY": "Estuary", "STATION_STATUS": 1.0, "LATITUDE": 2.09814, "LONGITUDE": 102.489, "STATE_NAME_MWQI": "Melaka", "STATION_LOCATION_MWQI": "Kuala Sungai Kesang", "CATEGORY_MWQI": "Estuary", "LATEST_MWQI": 58.0, "LATEST_CLASS": "Moderate", "MWQI_2021": 74.0, "MWQI_2022": 57.0, "MWQI_2023": 57.0, "MWQI_2024": 56.0, "MWQI_2025": 58.0, "CHANGE_1Y": 2.0, "CHANGE_5Y": -16.0, "MEAN_5Y": 60.4, "MIN_5Y": 56.0, "TREND_SLOPE_5Y": -3.2999999999999252, "TREND_DIRECTION": "Declining", "CURRENT_POOR": false, "CURRENT_MODERATE": true, "DECLINING_5Y": true, "DROP_5_PLUS": true, "DROP_10_PLUS": true }, "geometry": { "type": "Point", "coordinates": [ 102.489, 2.09814 ] } },
{ "type": "Feature", "properties": { "STATION_ID": "MMME005", "STATION_ID_TYPE": "MODERN", "STATE_NAME": "Melaka", "STATION_LOCATION": "Kuala Sungai Sebatu", "CATEGORY": "Estuary", "STATION_STATUS": 1.0, "LATITUDE": 2.10753, "LONGITUDE": 102.462, "STATE_NAME_MWQI": "Melaka", "STATION_LOCATION_MWQI": "Kuala Sungai Sebatu", "CATEGORY_MWQI": "Estuary", "LATEST_MWQI": 59.0, "LATEST_CLASS": "Moderate", "MWQI_2021": 63.0, "MWQI_2022": 75.0, "MWQI_2023": 57.0, "MWQI_2024": 53.0, "MWQI_2025": 59.0, "CHANGE_1Y": 6.0, "CHANGE_5Y": -4.0, "MEAN_5Y": 61.4, "MIN_5Y": 53.0, "TREND_SLOPE_5Y": -2.9999999999990301, "TREND_DIRECTION": "Declining", "CURRENT_POOR": false, "CURRENT_MODERATE": true, "DECLINING_5Y": true, "DROP_5_PLUS": false, "DROP_10_PLUS": false }, "geometry": { "type": "Point", "coordinates": [ 102.462, 2.10753 ] } },
{ "type": "Feature", "properties": { "STATION_ID": "MMJE001", "STATION_ID_TYPE": "MODERN", "STATE_NAME": "Johor", "STATION_LOCATION": "Kuala Sungai Segget", "CATEGORY": "Estuary", "STATION_STATUS": 1.0, "LATITUDE": 1.45583, "LONGITUDE": 103.766, "STATE_NAME_MWQI": "Johor", "STATION_LOCATION_MWQI": "Kuala Sungai Segget", "CATEGORY_MWQI": "Estuary", "LATEST_MWQI": 48.0, "LATEST_CLASS": "Poor", "MWQI_2021": 51.0, "MWQI_2022": 46.0, "MWQI_2023": 51.0, "MWQI_2024": 53.0, "MWQI_2025": 48.0, "CHANGE_1Y": -5.0, "CHANGE_5Y": -3.0, "MEAN_5Y": 49.8, "MIN_5Y": 46.0, "TREND_SLOPE_5Y": 0.099999999999753994, "TREND_DIRECTION": "Stable", "CURRENT_POOR": true, "CURRENT_MODERATE": false, "DECLINING_5Y": false, "DROP_5_PLUS": false, "DROP_10_PLUS": false }, "geometry": { "type": "Point", "coordinates": [ 103.766, 1.45583 ] } },
{ "type": "Feature", "properties": { "STATION_ID": "MMJE003", "STATION_ID_TYPE": "MODERN", "STATE_NAME": "Johor", "STATION_LOCATION": "Kuala Sungai Johor", "CATEGORY": "Estuary", "STATION_STATUS": 1.0, "LATITUDE": 1.48444, "LONGITUDE": 104.023, "STATE_NAME_MWQI": "Johor", "STATION_LOCATION_MWQI": "Kuala Sungai Johor", "CATEGORY_MWQI": "Estuary", "LATEST_MWQI": 86.0, "LATEST_CLASS": "Good", "MWQI_2021": 92.0, "MWQI_2022": 92.0, "MWQI_2023": 81.0, "MWQI_2024": 89.0, "MWQI_2025": 86.0, "CHANGE_1Y": -3.0, "CHANGE_5Y": -6.0, "MEAN_5Y": 88.0, "MIN_5Y": 81.0, "TREND_SLOPE_5Y": -1.4999999999998994, "TREND_DIRECTION": "Declining", "CURRENT_POOR": false, "CURRENT_MODERATE": false, "DECLINING_5Y": true, "DROP_5_PLUS": true, "DROP_10_PLUS": false }, "geometry": { "type": "Point", "coordinates": [ 104.023, 1.48444 ] } },
{ "type": "Feature", "properties": { "STATION_ID": "MMJE004", "STATION_ID_TYPE": "MODERN", "STATE_NAME": "Johor", "STATION_LOCATION": "Kuala Sungai Batu Pahat", "CATEGORY": "Estuary", "STATION_STATUS": 1.0, "LATITUDE": 1.81451, "LONGITUDE": 102.89, "STATE_NAME_MWQI": "Johor", "STATION_LOCATION_MWQI": "Kuala Sungai Batu Pahat", "CATEGORY_MWQI": "Estuary", "LATEST_MWQI": 55.0, "LATEST_CLASS": "Moderate", "MWQI_2021": 58.0, "MWQI_2022": 57.0, "MWQI_2023": 57.0, "MWQI_2024": 52.0, "MWQI_2025": 55.0, "CHANGE_1Y": 3.0, "CHANGE_5Y": -3.0, "MEAN_5Y": 55.8, "MIN_5Y": 52.0, "TREND_SLOPE_5Y": -1.099999999999745, "TREND_DIRECTION": "Declining", "CURRENT_POOR": false, "CURRENT_MODERATE": true, "DECLINING_5Y": true, "DROP_5_PLUS": false, "DROP_10_PLUS": false }, "geometry": { "type": "Point", "coordinates": [ 102.89, 1.81451 ] } },
{ "type": "Feature", "properties": { "STATION_ID": "MMJE005", "STATION_ID_TYPE": "MODERN", "STATE_NAME": "Johor", "STATION_LOCATION": "Kuala Sungai Muar", "CATEGORY": "Estuary", "STATION_STATUS": 1.0, "LATITUDE": 2.05212, "LONGITUDE": 102.552, "STATE_NAME_MWQI": "Johor", "STATION_LOCATION_MWQI": "Kuala Sungai Muar", "CATEGORY_MWQI": "Estuary", "LATEST_MWQI": 55.0, "LATEST_CLASS": "Moderate", "MWQI_2021": 57.0, "MWQI_2022": 55.0, "MWQI_2023": 56.0, "MWQI_2024": 56.0, "MWQI_2025": 55.0, "CHANGE_1Y": -1.0, "CHANGE_5Y": -2.0, "MEAN_5Y": 55.8, "MIN_5Y": 55.0, "TREND_SLOPE_5Y": -0.30000000000001975, "TREND_DIRECTION": "Stable", "CURRENT_POOR": false, "CURRENT_MODERATE": true, "DECLINING_5Y": false, "DROP_5_PLUS": false, "DROP_10_PLUS": false }, "geometry": { "type": "Point", "coordinates": [ 102.552, 2.05212 ] } },
{ "type": "Feature", "properties": { "STATION_ID": "MMJE006", "STATION_ID_TYPE": "MODERN", "STATE_NAME": "Johor", "STATION_LOCATION": "Kuala Sungai Mersing", "CATEGORY": "Estuary", "STATION_STATUS": 1.0, "LATITUDE": 2.43681, "LONGITUDE": 103.842, "STATE_NAME_MWQI": "Johor", "STATION_LOCATION_MWQI": "Kuala Sungai Mersing", "CATEGORY_MWQI": "Estuary", "LATEST_MWQI": 59.0, "LATEST_CLASS": "Moderate", "MWQI_2021": 59.0, "MWQI_2022": 59.0, "MWQI_2023": 78.0, "MWQI_2024": 58.0, "MWQI_2025": 59.0, "CHANGE_1Y": 1.0, "CHANGE_5Y": 0.0, "MEAN_5Y": 62.6, "MIN_5Y": 58.0, "TREND_SLOPE_5Y": -0.099999999999675182, "TREND_DIRECTION": "Stable", "CURRENT_POOR": false, "CURRENT_MODERATE": true, "DECLINING_5Y": false, "DROP_5_PLUS": false, "DROP_10_PLUS": false }, "geometry": { "type": "Point", "coordinates": [ 103.842, 2.43681 ] } },
{ "type": "Feature", "properties": { "STATION_ID": "MMTE001", "STATION_ID_TYPE": "MODERN", "STATE_NAME": "Terengganu", "STATION_LOCATION": "Kuala Sungai Besut", "CATEGORY": "Estuary", "STATION_STATUS": 1.0, "LATITUDE": 5.83411, "LONGITUDE": 102.558, "STATE_NAME_MWQI": "Terengganu", "STATION_LOCATION_MWQI": "Kuala Sungai Besut", "CATEGORY_MWQI": "Estuary", "LATEST_MWQI": 71.0, "LATEST_CLASS": "Moderate", "MWQI_2021": 74.0, "MWQI_2022": 70.0, "MWQI_2023": 60.0, "MWQI_2024": 89.0, "MWQI_2025": 71.0, "CHANGE_1Y": -18.0, "CHANGE_5Y": -3.0, "MEAN_5Y": 72.8, "MIN_5Y": 60.0, "TREND_SLOPE_5Y": 1.2999999999990537, "TREND_DIRECTION": "Improving", "CURRENT_POOR": false, "CURRENT_MODERATE": true, "DECLINING_5Y": false, "DROP_5_PLUS": false, "DROP_10_PLUS": false }, "geometry": { "type": "Point", "coordinates": [ 102.558, 5.83411 ] } },
{ "type": "Feature", "properties": { "STATION_ID": "MMTE002", "STATION_ID_TYPE": "MODERN", "STATE_NAME": "Terengganu", "STATION_LOCATION": "Kuala Sungai Dungun", "CATEGORY": "Estuary", "STATION_STATUS": 1.0, "LATITUDE": 4.78108, "LONGITUDE": 103.428, "STATE_NAME_MWQI": "Terengganu", "STATION_LOCATION_MWQI": "Kuala Sungai Dungun", "CATEGORY_MWQI": "Estuary", "LATEST_MWQI": 59.0, "LATEST_CLASS": "Moderate", "MWQI_2021": 69.0, "MWQI_2022": 59.0, "MWQI_2023": 85.0, "MWQI_2024": 87.0, "MWQI_2025": 59.0, "CHANGE_1Y": -28.0, "CHANGE_5Y": -10.0, "MEAN_5Y": 71.8, "MIN_5Y": 59.0, "TREND_SLOPE_5Y": 0.79999999999925364, "TREND_DIRECTION": "Improving", "CURRENT_POOR": false, "CURRENT_MODERATE": true, "DECLINING_5Y": false, "DROP_5_PLUS": true, "DROP_10_PLUS": true }, "geometry": { "type": "Point", "coordinates": [ 103.428, 4.78108 ] } },
{ "type": "Feature", "properties": { "STATION_ID": "MMTE003", "STATION_ID_TYPE": "MODERN", "STATE_NAME": "Terengganu", "STATION_LOCATION": "Kuala Sungai Ibai", "CATEGORY": "Estuary", "STATION_STATUS": 1.0, "LATITUDE": 5.28899, "LONGITUDE": 103.176, "STATE_NAME_MWQI": "Terengganu", "STATION_LOCATION_MWQI": "Kuala Sungai Ibai", "CATEGORY_MWQI": "Estuary", "LATEST_MWQI": 87.0, "LATEST_CLASS": "Good", "MWQI_2021": 90.0, "MWQI_2022": 87.0, "MWQI_2023": 73.0, "MWQI_2024": 92.0, "MWQI_2025": 87.0, "CHANGE_1Y": -5.0, "CHANGE_5Y": -3.0, "MEAN_5Y": 85.8, "MIN_5Y": 73.0, "TREND_SLOPE_5Y": -0.10000000000039606, "TREND_DIRECTION": "Stable", "CURRENT_POOR": false, "CURRENT_MODERATE": false, "DECLINING_5Y": false, "DROP_5_PLUS": false, "DROP_10_PLUS": false }, "geometry": { "type": "Point", "coordinates": [ 103.176, 5.28899 ] } },
{ "type": "Feature", "properties": { "STATION_ID": "MMTE004", "STATION_ID_TYPE": "MODERN", "STATE_NAME": "Terengganu", "STATION_LOCATION": "Kuala Sungai Kerteh", "CATEGORY": "Estuary", "STATION_STATUS": 1.0, "LATITUDE": 4.51441, "LONGITUDE": 103.456, "STATE_NAME_MWQI": "Terengganu", "STATION_LOCATION_MWQI": "Kuala Sungai Kerteh", "CATEGORY_MWQI": "Estuary", "LATEST_MWQI": 84.0, "LATEST_CLASS": "Good", "MWQI_2021": 58.0, "MWQI_2022": 75.0, "MWQI_2023": 75.0, "MWQI_2024": 85.0, "MWQI_2025": 84.0, "CHANGE_1Y": -1.0, "CHANGE_5Y": 26.0, "MEAN_5Y": 75.4, "MIN_5Y": 58.0, "TREND_SLOPE_5Y": 6.1999999999993385, "TREND_DIRECTION": "Improving", "CURRENT_POOR": false, "CURRENT_MODERATE": false, "DECLINING_5Y": false, "DROP_5_PLUS": false, "DROP_10_PLUS": false }, "geometry": { "type": "Point", "coordinates": [ 103.456, 4.51441 ] } },
{ "type": "Feature", "properties": { "STATION_ID": "MMTE005", "STATION_ID_TYPE": "MODERN", "STATE_NAME": "Terengganu", "STATION_LOCATION": "Kuala Sungai Marang", "CATEGORY": "Estuary", "STATION_STATUS": 1.0, "LATITUDE": 5.20944, "LONGITUDE": 103.214, "STATE_NAME_MWQI": "Terengganu", "STATION_LOCATION_MWQI": "Kuala Sungai Marang", "CATEGORY_MWQI": "Estuary", "LATEST_MWQI": 79.0, "LATEST_CLASS": "Moderate", "MWQI_2021": 84.0, "MWQI_2022": 84.0, "MWQI_2023": 79.0, "MWQI_2024": 86.0, "MWQI_2025": 79.0, "CHANGE_1Y": -7.0, "CHANGE_5Y": -5.0, "MEAN_5Y": 82.4, "MIN_5Y": 79.0, "TREND_SLOPE_5Y": -0.80000000000004101, "TREND_DIRECTION": "Declining", "CURRENT_POOR": false, "CURRENT_MODERATE": true, "DECLINING_5Y": true, "DROP_5_PLUS": true, "DROP_10_PLUS": false }, "geometry": { "type": "Point", "coordinates": [ 103.214, 5.20944 ] } },
{ "type": "Feature", "properties": { "STATION_ID": "MMTE006", "STATION_ID_TYPE": "MODERN", "STATE_NAME": "Terengganu", "STATION_LOCATION": "Kuala Sungai Paka", "CATEGORY": "Estuary", "STATION_STATUS": 1.0, "LATITUDE": 4.655, "LONGITUDE": 103.444, "STATE_NAME_MWQI": "Terengganu", "STATION_LOCATION_MWQI": "Kuala Sungai Paka", "CATEGORY_MWQI": "Estuary", "LATEST_MWQI": 84.0, "LATEST_CLASS": "Good", "MWQI_2021": 65.0, "MWQI_2022": 87.0, "MWQI_2023": 83.0, "MWQI_2024": 83.0, "MWQI_2025": 84.0, "CHANGE_1Y": 1.0, "CHANGE_5Y": 19.0, "MEAN_5Y": 80.4, "MIN_5Y": 65.0, "TREND_SLOPE_5Y": 3.4000000000001092, "TREND_DIRECTION": "Improving", "CURRENT_POOR": false, "CURRENT_MODERATE": false, "DECLINING_5Y": false, "DROP_5_PLUS": false, "DROP_10_PLUS": false }, "geometry": { "type": "Point", "coordinates": [ 103.444, 4.655 ] } },
{ "type": "Feature", "properties": { "STATION_ID": "MMTE007", "STATION_ID_TYPE": "MODERN", "STATE_NAME": "Terengganu", "STATION_LOCATION": "Kuala Sungai Setiu", "CATEGORY": "Estuary", "STATION_STATUS": 1.0, "LATITUDE": 5.65189, "LONGITUDE": 102.764, "STATE_NAME_MWQI": "Terengganu", "STATION_LOCATION_MWQI": "Kuala Sungai Setiu", "CATEGORY_MWQI": "Estuary", "LATEST_MWQI": 90.0, "LATEST_CLASS": "Excellent", "MWQI_2021": 92.0, "MWQI_2022": 75.0, "MWQI_2023": 92.0, "MWQI_2024": 92.0, "MWQI_2025": 90.0, "CHANGE_1Y": -2.0, "CHANGE_5Y": -2.0, "MEAN_5Y": 88.2, "MIN_5Y": 75.0, "TREND_SLOPE_5Y": 1.2999999999992713, "TREND_DIRECTION": "Improving", "CURRENT_POOR": false, "CURRENT_MODERATE": false, "DECLINING_5Y": false, "DROP_5_PLUS": false, "DROP_10_PLUS": false }, "geometry": { "type": "Point", "coordinates": [ 102.764, 5.65189 ] } },
{ "type": "Feature", "properties": { "STATION_ID": "MMTE008", "STATION_ID_TYPE": "MODERN", "STATE_NAME": "Terengganu", "STATION_LOCATION": "Kuala Sungai Terengganu", "CATEGORY": "Estuary", "STATION_STATUS": 1.0, "LATITUDE": 5.33979, "LONGITUDE": 103.152, "STATE_NAME_MWQI": "Terengganu", "STATION_LOCATION_MWQI": "Kuala Sungai Terengganu", "CATEGORY_MWQI": "Estuary", "LATEST_MWQI": 74.0, "LATEST_CLASS": "Moderate", "MWQI_2021": 66.0, "MWQI_2022": 59.0, "MWQI_2023": 69.0, "MWQI_2024": 59.0, "MWQI_2025": 74.0, "CHANGE_1Y": 15.0, "CHANGE_5Y": 8.0, "MEAN_5Y": 65.4, "MIN_5Y": 59.0, "TREND_SLOPE_5Y": 1.59999999999984, "TREND_DIRECTION": "Improving", "CURRENT_POOR": false, "CURRENT_MODERATE": true, "DECLINING_5Y": false, "DROP_5_PLUS": false, "DROP_10_PLUS": false }, "geometry": { "type": "Point", "coordinates": [ 103.152, 5.33979 ] } },
{ "type": "Feature", "properties": { "STATION_ID": "MMTE009", "STATION_ID_TYPE": "MODERN", "STATE_NAME": "Terengganu", "STATION_LOCATION": "Kuala Sungai Kemaman/ Chukai", "CATEGORY": "Estuary", "STATION_STATUS": 1.0, "LATITUDE": 4.22637, "LONGITUDE": 103.447, "STATE_NAME_MWQI": "Terengganu", "STATION_LOCATION_MWQI": "Kuala Sungai Kemaman/ Chukai", "CATEGORY_MWQI": "Estuary", "LATEST_MWQI": 75.0, "LATEST_CLASS": "Moderate", "MWQI_2021": 58.0, "MWQI_2022": 59.0, "MWQI_2023": 60.0, "MWQI_2024": 64.0, "MWQI_2025": 75.0, "CHANGE_1Y": 11.0, "CHANGE_5Y": 17.0, "MEAN_5Y": 63.2, "MIN_5Y": 58.0, "TREND_SLOPE_5Y": 3.8999999999994506, "TREND_DIRECTION": "Improving", "CURRENT_POOR": false, "CURRENT_MODERATE": true, "DECLINING_5Y": false, "DROP_5_PLUS": false, "DROP_10_PLUS": false }, "geometry": { "type": "Point", "coordinates": [ 103.447, 4.22637 ] } },
{ "type": "Feature", "properties": { "STATION_ID": "MMTE010", "STATION_ID_TYPE": "MODERN", "STATE_NAME": "Terengganu", "STATION_LOCATION": "Tioxide Utara (Kg. Bukit Kuang, Kijal)", "CATEGORY": "Estuary", "STATION_STATUS": 1.0, "LATITUDE": 4.27831, "LONGITUDE": 103.479, "STATE_NAME_MWQI": "Terengganu", "STATION_LOCATION_MWQI": "Tioxide Utara (Kg. Bukit Kuang, Kijal)", "CATEGORY_MWQI": "Estuary", "LATEST_MWQI": 96.0, "LATEST_CLASS": "Excellent", "MWQI_2021": 94.0, "MWQI_2022": 97.0, "MWQI_2023": 95.0, "MWQI_2024": 97.0, "MWQI_2025": 96.0, "CHANGE_1Y": -1.0, "CHANGE_5Y": 2.0, "MEAN_5Y": 95.8, "MIN_5Y": 94.0, "TREND_SLOPE_5Y": 0.39999999999998792, "TREND_DIRECTION": "Stable", "CURRENT_POOR": false, "CURRENT_MODERATE": false, "DECLINING_5Y": false, "DROP_5_PLUS": false, "DROP_10_PLUS": false }, "geometry": { "type": "Point", "coordinates": [ 103.479, 4.27831 ] } },
{ "type": "Feature", "properties": { "STATION_ID": "MMTE011", "STATION_ID_TYPE": "MODERN", "STATE_NAME": "Terengganu", "STATION_LOCATION": "Tioxide Tengah (Pupuk Semangat, Kijal)", "CATEGORY": "Estuary", "STATION_STATUS": 1.0, "LATITUDE": 4.2705, "LONGITUDE": 103.478, "STATE_NAME_MWQI": "Terengganu", "STATION_LOCATION_MWQI": "Tioxide Tengah (Pupuk Semangat, Kijal)", "CATEGORY_MWQI": "Estuary", "LATEST_MWQI": 96.0, "LATEST_CLASS": "Excellent", "MWQI_2021": 93.0, "MWQI_2022": 96.0, "MWQI_2023": 95.0, "MWQI_2024": 97.0, "MWQI_2025": 96.0, "CHANGE_1Y": -1.0, "CHANGE_5Y": 3.0, "MEAN_5Y": 95.4, "MIN_5Y": 93.0, "TREND_SLOPE_5Y": 0.69999999999993823, "TREND_DIRECTION": "Improving", "CURRENT_POOR": false, "CURRENT_MODERATE": false, "DECLINING_5Y": false, "DROP_5_PLUS": false, "DROP_10_PLUS": false }, "geometry": { "type": "Point", "coordinates": [ 103.478, 4.2705 ] } },
{ "type": "Feature", "properties": { "STATION_ID": "MMTE012", "STATION_ID_TYPE": "MODERN", "STATE_NAME": "Terengganu", "STATION_LOCATION": "Tioxide Selatan (KSB, T. Kalong)", "CATEGORY": "Estuary", "STATION_STATUS": 1.0, "LATITUDE": 4.25114, "LONGITUDE": 103.466, "STATE_NAME_MWQI": "Terengganu", "STATION_LOCATION_MWQI": "Tioxide Selatan (Ksb, T. Kalong)", "CATEGORY_MWQI": "Estuary", "LATEST_MWQI": 96.0, "LATEST_CLASS": "Excellent", "MWQI_2021": 86.0, "MWQI_2022": 95.0, "MWQI_2023": 95.0, "MWQI_2024": 97.0, "MWQI_2025": 96.0, "CHANGE_1Y": -1.0, "CHANGE_5Y": 10.0, "MEAN_5Y": 93.8, "MIN_5Y": 86.0, "TREND_SLOPE_5Y": 2.1999999999998741, "TREND_DIRECTION": "Improving", "CURRENT_POOR": false, "CURRENT_MODERATE": false, "DECLINING_5Y": false, "DROP_5_PLUS": false, "DROP_10_PLUS": false }, "geometry": { "type": "Point", "coordinates": [ 103.466, 4.25114 ] } },
{ "type": "Feature", "properties": { "STATION_ID": "MMTE013", "STATION_ID_TYPE": "MODERN", "STATE_NAME": "Terengganu", "STATION_LOCATION": "Pulau Duyung", "CATEGORY": "Estuary", "STATION_STATUS": 1.0, "LATITUDE": 5.33489, "LONGITUDE": 103.129, "STATE_NAME_MWQI": "Terengganu", "STATION_LOCATION_MWQI": "Pulau Duyung", "CATEGORY_MWQI": "Estuary", "LATEST_MWQI": 73.0, "LATEST_CLASS": "Moderate", "MWQI_2021": 59.0, "MWQI_2022": 60.0, "MWQI_2023": 59.0, "MWQI_2024": 59.0, "MWQI_2025": 73.0, "CHANGE_1Y": 14.0, "CHANGE_5Y": 14.0, "MEAN_5Y": 62.0, "MIN_5Y": 59.0, "TREND_SLOPE_5Y": 2.6999999999997311, "TREND_DIRECTION": "Improving", "CURRENT_POOR": false, "CURRENT_MODERATE": true, "DECLINING_5Y": false, "DROP_5_PLUS": false, "DROP_10_PLUS": false }, "geometry": { "type": "Point", "coordinates": [ 103.129, 5.33489 ] } },
{ "type": "Feature", "properties": { "STATION_ID": "MMDE001", "STATION_ID_TYPE": "MODERN", "STATE_NAME": "Kelantan", "STATION_LOCATION": "Kuala Sungai Golok", "CATEGORY": "Estuary", "STATION_STATUS": 1.0, "LATITUDE": 6.23286, "LONGITUDE": 102.09, "STATE_NAME_MWQI": "Kelantan", "STATION_LOCATION_MWQI": "Kuala Sungai Golok", "CATEGORY_MWQI": "Estuary", "LATEST_MWQI": 82.0, "LATEST_CLASS": "Good", "MWQI_2021": 79.0, "MWQI_2022": 65.0, "MWQI_2023": 74.0, "MWQI_2024": 87.0, "MWQI_2025": 82.0, "CHANGE_1Y": -5.0, "CHANGE_5Y": 3.0, "MEAN_5Y": 77.4, "MIN_5Y": 65.0, "TREND_SLOPE_5Y": 2.7999999999988883, "TREND_DIRECTION": "Improving", "CURRENT_POOR": false, "CURRENT_MODERATE": false, "DECLINING_5Y": false, "DROP_5_PLUS": false, "DROP_10_PLUS": false }, "geometry": { "type": "Point", "coordinates": [ 102.09, 6.23286 ] } },
{ "type": "Feature", "properties": { "STATION_ID": "MMDE002", "STATION_ID_TYPE": "MODERN", "STATE_NAME": "Kelantan", "STATION_LOCATION": "Kuala Sungai Kelantan", "CATEGORY": "Estuary", "STATION_STATUS": 1.0, "LATITUDE": 6.21685, "LONGITUDE": 102.237, "STATE_NAME_MWQI": "Kelantan", "STATION_LOCATION_MWQI": "Kuala Sungai Kelantan", "CATEGORY_MWQI": "Estuary", "LATEST_MWQI": 68.0, "LATEST_CLASS": "Moderate", "MWQI_2021": 70.0, "MWQI_2022": 57.0, "MWQI_2023": 66.0, "MWQI_2024": 79.0, "MWQI_2025": 68.0, "CHANGE_1Y": -11.0, "CHANGE_5Y": -2.0, "MEAN_5Y": 68.0, "MIN_5Y": 57.0, "TREND_SLOPE_5Y": 1.7999999999990191, "TREND_DIRECTION": "Improving", "CURRENT_POOR": false, "CURRENT_MODERATE": true, "DECLINING_5Y": false, "DROP_5_PLUS": false, "DROP_10_PLUS": false }, "geometry": { "type": "Point", "coordinates": [ 102.237, 6.21685 ] } },
{ "type": "Feature", "properties": { "STATION_ID": "MMDE003", "STATION_ID_TYPE": "MODERN", "STATE_NAME": "Kelantan", "STATION_LOCATION": "Kuala Sungai Pengkalan Chepa", "CATEGORY": "Estuary", "STATION_STATUS": 1.0, "LATITUDE": 6.18574, "LONGITUDE": 102.303, "STATE_NAME_MWQI": "Kelantan", "STATION_LOCATION_MWQI": "Kuala Sungai Pengkalan Chepa", "CATEGORY_MWQI": "Estuary", "LATEST_MWQI": 58.0, "LATEST_CLASS": "Moderate", "MWQI_2021": 64.0, "MWQI_2022": 59.0, "MWQI_2023": 61.0, "MWQI_2024": 59.0, "MWQI_2025": 58.0, "CHANGE_1Y": -1.0, "CHANGE_5Y": -6.0, "MEAN_5Y": 60.2, "MIN_5Y": 58.0, "TREND_SLOPE_5Y": -1.1999999999999298, "TREND_DIRECTION": "Declining", "CURRENT_POOR": false, "CURRENT_MODERATE": true, "DECLINING_5Y": true, "DROP_5_PLUS": true, "DROP_10_PLUS": false }, "geometry": { "type": "Point", "coordinates": [ 102.303, 6.18574 ] } },
{ "type": "Feature", "properties": { "STATION_ID": "MMDE004", "STATION_ID_TYPE": "MODERN", "STATE_NAME": "Kelantan", "STATION_LOCATION": "Kuala Sungai Pengkalan Datu", "CATEGORY": "Estuary", "STATION_STATUS": 1.0, "LATITUDE": 6.16928, "LONGITUDE": 102.344, "STATE_NAME_MWQI": "Kelantan", "STATION_LOCATION_MWQI": "Kuala Sungai Pengkalan Datu", "CATEGORY_MWQI": "Estuary", "LATEST_MWQI": 71.0, "LATEST_CLASS": "Moderate", "MWQI_2021": 59.0, "MWQI_2022": 69.0, "MWQI_2023": 59.0, "MWQI_2024": 87.0, "MWQI_2025": 71.0, "CHANGE_1Y": -16.0, "CHANGE_5Y": 12.0, "MEAN_5Y": 69.0, "MIN_5Y": 59.0, "TREND_SLOPE_5Y": 4.1999999999990312, "TREND_DIRECTION": "Improving", "CURRENT_POOR": false, "CURRENT_MODERATE": true, "DECLINING_5Y": false, "DROP_5_PLUS": false, "DROP_10_PLUS": false }, "geometry": { "type": "Point", "coordinates": [ 102.344, 6.16928 ] } },
{ "type": "Feature", "properties": { "STATION_ID": "MMDE005", "STATION_ID_TYPE": "MODERN", "STATE_NAME": "Kelantan", "STATION_LOCATION": "Kuala Sungai Kemasin", "CATEGORY": "Estuary", "STATION_STATUS": 1.0, "LATITUDE": 6.13006, "LONGITUDE": 102.371, "STATE_NAME_MWQI": "Kelantan", "STATION_LOCATION_MWQI": "Kuala Sungai Kemasin", "CATEGORY_MWQI": "Estuary", "LATEST_MWQI": 58.0, "LATEST_CLASS": "Moderate", "MWQI_2021": 59.0, "MWQI_2022": 58.0, "MWQI_2023": 63.0, "MWQI_2024": 89.0, "MWQI_2025": 58.0, "CHANGE_1Y": -31.0, "CHANGE_5Y": -1.0, "MEAN_5Y": 65.4, "MIN_5Y": 58.0, "TREND_SLOPE_5Y": 2.8999999999987955, "TREND_DIRECTION": "Improving", "CURRENT_POOR": false, "CURRENT_MODERATE": true, "DECLINING_5Y": false, "DROP_5_PLUS": false, "DROP_10_PLUS": false }, "geometry": { "type": "Point", "coordinates": [ 102.371, 6.13006 ] } },
{ "type": "Feature", "properties": { "STATION_ID": "MMQE001", "STATION_ID_TYPE": "MODERN", "STATE_NAME": "Sarawak", "STATION_LOCATION": "Kuala Sungai Semantan", "CATEGORY": "Estuary", "STATION_STATUS": 1.0, "LATITUDE": 1.81153, "LONGITUDE": 109.781, "STATE_NAME_MWQI": "Sarawak", "STATION_LOCATION_MWQI": "Kuala Sungai Semantan", "CATEGORY_MWQI": "Estuary", "LATEST_MWQI": 78.0, "LATEST_CLASS": "Moderate", "MWQI_2021": 90.0, "MWQI_2022": 70.0, "MWQI_2023": 71.0, "MWQI_2024": 62.0, "MWQI_2025": 78.0, "CHANGE_1Y": 16.0, "CHANGE_5Y": -12.0, "MEAN_5Y": 74.2, "MIN_5Y": 62.0, "TREND_SLOPE_5Y": -3.1999999999997613, "TREND_DIRECTION": "Declining", "CURRENT_POOR": false, "CURRENT_MODERATE": true, "DECLINING_5Y": true, "DROP_5_PLUS": true, "DROP_10_PLUS": true }, "geometry": { "type": "Point", "coordinates": [ 109.781, 1.81153 ] } },
{ "type": "Feature", "properties": { "STATION_ID": "MMQE002", "STATION_ID_TYPE": "MODERN", "STATE_NAME": "Sarawak", "STATION_LOCATION": "Kuala Sungai Sarawak", "CATEGORY": "Estuary", "STATION_STATUS": 1.0, "LATITUDE": 1.64103, "LONGITUDE": 110.49, "STATE_NAME_MWQI": "Sarawak", "STATION_LOCATION_MWQI": "Kuala Sungai Sarawak", "CATEGORY_MWQI": "Estuary", "LATEST_MWQI": 69.0, "LATEST_CLASS": "Moderate", "MWQI_2021": 85.0, "MWQI_2022": 82.0, "MWQI_2023": 71.0, "MWQI_2024": 73.0, "MWQI_2025": 69.0, "CHANGE_1Y": -4.0, "CHANGE_5Y": -16.0, "MEAN_5Y": 76.0, "MIN_5Y": 69.0, "TREND_SLOPE_5Y": -4.0999999999994827, "TREND_DIRECTION": "Declining", "CURRENT_POOR": false, "CURRENT_MODERATE": true, "DECLINING_5Y": true, "DROP_5_PLUS": true, "DROP_10_PLUS": true }, "geometry": { "type": "Point", "coordinates": [ 110.49, 1.64103 ] } },
{ "type": "Feature", "properties": { "STATION_ID": "MMQE003", "STATION_ID_TYPE": "MODERN", "STATE_NAME": "Sarawak", "STATION_LOCATION": "Kuala Sungai Bako", "CATEGORY": "Estuary", "STATION_STATUS": 1.0, "LATITUDE": 1.68306, "LONGITUDE": 110.423, "STATE_NAME_MWQI": "Sarawak", "STATION_LOCATION_MWQI": "Kuala Sungai Bako", "CATEGORY_MWQI": "Estuary", "LATEST_MWQI": 65.0, "LATEST_CLASS": "Moderate", "MWQI_2021": 79.0, "MWQI_2022": 88.0, "MWQI_2023": 70.0, "MWQI_2024": 68.0, "MWQI_2025": 65.0, "CHANGE_1Y": -3.0, "CHANGE_5Y": -14.0, "MEAN_5Y": 74.0, "MIN_5Y": 65.0, "TREND_SLOPE_5Y": -4.7999999999989447, "TREND_DIRECTION": "Declining", "CURRENT_POOR": false, "CURRENT_MODERATE": true, "DECLINING_5Y": true, "DROP_5_PLUS": true, "DROP_10_PLUS": true }, "geometry": { "type": "Point", "coordinates": [ 110.423, 1.68306 ] } },
{ "type": "Feature", "properties": { "STATION_ID": "MMQE004", "STATION_ID_TYPE": "MODERN", "STATE_NAME": "Sarawak", "STATION_LOCATION": "Kuala Sungai Santubong", "CATEGORY": "Estuary", "STATION_STATUS": 1.0, "LATITUDE": 1.70127, "LONGITUDE": 110.297, "STATE_NAME_MWQI": "Sarawak", "STATION_LOCATION_MWQI": "Kuala Sungai Santubong", "CATEGORY_MWQI": "Estuary", "LATEST_MWQI": 72.0, "LATEST_CLASS": "Moderate", "MWQI_2021": 90.0, "MWQI_2022": 90.0, "MWQI_2023": 64.0, "MWQI_2024": 73.0, "MWQI_2025": 72.0, "CHANGE_1Y": -1.0, "CHANGE_5Y": -18.0, "MEAN_5Y": 77.8, "MIN_5Y": 64.0, "TREND_SLOPE_5Y": -5.2999999999992786, "TREND_DIRECTION": "Declining", "CURRENT_POOR": false, "CURRENT_MODERATE": true, "DECLINING_5Y": true, "DROP_5_PLUS": true, "DROP_10_PLUS": true }, "geometry": { "type": "Point", "coordinates": [ 110.297, 1.70127 ] } },
{ "type": "Feature", "properties": { "STATION_ID": "MMQE005", "STATION_ID_TYPE": "MODERN", "STATE_NAME": "Sarawak", "STATION_LOCATION": "Kuala Batang Krian (Kabong)", "CATEGORY": "Estuary", "STATION_STATUS": 1.0, "LATITUDE": 1.78889, "LONGITUDE": 111.099, "STATE_NAME_MWQI": "Sarawak", "STATION_LOCATION_MWQI": "Kuala Batang Krian (Kabong)", "CATEGORY_MWQI": "Estuary", "LATEST_MWQI": 77.0, "LATEST_CLASS": "Moderate", "MWQI_2021": 71.0, "MWQI_2022": 87.0, "MWQI_2023": 58.0, "MWQI_2024": 58.0, "MWQI_2025": 77.0, "CHANGE_1Y": 19.0, "CHANGE_5Y": 6.0, "MEAN_5Y": 70.2, "MIN_5Y": 58.0, "TREND_SLOPE_5Y": -1.6999999999990432, "TREND_DIRECTION": "Declining", "CURRENT_POOR": false, "CURRENT_MODERATE": true, "DECLINING_5Y": true, "DROP_5_PLUS": false, "DROP_10_PLUS": false }, "geometry": { "type": "Point", "coordinates": [ 111.099, 1.78889 ] } },
{ "type": "Feature", "properties": { "STATION_ID": "MMQE006", "STATION_ID_TYPE": "MODERN", "STATE_NAME": "Sarawak", "STATION_LOCATION": "Kuala Batang Rejang", "CATEGORY": "Estuary", "STATION_STATUS": 1.0, "LATITUDE": 2.12278, "LONGITUDE": 111.189, "STATE_NAME_MWQI": "Sarawak", "STATION_LOCATION_MWQI": "Kuala Batang Rejang", "CATEGORY_MWQI": "Estuary", "LATEST_MWQI": 87.0, "LATEST_CLASS": "Good", "MWQI_2021": 85.0, "MWQI_2022": 82.0, "MWQI_2023": 59.0, "MWQI_2024": 72.0, "MWQI_2025": 87.0, "CHANGE_1Y": 15.0, "CHANGE_5Y": 2.0, "MEAN_5Y": 77.0, "MIN_5Y": 59.0, "TREND_SLOPE_5Y": -0.60000000000002451, "TREND_DIRECTION": "Declining", "CURRENT_POOR": false, "CURRENT_MODERATE": false, "DECLINING_5Y": true, "DROP_5_PLUS": false, "DROP_10_PLUS": false }, "geometry": { "type": "Point", "coordinates": [ 111.189, 2.12278 ] } },
{ "type": "Feature", "properties": { "STATION_ID": "MMQE007", "STATION_ID_TYPE": "MODERN", "STATE_NAME": "Sarawak", "STATION_LOCATION": "Kuala Mukah", "CATEGORY": "Estuary", "STATION_STATUS": 1.0, "LATITUDE": 2.91466, "LONGITUDE": 112.095, "STATE_NAME_MWQI": "Sarawak", "STATION_LOCATION_MWQI": "Kuala Mukah", "CATEGORY_MWQI": "Estuary", "LATEST_MWQI": 72.0, "LATEST_CLASS": "Moderate", "MWQI_2021": 62.0, "MWQI_2022": 70.0, "MWQI_2023": 58.0, "MWQI_2024": 80.0, "MWQI_2025": 72.0, "CHANGE_1Y": -8.0, "CHANGE_5Y": 10.0, "MEAN_5Y": 68.4, "MIN_5Y": 58.0, "TREND_SLOPE_5Y": 2.9999999999993445, "TREND_DIRECTION": "Improving", "CURRENT_POOR": false, "CURRENT_MODERATE": true, "DECLINING_5Y": false, "DROP_5_PLUS": false, "DROP_10_PLUS": false }, "geometry": { "type": "Point", "coordinates": [ 112.095, 2.91466 ] } },
{ "type": "Feature", "properties": { "STATION_ID": "MMQE008", "STATION_ID_TYPE": "MODERN", "STATE_NAME": "Sarawak", "STATION_LOCATION": "Kuala Batang Kemena", "CATEGORY": "Estuary", "STATION_STATUS": 1.0, "LATITUDE": 3.1815, "LONGITUDE": 113.029, "STATE_NAME_MWQI": "Sarawak", "STATION_LOCATION_MWQI": "Kuala Batang Kemena", "CATEGORY_MWQI": "Estuary", "LATEST_MWQI": 72.0, "LATEST_CLASS": "Moderate", "MWQI_2021": 58.0, "MWQI_2022": 55.0, "MWQI_2023": 58.0, "MWQI_2024": 61.0, "MWQI_2025": 72.0, "CHANGE_1Y": 11.0, "CHANGE_5Y": 14.0, "MEAN_5Y": 60.8, "MIN_5Y": 55.0, "TREND_SLOPE_5Y": 3.3999999999994261, "TREND_DIRECTION": "Improving", "CURRENT_POOR": false, "CURRENT_MODERATE": true, "DECLINING_5Y": false, "DROP_5_PLUS": false, "DROP_10_PLUS": false }, "geometry": { "type": "Point", "coordinates": [ 113.029, 3.1815 ] } },
{ "type": "Feature", "properties": { "STATION_ID": "MMQE009", "STATION_ID_TYPE": "MODERN", "STATE_NAME": "Sarawak", "STATION_LOCATION": "Kuala Tanjung Similajau", "CATEGORY": "Estuary", "STATION_STATUS": 1.0, "LATITUDE": 3.51792, "LONGITUDE": 113.301, "STATE_NAME_MWQI": "Sarawak", "STATION_LOCATION_MWQI": "Kuala Tanjung Similajau", "CATEGORY_MWQI": "Estuary", "LATEST_MWQI": 69.0, "LATEST_CLASS": "Moderate", "MWQI_2021": 85.0, "MWQI_2022": 67.0, "MWQI_2023": 59.0, "MWQI_2024": 59.0, "MWQI_2025": 69.0, "CHANGE_1Y": 10.0, "CHANGE_5Y": -16.0, "MEAN_5Y": 67.8, "MIN_5Y": 59.0, "TREND_SLOPE_5Y": -3.9999999999997682, "TREND_DIRECTION": "Declining", "CURRENT_POOR": false, "CURRENT_MODERATE": true, "DECLINING_5Y": true, "DROP_5_PLUS": true, "DROP_10_PLUS": true }, "geometry": { "type": "Point", "coordinates": [ 113.301, 3.51792 ] } },
{ "type": "Feature", "properties": { "STATION_ID": "MMQE010", "STATION_ID_TYPE": "MODERN", "STATE_NAME": "Sarawak", "STATION_LOCATION": "Kuala Sungai Panipah", "CATEGORY": "Estuary", "STATION_STATUS": 1.0, "LATITUDE": 3.46967, "LONGITUDE": 113.261, "STATE_NAME_MWQI": "Sarawak", "STATION_LOCATION_MWQI": "Kuala Sungai Panipah", "CATEGORY_MWQI": "Estuary", "LATEST_MWQI": 65.0, "LATEST_CLASS": "Moderate", "MWQI_2021": 83.0, "MWQI_2022": 64.0, "MWQI_2023": 58.0, "MWQI_2024": 62.0, "MWQI_2025": 65.0, "CHANGE_1Y": 3.0, "CHANGE_5Y": -18.0, "MEAN_5Y": 66.4, "MIN_5Y": 58.0, "TREND_SLOPE_5Y": -3.8, "TREND_DIRECTION": "Declining", "CURRENT_POOR": false, "CURRENT_MODERATE": true, "DECLINING_5Y": true, "DROP_5_PLUS": true, "DROP_10_PLUS": true }, "geometry": { "type": "Point", "coordinates": [ 113.261, 3.46967 ] } },
{ "type": "Feature", "properties": { "STATION_ID": "MMQE011", "STATION_ID_TYPE": "MODERN", "STATE_NAME": "Sarawak", "STATION_LOCATION": "Kuala Pantai Nyalau", "CATEGORY": "Estuary", "STATION_STATUS": 1.0, "LATITUDE": 3.64283, "LONGITUDE": 113.383, "STATE_NAME_MWQI": "Sarawak", "STATION_LOCATION_MWQI": "Kuala Pantai Nyalau", "CATEGORY_MWQI": "Estuary", "LATEST_MWQI": 64.0, "LATEST_CLASS": "Moderate", "MWQI_2021": 71.0, "MWQI_2022": 84.0, "MWQI_2023": 61.0, "MWQI_2024": 59.0, "MWQI_2025": 64.0, "CHANGE_1Y": 5.0, "CHANGE_5Y": -7.0, "MEAN_5Y": 67.8, "MIN_5Y": 59.0, "TREND_SLOPE_5Y": -3.8999999999988946, "TREND_DIRECTION": "Declining", "CURRENT_POOR": false, "CURRENT_MODERATE": true, "DECLINING_5Y": true, "DROP_5_PLUS": true, "DROP_10_PLUS": false }, "geometry": { "type": "Point", "coordinates": [ 113.383, 3.64283 ] } },
{ "type": "Feature", "properties": { "STATION_ID": "MMQE012", "STATION_ID_TYPE": "MODERN", "STATE_NAME": "Sarawak", "STATION_LOCATION": "Kuala Sungai Baram", "CATEGORY": "Estuary", "STATION_STATUS": 1.0, "LATITUDE": 4.597, "LONGITUDE": 113.969, "STATE_NAME_MWQI": "Sarawak", "STATION_LOCATION_MWQI": "Kuala Sungai Baram", "CATEGORY_MWQI": "Estuary", "LATEST_MWQI": 57.0, "LATEST_CLASS": "Moderate", "MWQI_2021": 76.0, "MWQI_2022": 55.0, "MWQI_2023": 61.0, "MWQI_2024": 58.0, "MWQI_2025": 57.0, "CHANGE_1Y": -1.0, "CHANGE_5Y": -19.0, "MEAN_5Y": 61.4, "MIN_5Y": 55.0, "TREND_SLOPE_5Y": -3.5, "TREND_DIRECTION": "Declining", "CURRENT_POOR": false, "CURRENT_MODERATE": true, "DECLINING_5Y": true, "DROP_5_PLUS": true, "DROP_10_PLUS": true }, "geometry": { "type": "Point", "coordinates": [ 113.969, 4.597 ] } },
{ "type": "Feature", "properties": { "STATION_ID": "MMQE013", "STATION_ID_TYPE": "MODERN", "STATE_NAME": "Sarawak", "STATION_LOCATION": "Kuala Sungai Miri", "CATEGORY": "Estuary", "STATION_STATUS": 1.0, "LATITUDE": 4.39932, "LONGITUDE": 113.978, "STATE_NAME_MWQI": "Sarawak", "STATION_LOCATION_MWQI": "Kuala Sungai Miri", "CATEGORY_MWQI": "Estuary", "LATEST_MWQI": 57.0, "LATEST_CLASS": "Moderate", "MWQI_2021": 63.0, "MWQI_2022": 54.0, "MWQI_2023": 64.0, "MWQI_2024": 57.0, "MWQI_2025": 57.0, "CHANGE_1Y": 0.0, "CHANGE_5Y": -6.0, "MEAN_5Y": 59.0, "MIN_5Y": 54.0, "TREND_SLOPE_5Y": -0.90000000000001434, "TREND_DIRECTION": "Declining", "CURRENT_POOR": false, "CURRENT_MODERATE": true, "DECLINING_5Y": true, "DROP_5_PLUS": true, "DROP_10_PLUS": false }, "geometry": { "type": "Point", "coordinates": [ 113.978, 4.39932 ] } },
{ "type": "Feature", "properties": { "STATION_ID": "MMSE001", "STATION_ID_TYPE": "MODERN", "STATE_NAME": "Sabah", "STATION_LOCATION": "Kuala Penyu", "CATEGORY": "Estuary", "STATION_STATUS": 1.0, "LATITUDE": 5.57273, "LONGITUDE": 115.605, "STATE_NAME_MWQI": "Sabah", "STATION_LOCATION_MWQI": "Kuala Penyu", "CATEGORY_MWQI": "Estuary", "LATEST_MWQI": 64.0, "LATEST_CLASS": "Moderate", "MWQI_2021": 58.0, "MWQI_2022": 66.0, "MWQI_2023": 65.0, "MWQI_2024": 57.0, "MWQI_2025": 64.0, "CHANGE_1Y": 7.0, "CHANGE_5Y": 6.0, "MEAN_5Y": 62.0, "MIN_5Y": 57.0, "TREND_SLOPE_5Y": 0.30000000000037436, "TREND_DIRECTION": "Stable", "CURRENT_POOR": false, "CURRENT_MODERATE": true, "DECLINING_5Y": false, "DROP_5_PLUS": false, "DROP_10_PLUS": false }, "geometry": { "type": "Point", "coordinates": [ 115.605, 5.57273 ] } },
{ "type": "Feature", "properties": { "STATION_ID": "MMSE002", "STATION_ID_TYPE": "MODERN", "STATE_NAME": "Sabah", "STATION_LOCATION": "Muara Sungai Inanam", "CATEGORY": "Estuary", "STATION_STATUS": 1.0, "LATITUDE": 6.01272, "LONGITUDE": 116.11, "STATE_NAME_MWQI": "Sabah", "STATION_LOCATION_MWQI": "Muara Sungai Inanam", "CATEGORY_MWQI": "Estuary", "LATEST_MWQI": 56.0, "LATEST_CLASS": "Moderate", "MWQI_2021": 59.0, "MWQI_2022": 58.0, "MWQI_2023": 59.0, "MWQI_2024": 57.0, "MWQI_2025": 56.0, "CHANGE_1Y": -1.0, "CHANGE_5Y": -3.0, "MEAN_5Y": 57.8, "MIN_5Y": 56.0, "TREND_SLOPE_5Y": -0.6999999999998926, "TREND_DIRECTION": "Declining", "CURRENT_POOR": false, "CURRENT_MODERATE": true, "DECLINING_5Y": true, "DROP_5_PLUS": false, "DROP_10_PLUS": false }, "geometry": { "type": "Point", "coordinates": [ 116.11, 6.01272 ] } },
{ "type": "Feature", "properties": { "STATION_ID": "MMKR001", "STATION_ID_TYPE": "MODERN", "STATE_NAME": "Kedah", "STATION_LOCATION": "Singa Besar", "CATEGORY": "Island", "STATION_STATUS": 1.0, "LATITUDE": 6.22604, "LONGITUDE": 99.7354, "STATE_NAME_MWQI": "Kedah", "STATION_LOCATION_MWQI": "Singa Besar", "CATEGORY_MWQI": "Island", "LATEST_MWQI": 95.0, "LATEST_CLASS": "Excellent", "MWQI_2021": 88.0, "MWQI_2022": 90.0, "MWQI_2023": 96.0, "MWQI_2024": 95.0, "MWQI_2025": 95.0, "CHANGE_1Y": 0.0, "CHANGE_5Y": 7.0, "MEAN_5Y": 92.8, "MIN_5Y": 88.0, "TREND_SLOPE_5Y": 1.899999999999761, "TREND_DIRECTION": "Improving", "CURRENT_POOR": false, "CURRENT_MODERATE": false, "DECLINING_5Y": false, "DROP_5_PLUS": false, "DROP_10_PLUS": false }, "geometry": { "type": "Point", "coordinates": [ 99.7354, 6.22604 ] } },
{ "type": "Feature", "properties": { "STATION_ID": "MMKR002", "STATION_ID_TYPE": "MODERN", "STATE_NAME": "Kedah", "STATION_LOCATION": "Dayang Bunting", "CATEGORY": "Island", "STATION_STATUS": 1.0, "LATITUDE": 6.20725, "LONGITUDE": 99.7803, "STATE_NAME_MWQI": "Kedah", "STATION_LOCATION_MWQI": "Dayang Bunting", "CATEGORY_MWQI": "Island", "LATEST_MWQI": 95.0, "LATEST_CLASS": "Excellent", "MWQI_2021": 95.0, "MWQI_2022": 91.0, "MWQI_2023": 96.0, "MWQI_2024": 95.0, "MWQI_2025": 95.0, "CHANGE_1Y": 0.0, "CHANGE_5Y": 0.0, "MEAN_5Y": 94.4, "MIN_5Y": 91.0, "TREND_SLOPE_5Y": 0.39999999999983299, "TREND_DIRECTION": "Stable", "CURRENT_POOR": false, "CURRENT_MODERATE": false, "DECLINING_5Y": false, "DROP_5_PLUS": false, "DROP_10_PLUS": false }, "geometry": { "type": "Point", "coordinates": [ 99.7803, 6.20725 ] } },
{ "type": "Feature", "properties": { "STATION_ID": "MMKM001", "STATION_ID_TYPE": "MODERN", "STATE_NAME": "Kedah", "STATION_LOCATION": "Payar", "CATEGORY": "Island", "STATION_STATUS": 1.0, "LATITUDE": 6.06353, "LONGITUDE": 100.042, "STATE_NAME_MWQI": "Kedah", "STATION_LOCATION_MWQI": "Payar", "CATEGORY_MWQI": "Island", "LATEST_MWQI": 96.0, "LATEST_CLASS": "Excellent", "MWQI_2021": 95.0, "MWQI_2022": 96.0, "MWQI_2023": 96.0, "MWQI_2024": 96.0, "MWQI_2025": 96.0, "CHANGE_1Y": 0.0, "CHANGE_5Y": 1.0, "MEAN_5Y": 95.8, "MIN_5Y": 95.0, "TREND_SLOPE_5Y": 0.2, "TREND_DIRECTION": "Stable", "CURRENT_POOR": false, "CURRENT_MODERATE": false, "DECLINING_5Y": false, "DROP_5_PLUS": false, "DROP_10_PLUS": false }, "geometry": { "type": "Point", "coordinates": [ 100.042, 6.06353 ] } },
{ "type": "Feature", "properties": { "STATION_ID": "MMKM002", "STATION_ID_TYPE": "MODERN", "STATE_NAME": "Kedah", "STATION_LOCATION": "Kaca", "CATEGORY": "Island", "STATION_STATUS": 1.0, "LATITUDE": 6.07172, "LONGITUDE": 100.052, "STATE_NAME_MWQI": "Kedah", "STATION_LOCATION_MWQI": "Kaca", "CATEGORY_MWQI": "Island", "LATEST_MWQI": 96.0, "LATEST_CLASS": "Excellent", "MWQI_2021": 95.0, "MWQI_2022": 94.0, "MWQI_2023": 97.0, "MWQI_2024": 97.0, "MWQI_2025": 96.0, "CHANGE_1Y": -1.0, "CHANGE_5Y": 1.0, "MEAN_5Y": 95.8, "MIN_5Y": 94.0, "TREND_SLOPE_5Y": 0.49999999999987793, "TREND_DIRECTION": "Stable", "CURRENT_POOR": false, "CURRENT_MODERATE": false, "DECLINING_5Y": false, "DROP_5_PLUS": false, "DROP_10_PLUS": false }, "geometry": { "type": "Point", "coordinates": [ 100.052, 6.07172 ] } },
{ "type": "Feature", "properties": { "STATION_ID": "MMKD001", "STATION_ID_TYPE": "MODERN", "STATE_NAME": "Kedah", "STATION_LOCATION": "Pantai Kuah", "CATEGORY": "Island", "STATION_STATUS": 1.0, "LATITUDE": 6.30881, "LONGITUDE": 99.8511, "STATE_NAME_MWQI": "Kedah", "STATION_LOCATION_MWQI": "Pantai Kuah", "CATEGORY_MWQI": "Island", "LATEST_MWQI": 95.0, "LATEST_CLASS": "Excellent", "MWQI_2021": 93.0, "MWQI_2022": 91.0, "MWQI_2023": 96.0, "MWQI_2024": 95.0, "MWQI_2025": 95.0, "CHANGE_1Y": 0.0, "CHANGE_5Y": 2.0, "MEAN_5Y": 94.0, "MIN_5Y": 91.0, "TREND_SLOPE_5Y": 0.79999999999982774, "TREND_DIRECTION": "Improving", "CURRENT_POOR": false, "CURRENT_MODERATE": false, "DECLINING_5Y": false, "DROP_5_PLUS": false, "DROP_10_PLUS": false }, "geometry": { "type": "Point", "coordinates": [ 99.8511, 6.30881 ] } },
{ "type": "Feature", "properties": { "STATION_ID": "MMKD002", "STATION_ID_TYPE": "MODERN", "STATE_NAME": "Kedah", "STATION_LOCATION": "Pantai Chenang", "CATEGORY": "Island", "STATION_STATUS": 1.0, "LATITUDE": 6.30267, "LONGITUDE": 99.7166, "STATE_NAME_MWQI": "Kedah", "STATION_LOCATION_MWQI": "Pantai Chenang", "CATEGORY_MWQI": "Island", "LATEST_MWQI": 95.0, "LATEST_CLASS": "Excellent", "MWQI_2021": 91.0, "MWQI_2022": 89.0, "MWQI_2023": 94.0, "MWQI_2024": 96.0, "MWQI_2025": 95.0, "CHANGE_1Y": -1.0, "CHANGE_5Y": 4.0, "MEAN_5Y": 93.0, "MIN_5Y": 89.0, "TREND_SLOPE_5Y": 1.4999999999996565, "TREND_DIRECTION": "Improving", "CURRENT_POOR": false, "CURRENT_MODERATE": false, "DECLINING_5Y": false, "DROP_5_PLUS": false, "DROP_10_PLUS": false }, "geometry": { "type": "Point", "coordinates": [ 99.7166, 6.30267 ] } },
{ "type": "Feature", "properties": { "STATION_ID": "MMKD003", "STATION_ID_TYPE": "MODERN", "STATE_NAME": "Kedah", "STATION_LOCATION": "Tanjung Rhu", "CATEGORY": "Island", "STATION_STATUS": 1.0, "LATITUDE": 6.45681, "LONGITUDE": 99.8218, "STATE_NAME_MWQI": "Kedah", "STATION_LOCATION_MWQI": "Tanjung Rhu", "CATEGORY_MWQI": "Island", "LATEST_MWQI": 95.0, "LATEST_CLASS": "Excellent", "MWQI_2021": 91.0, "MWQI_2022": 91.0, "MWQI_2023": 96.0, "MWQI_2024": 96.0, "MWQI_2025": 95.0, "CHANGE_1Y": -1.0, "CHANGE_5Y": 4.0, "MEAN_5Y": 93.8, "MIN_5Y": 91.0, "TREND_SLOPE_5Y": 1.2999999999997847, "TREND_DIRECTION": "Improving", "CURRENT_POOR": false, "CURRENT_MODERATE": false, "DECLINING_5Y": false, "DROP_5_PLUS": false, "DROP_10_PLUS": false }, "geometry": { "type": "Point", "coordinates": [ 99.8218, 6.45681 ] } },
{ "type": "Feature", "properties": { "STATION_ID": "MMKD004", "STATION_ID_TYPE": "MODERN", "STATE_NAME": "Kedah", "STATION_LOCATION": "Teluk Ewa", "CATEGORY": "Island", "STATION_STATUS": 1.0, "LATITUDE": 6.43425, "LONGITUDE": 99.755, "STATE_NAME_MWQI": "Kedah", "STATION_LOCATION_MWQI": "Teluk Ewa", "CATEGORY_MWQI": "Island", "LATEST_MWQI": 95.0, "LATEST_CLASS": "Excellent", "MWQI_2021": 92.0, "MWQI_2022": 96.0, "MWQI_2023": 88.0, "MWQI_2024": 96.0, "MWQI_2025": 95.0, "CHANGE_1Y": -1.0, "CHANGE_5Y": 3.0, "MEAN_5Y": 93.4, "MIN_5Y": 88.0, "TREND_SLOPE_5Y": 0.59999999999990217, "TREND_DIRECTION": "Improving", "CURRENT_POOR": false, "CURRENT_MODERATE": false, "DECLINING_5Y": false, "DROP_5_PLUS": false, "DROP_10_PLUS": false }, "geometry": { "type": "Point", "coordinates": [ 99.755, 6.43425 ] } },
{ "type": "Feature", "properties": { "STATION_ID": "MMKM003", "STATION_ID_TYPE": "MODERN", "STATE_NAME": "Kedah", "STATION_LOCATION": "Segantang", "CATEGORY": "Island", "STATION_STATUS": 1.0, "LATITUDE": 6.04353, "LONGITUDE": 99.9261, "STATE_NAME_MWQI": "Kedah", "STATION_LOCATION_MWQI": "Segantang", "CATEGORY_MWQI": "Island", "LATEST_MWQI": 96.0, "LATEST_CLASS": "Excellent", "MWQI_2021": 96.0, "MWQI_2022": 96.0, "MWQI_2023": 97.0, "MWQI_2024": 95.0, "MWQI_2025": 96.0, "CHANGE_1Y": 1.0, "CHANGE_5Y": 0.0, "MEAN_5Y": 96.0, "MIN_5Y": 95.0, "TREND_SLOPE_5Y": -0.099999999999939984, "TREND_DIRECTION": "Stable", "CURRENT_POOR": false, "CURRENT_MODERATE": false, "DECLINING_5Y": false, "DROP_5_PLUS": false, "DROP_10_PLUS": false }, "geometry": { "type": "Point", "coordinates": [ 99.9261, 6.04353 ] } },
{ "type": "Feature", "properties": { "STATION_ID": "MMKP004", "STATION_ID_TYPE": "MODERN", "STATE_NAME": "Kedah", "STATION_LOCATION": "Perak", "CATEGORY": "Island", "STATION_STATUS": 1.0, "LATITUDE": 5.68145, "LONGITUDE": 98.936, "STATE_NAME_MWQI": "Kedah", "STATION_LOCATION_MWQI": "Pulau Perak", "CATEGORY_MWQI": "Island", "LATEST_MWQI": 96.0, "LATEST_CLASS": "Excellent", "MWQI_2021": 92.0, "MWQI_2022": 96.0, "MWQI_2023": 96.0, "MWQI_2024": 96.0, "MWQI_2025": 96.0, "CHANGE_1Y": 0.0, "CHANGE_5Y": 4.0, "MEAN_5Y": 95.2, "MIN_5Y": 92.0, "TREND_SLOPE_5Y": 0.79999999999999072, "TREND_DIRECTION": "Improving", "CURRENT_POOR": false, "CURRENT_MODERATE": false, "DECLINING_5Y": false, "DROP_5_PLUS": false, "DROP_10_PLUS": false }, "geometry": { "type": "Point", "coordinates": [ 98.936, 5.68145 ] } },
{ "type": "Feature", "properties": { "STATION_ID": "MMPD001", "STATION_ID_TYPE": "MODERN", "STATE_NAME": "Pulau Pinang", "STATION_LOCATION": "Batu Maung", "CATEGORY": "Island", "STATION_STATUS": 1.0, "LATITUDE": 5.28524, "LONGITUDE": 100.292, "STATE_NAME_MWQI": "P. Pinang", "STATION_LOCATION_MWQI": "Batu Maung", "CATEGORY_MWQI": "Island", "LATEST_MWQI": 62.0, "LATEST_CLASS": "Moderate", "MWQI_2021": 57.0, "MWQI_2022": 59.0, "MWQI_2023": 67.0, "MWQI_2024": 69.0, "MWQI_2025": 62.0, "CHANGE_1Y": -7.0, "CHANGE_5Y": 5.0, "MEAN_5Y": 62.8, "MIN_5Y": 57.0, "TREND_SLOPE_5Y": 1.999999999999635, "TREND_DIRECTION": "Improving", "CURRENT_POOR": false, "CURRENT_MODERATE": true, "DECLINING_5Y": false, "DROP_5_PLUS": false, "DROP_10_PLUS": false }, "geometry": { "type": "Point", "coordinates": [ 100.292, 5.28524 ] } },
{ "type": "Feature", "properties": { "STATION_ID": "MMPD002", "STATION_ID_TYPE": "MODERN", "STATE_NAME": "Pulau Pinang", "STATION_LOCATION": "Padang Kota", "CATEGORY": "Island", "STATION_STATUS": 1.0, "LATITUDE": 5.41921, "LONGITUDE": 100.346, "STATE_NAME_MWQI": "P. Pinang", "STATION_LOCATION_MWQI": "Padang Kota", "CATEGORY_MWQI": "Island", "LATEST_MWQI": 59.0, "LATEST_CLASS": "Moderate", "MWQI_2021": 60.0, "MWQI_2022": 81.0, "MWQI_2023": 75.0, "MWQI_2024": 76.0, "MWQI_2025": 59.0, "CHANGE_1Y": -17.0, "CHANGE_5Y": -1.0, "MEAN_5Y": 70.2, "MIN_5Y": 59.0, "TREND_SLOPE_5Y": -0.69999999999945572, "TREND_DIRECTION": "Declining", "CURRENT_POOR": false, "CURRENT_MODERATE": true, "DECLINING_5Y": true, "DROP_5_PLUS": false, "DROP_10_PLUS": false }, "geometry": { "type": "Point", "coordinates": [ 100.346, 5.41921 ] } },
{ "type": "Feature", "properties": { "STATION_ID": "MMPR001", "STATION_ID_TYPE": "MODERN", "STATE_NAME": "Pulau Pinang", "STATION_LOCATION": "Aman", "CATEGORY": "Island", "STATION_STATUS": 1.0, "LATITUDE": 5.26743, "LONGITUDE": 100.394, "STATE_NAME_MWQI": "P. Pinang", "STATION_LOCATION_MWQI": "Aman", "CATEGORY_MWQI": "Island", "LATEST_MWQI": 91.0, "LATEST_CLASS": "Excellent", "MWQI_2021": 72.0, "MWQI_2022": 92.0, "MWQI_2023": 91.0, "MWQI_2024": 92.0, "MWQI_2025": 91.0, "CHANGE_1Y": -1.0, "CHANGE_5Y": 19.0, "MEAN_5Y": 87.6, "MIN_5Y": 72.0, "TREND_SLOPE_5Y": 3.8, "TREND_DIRECTION": "Improving", "CURRENT_POOR": false, "CURRENT_MODERATE": false, "DECLINING_5Y": false, "DROP_5_PLUS": false, "DROP_10_PLUS": false }, "geometry": { "type": "Point", "coordinates": [ 100.394, 5.26743 ] } },
{ "type": "Feature", "properties": { "STATION_ID": "MMPR002", "STATION_ID_TYPE": "MODERN", "STATE_NAME": "Pulau Pinang", "STATION_LOCATION": "Jerejak", "CATEGORY": "Island", "STATION_STATUS": 1.0, "LATITUDE": 5.33333, "LONGITUDE": 100.317, "STATE_NAME_MWQI": "P. Pinang", "STATION_LOCATION_MWQI": "Jerejak", "CATEGORY_MWQI": "Island", "LATEST_MWQI": 88.0, "LATEST_CLASS": "Good", "MWQI_2021": 76.0, "MWQI_2022": 59.0, "MWQI_2023": 73.0, "MWQI_2024": 70.0, "MWQI_2025": 88.0, "CHANGE_1Y": 18.0, "CHANGE_5Y": 12.0, "MEAN_5Y": 73.2, "MIN_5Y": 59.0, "TREND_SLOPE_5Y": 3.4999999999991589, "TREND_DIRECTION": "Improving", "CURRENT_POOR": false, "CURRENT_MODERATE": false, "DECLINING_5Y": false, "DROP_5_PLUS": false, "DROP_10_PLUS": false }, "geometry": { "type": "Point", "coordinates": [ 100.317, 5.33333 ] } },
{ "type": "Feature", "properties": { "STATION_ID": "MMPR003", "STATION_ID_TYPE": "MODERN", "STATE_NAME": "Pulau Pinang", "STATION_LOCATION": "Kendi", "CATEGORY": "Island", "STATION_STATUS": 1.0, "LATITUDE": 5.23038, "LONGITUDE": 100.182, "STATE_NAME_MWQI": "P. Pinang", "STATION_LOCATION_MWQI": "Kendi", "CATEGORY_MWQI": "Island", "LATEST_MWQI": 95.0, "LATEST_CLASS": "Excellent", "MWQI_2021": 92.0, "MWQI_2022": 85.0, "MWQI_2023": 96.0, "MWQI_2024": 95.0, "MWQI_2025": 95.0, "CHANGE_1Y": 0.0, "CHANGE_5Y": 3.0, "MEAN_5Y": 92.6, "MIN_5Y": 85.0, "TREND_SLOPE_5Y": 1.599999999999558, "TREND_DIRECTION": "Improving", "CURRENT_POOR": false, "CURRENT_MODERATE": false, "DECLINING_5Y": false, "DROP_5_PLUS": false, "DROP_10_PLUS": false }, "geometry": { "type": "Point", "coordinates": [ 100.182, 5.23038 ] } },
{ "type": "Feature", "properties": { "STATION_ID": "MMPR004", "STATION_ID_TYPE": "MODERN", "STATE_NAME": "Pulau Pinang", "STATION_LOCATION": "Rimau", "CATEGORY": "Island", "STATION_STATUS": 1.0, "LATITUDE": 5.24415, "LONGITUDE": 100.273, "STATE_NAME_MWQI": "P. Pinang", "STATION_LOCATION_MWQI": "Rimau", "CATEGORY_MWQI": "Island", "LATEST_MWQI": 96.0, "LATEST_CLASS": "Excellent", "MWQI_2021": 92.0, "MWQI_2022": 93.0, "MWQI_2023": 96.0, "MWQI_2024": 96.0, "MWQI_2025": 96.0, "CHANGE_1Y": 0.0, "CHANGE_5Y": 4.0, "MEAN_5Y": 94.6, "MIN_5Y": 92.0, "TREND_SLOPE_5Y": 1.0999999999998493, "TREND_DIRECTION": "Improving", "CURRENT_POOR": false, "CURRENT_MODERATE": false, "DECLINING_5Y": false, "DROP_5_PLUS": false, "DROP_10_PLUS": false }, "geometry": { "type": "Point", "coordinates": [ 100.273, 5.24415 ] } },
{ "type": "Feature", "properties": { "STATION_ID": "MMPD003", "STATION_ID_TYPE": "MODERN", "STATE_NAME": "Pulau Pinang", "STATION_LOCATION": "Teluk Bahang", "CATEGORY": "Island", "STATION_STATUS": 1.0, "LATITUDE": 5.46083, "LONGITUDE": 100.214, "STATE_NAME_MWQI": "P. Pinang", "STATION_LOCATION_MWQI": "Teluk Bahang", "CATEGORY_MWQI": "Island", "LATEST_MWQI": 92.0, "LATEST_CLASS": "Excellent", "MWQI_2021": 83.0, "MWQI_2022": 87.0, "MWQI_2023": 94.0, "MWQI_2024": 87.0, "MWQI_2025": 92.0, "CHANGE_1Y": 5.0, "CHANGE_5Y": 9.0, "MEAN_5Y": 88.6, "MIN_5Y": 83.0, "TREND_SLOPE_5Y": 1.8, "TREND_DIRECTION": "Improving", "CURRENT_POOR": false, "CURRENT_MODERATE": false, "DECLINING_5Y": false, "DROP_5_PLUS": false, "DROP_10_PLUS": false }, "geometry": { "type": "Point", "coordinates": [ 100.214, 5.46083 ] } },
{ "type": "Feature", "properties": { "STATION_ID": "MMPR005", "STATION_ID_TYPE": "MODERN", "STATE_NAME": "Pulau Pinang", "STATION_LOCATION": "Gedong", "CATEGORY": "Island", "STATION_STATUS": 1.0, "LATITUDE": 5.27346, "LONGITUDE": 100.39, "STATE_NAME_MWQI": "P. Pinang", "STATION_LOCATION_MWQI": "Gedong", "CATEGORY_MWQI": "Island", "LATEST_MWQI": 92.0, "LATEST_CLASS": "Excellent", "MWQI_2021": 82.0, "MWQI_2022": 91.0, "MWQI_2023": 91.0, "MWQI_2024": 92.0, "MWQI_2025": 92.0, "CHANGE_1Y": 0.0, "CHANGE_5Y": 10.0, "MEAN_5Y": 89.6, "MIN_5Y": 82.0, "TREND_SLOPE_5Y": 2.099999999999921, "TREND_DIRECTION": "Improving", "CURRENT_POOR": false, "CURRENT_MODERATE": false, "DECLINING_5Y": false, "DROP_5_PLUS": false, "DROP_10_PLUS": false }, "geometry": { "type": "Point", "coordinates": [ 100.39, 5.27346 ] } },
{ "type": "Feature", "properties": { "STATION_ID": "MMAR001", "STATION_ID_TYPE": "MODERN", "STATE_NAME": "Perak", "STATION_LOCATION": "Pantai Teluk Gedong", "CATEGORY": "Island", "STATION_STATUS": 1.0, "LATITUDE": 4.19421, "LONGITUDE": 100.581, "STATE_NAME_MWQI": "Perak", "STATION_LOCATION_MWQI": "Pantai Teluk Gedong", "CATEGORY_MWQI": "Island", "LATEST_MWQI": 94.0, "LATEST_CLASS": "Excellent", "MWQI_2021": 88.0, "MWQI_2022": 84.0, "MWQI_2023": 91.0, "MWQI_2024": 96.0, "MWQI_2025": 94.0, "CHANGE_1Y": -2.0, "CHANGE_5Y": 6.0, "MEAN_5Y": 90.6, "MIN_5Y": 84.0, "TREND_SLOPE_5Y": 2.3999999999994022, "TREND_DIRECTION": "Improving", "CURRENT_POOR": false, "CURRENT_MODERATE": false, "DECLINING_5Y": false, "DROP_5_PLUS": false, "DROP_10_PLUS": false }, "geometry": { "type": "Point", "coordinates": [ 100.581, 4.19421 ] } },
{ "type": "Feature", "properties": { "STATION_ID": "MMAR002", "STATION_ID_TYPE": "MODERN", "STATE_NAME": "Perak", "STATION_LOCATION": "Pantai Puteri Dewi", "CATEGORY": "Island", "STATION_STATUS": 1.0, "LATITUDE": 4.25314, "LONGITUDE": 100.544, "STATE_NAME_MWQI": "Perak", "STATION_LOCATION_MWQI": "Pantai Puteri Dewi", "CATEGORY_MWQI": "Island", "LATEST_MWQI": 94.0, "LATEST_CLASS": "Excellent", "MWQI_2021": 95.0, "MWQI_2022": 94.0, "MWQI_2023": 94.0, "MWQI_2024": 96.0, "MWQI_2025": 94.0, "CHANGE_1Y": -2.0, "CHANGE_5Y": -1.0, "MEAN_5Y": 94.6, "MIN_5Y": 94.0, "TREND_SLOPE_5Y": -7.5463600483439342e-14, "TREND_DIRECTION": "Stable", "CURRENT_POOR": false, "CURRENT_MODERATE": false, "DECLINING_5Y": false, "DROP_5_PLUS": false, "DROP_10_PLUS": false }, "geometry": { "type": "Point", "coordinates": [ 100.544, 4.25314 ] } },
{ "type": "Feature", "properties": { "STATION_ID": "MMAR003", "STATION_ID_TYPE": "MODERN", "STATE_NAME": "Perak", "STATION_LOCATION": "Pangkor Laut", "CATEGORY": "Island", "STATION_STATUS": 1.0, "LATITUDE": 4.20159, "LONGITUDE": 100.547, "STATE_NAME_MWQI": "Perak", "STATION_LOCATION_MWQI": "Pangkor Laut", "CATEGORY_MWQI": "Island", "LATEST_MWQI": 95.0, "LATEST_CLASS": "Excellent", "MWQI_2021": 96.0, "MWQI_2022": 95.0, "MWQI_2023": 95.0, "MWQI_2024": 94.0, "MWQI_2025": 95.0, "CHANGE_1Y": 1.0, "CHANGE_5Y": -1.0, "MEAN_5Y": 95.0, "MIN_5Y": 94.0, "TREND_SLOPE_5Y": -0.29999999999995058, "TREND_DIRECTION": "Stable", "CURRENT_POOR": false, "CURRENT_MODERATE": false, "DECLINING_5Y": false, "DROP_5_PLUS": false, "DROP_10_PLUS": false }, "geometry": { "type": "Point", "coordinates": [ 100.547, 4.20159 ] } },
{ "type": "Feature", "properties": { "STATION_ID": "MMAR004", "STATION_ID_TYPE": "MODERN", "STATE_NAME": "Perak", "STATION_LOCATION": "Sembilan", "CATEGORY": "Island", "STATION_STATUS": 1.0, "LATITUDE": 4.00853, "LONGITUDE": 100.544, "STATE_NAME_MWQI": "Perak", "STATION_LOCATION_MWQI": "Sembilan", "CATEGORY_MWQI": "Island", "LATEST_MWQI": 95.0, "LATEST_CLASS": "Excellent", "MWQI_2021": 94.0, "MWQI_2022": 96.0, "MWQI_2023": 93.0, "MWQI_2024": 96.0, "MWQI_2025": 95.0, "CHANGE_1Y": -1.0, "CHANGE_5Y": 1.0, "MEAN_5Y": 94.8, "MIN_5Y": 93.0, "TREND_SLOPE_5Y": 0.1999999999999782, "TREND_DIRECTION": "Stable", "CURRENT_POOR": false, "CURRENT_MODERATE": false, "DECLINING_5Y": false, "DROP_5_PLUS": false, "DROP_10_PLUS": false }, "geometry": { "type": "Point", "coordinates": [ 100.544, 4.00853 ] } },
{ "type": "Feature", "properties": { "STATION_ID": "MMAP001", "STATION_ID_TYPE": "MODERN", "STATE_NAME": "Perak", "STATION_LOCATION": "Tukun Perak", "CATEGORY": "Island", "STATION_STATUS": 1.0, "LATITUDE": 4.11689, "LONGITUDE": 100.561, "STATE_NAME_MWQI": "Perak", "STATION_LOCATION_MWQI": "Tukun Perak", "CATEGORY_MWQI": "Island", "LATEST_MWQI": 95.0, "LATEST_CLASS": "Excellent", "MWQI_2021": 96.0, "MWQI_2022": 96.0, "MWQI_2023": 92.0, "MWQI_2024": 96.0, "MWQI_2025": 95.0, "CHANGE_1Y": -1.0, "CHANGE_5Y": -1.0, "MEAN_5Y": 95.0, "MIN_5Y": 92.0, "TREND_SLOPE_5Y": -0.20000000000002874, "TREND_DIRECTION": "Stable", "CURRENT_POOR": false, "CURRENT_MODERATE": false, "DECLINING_5Y": false, "DROP_5_PLUS": false, "DROP_10_PLUS": false }, "geometry": { "type": "Point", "coordinates": [ 100.561, 4.11689 ] } },
{ "type": "Feature", "properties": { "STATION_ID": "MMBR001", "STATION_ID_TYPE": "MODERN", "STATE_NAME": "Selangor", "STATION_LOCATION": "Ketam", "CATEGORY": "Island", "STATION_STATUS": 1.0, "LATITUDE": 3.018, "LONGITUDE": 101.258, "STATE_NAME_MWQI": "Selangor", "STATION_LOCATION_MWQI": "Ketam", "CATEGORY_MWQI": "Island", "LATEST_MWQI": 81.0, "LATEST_CLASS": "Good", "MWQI_2021": 72.0, "MWQI_2022": 85.0, "MWQI_2023": 94.0, "MWQI_2024": 88.0, "MWQI_2025": 81.0, "CHANGE_1Y": -7.0, "CHANGE_5Y": 9.0, "MEAN_5Y": 84.0, "MIN_5Y": 72.0, "TREND_SLOPE_5Y": 2.1000000000000658, "TREND_DIRECTION": "Improving", "CURRENT_POOR": false, "CURRENT_MODERATE": false, "DECLINING_5Y": false, "DROP_5_PLUS": false, "DROP_10_PLUS": false }, "geometry": { "type": "Point", "coordinates": [ 101.258, 3.018 ] } },
{ "type": "Feature", "properties": { "STATION_ID": "MMBR002", "STATION_ID_TYPE": "MODERN", "STATE_NAME": "Selangor", "STATION_LOCATION": "Angsa", "CATEGORY": "Island", "STATION_STATUS": 1.0, "LATITUDE": 3.18556, "LONGITUDE": 101.219, "STATE_NAME_MWQI": "Selangor", "STATION_LOCATION_MWQI": "Angsa", "CATEGORY_MWQI": "Island", "LATEST_MWQI": 90.0, "LATEST_CLASS": "Excellent", "MWQI_2021": 89.0, "MWQI_2022": 83.0, "MWQI_2023": 95.0, "MWQI_2024": 93.0, "MWQI_2025": 90.0, "CHANGE_1Y": -3.0, "CHANGE_5Y": 1.0, "MEAN_5Y": 90.0, "MIN_5Y": 83.0, "TREND_SLOPE_5Y": 1.19999999999963, "TREND_DIRECTION": "Improving", "CURRENT_POOR": false, "CURRENT_MODERATE": false, "DECLINING_5Y": false, "DROP_5_PLUS": false, "DROP_10_PLUS": false }, "geometry": { "type": "Point", "coordinates": [ 101.219, 3.18556 ] } },
{ "type": "Feature", "properties": { "STATION_ID": "MMBR003", "STATION_ID_TYPE": "MODERN", "STATE_NAME": "Selangor", "STATION_LOCATION": "Lumut", "CATEGORY": "Island", "STATION_STATUS": 1.0, "LATITUDE": 2.9985, "LONGITUDE": 101.362, "STATE_NAME_MWQI": "Selangor", "STATION_LOCATION_MWQI": "Lumut", "CATEGORY_MWQI": "Island", "LATEST_MWQI": 54.0, "LATEST_CLASS": "Moderate", "MWQI_2021": 50.0, "MWQI_2022": 47.0, "MWQI_2023": 53.0, "MWQI_2024": 53.0, "MWQI_2025": 54.0, "CHANGE_1Y": 1.0, "CHANGE_5Y": 4.0, "MEAN_5Y": 51.4, "MIN_5Y": 47.0, "TREND_SLOPE_5Y": 1.3999999999996962, "TREND_DIRECTION": "Improving", "CURRENT_POOR": false, "CURRENT_MODERATE": true, "DECLINING_5Y": false, "DROP_5_PLUS": false, "DROP_10_PLUS": false }, "geometry": { "type": "Point", "coordinates": [ 101.362, 2.9985 ] } },
{ "type": "Feature", "properties": { "STATION_ID": "MMNP001", "STATION_ID_TYPE": "MODERN", "STATE_NAME": "N. Sembilan", "STATION_LOCATION": "Arang", "CATEGORY": "Island", "STATION_STATUS": 1.0, "LATITUDE": 2.51647, "LONGITUDE": 101.795, "STATE_NAME_MWQI": "N. Sembilan", "STATION_LOCATION_MWQI": "Arang", "CATEGORY_MWQI": "Island", "LATEST_MWQI": 95.0, "LATEST_CLASS": "Excellent", "MWQI_2021": 94.0, "MWQI_2022": 92.0, "MWQI_2023": 94.0, "MWQI_2024": 95.0, "MWQI_2025": 95.0, "CHANGE_1Y": 0.0, "CHANGE_5Y": 1.0, "MEAN_5Y": 94.0, "MIN_5Y": 92.0, "TREND_SLOPE_5Y": 0.49999999999984357, "TREND_DIRECTION": "Stable", "CURRENT_POOR": false, "CURRENT_MODERATE": false, "DECLINING_5Y": false, "DROP_5_PLUS": false, "DROP_10_PLUS": false }, "geometry": { "type": "Point", "coordinates": [ 101.795, 2.51647 ] } },
{ "type": "Feature", "properties": { "STATION_ID": "MMMR001", "STATION_ID_TYPE": "MODERN", "STATE_NAME": "Melaka", "STATION_LOCATION": "Upeh (Point A)", "CATEGORY": "Island", "STATION_STATUS": 1.0, "LATITUDE": 2.19489, "LONGITUDE": 102.205, "STATE_NAME_MWQI": "Melaka", "STATION_LOCATION_MWQI": "Upeh (Point A)", "CATEGORY_MWQI": "Island", "LATEST_MWQI": 90.0, "LATEST_CLASS": "Excellent", "MWQI_2021": 77.0, "MWQI_2022": 77.0, "MWQI_2023": 94.0, "MWQI_2024": 92.0, "MWQI_2025": 90.0, "CHANGE_1Y": -2.0, "CHANGE_5Y": 13.0, "MEAN_5Y": 86.0, "MIN_5Y": 77.0, "TREND_SLOPE_5Y": 4.0999999999993459, "TREND_DIRECTION": "Improving", "CURRENT_POOR": false, "CURRENT_MODERATE": false, "DECLINING_5Y": false, "DROP_5_PLUS": false, "DROP_10_PLUS": false }, "geometry": { "type": "Point", "coordinates": [ 102.205, 2.19489 ] } },
{ "type": "Feature", "properties": { "STATION_ID": "MMMR002", "STATION_ID_TYPE": "MODERN", "STATE_NAME": "Melaka", "STATION_LOCATION": "Upeh (Point B)", "CATEGORY": "Island", "STATION_STATUS": 1.0, "LATITUDE": 2.18975, "LONGITUDE": 102.203, "STATE_NAME_MWQI": "Melaka", "STATION_LOCATION_MWQI": "Upeh (Point B)", "CATEGORY_MWQI": "Island", "LATEST_MWQI": 90.0, "LATEST_CLASS": "Excellent", "MWQI_2021": 87.0, "MWQI_2022": 85.0, "MWQI_2023": 94.0, "MWQI_2024": 94.0, "MWQI_2025": 90.0, "CHANGE_1Y": -4.0, "CHANGE_5Y": 3.0, "MEAN_5Y": 90.0, "MIN_5Y": 85.0, "TREND_SLOPE_5Y": 1.4999999999996538, "TREND_DIRECTION": "Improving", "CURRENT_POOR": false, "CURRENT_MODERATE": false, "DECLINING_5Y": false, "DROP_5_PLUS": false, "DROP_10_PLUS": false }, "geometry": { "type": "Point", "coordinates": [ 102.203, 2.18975 ] } },
{ "type": "Feature", "properties": { "STATION_ID": "MMMR003", "STATION_ID_TYPE": "MODERN", "STATE_NAME": "Melaka", "STATION_LOCATION": "Besar (Point A)", "CATEGORY": "Island", "STATION_STATUS": 1.0, "LATITUDE": 2.11669, "LONGITUDE": 102.332, "STATE_NAME_MWQI": "Melaka", "STATION_LOCATION_MWQI": "Besar (Point A)", "CATEGORY_MWQI": "Island", "LATEST_MWQI": 95.0, "LATEST_CLASS": "Excellent", "MWQI_2021": 96.0, "MWQI_2022": 95.0, "MWQI_2023": 95.0, "MWQI_2024": 96.0, "MWQI_2025": 95.0, "CHANGE_1Y": -1.0, "CHANGE_5Y": -1.0, "MEAN_5Y": 95.4, "MIN_5Y": 95.0, "TREND_SLOPE_5Y": -0.10000000000003575, "TREND_DIRECTION": "Stable", "CURRENT_POOR": false, "CURRENT_MODERATE": false, "DECLINING_5Y": false, "DROP_5_PLUS": false, "DROP_10_PLUS": false }, "geometry": { "type": "Point", "coordinates": [ 102.332, 2.11669 ] } },
{ "type": "Feature", "properties": { "STATION_ID": "MMMR004", "STATION_ID_TYPE": "MODERN", "STATE_NAME": "Melaka", "STATION_LOCATION": "Besar (Point B)", "CATEGORY": "Island", "STATION_STATUS": 1.0, "LATITUDE": 2.10672, "LONGITUDE": 102.322, "STATE_NAME_MWQI": "Melaka", "STATION_LOCATION_MWQI": "Besar (Point B)", "CATEGORY_MWQI": "Island", "LATEST_MWQI": 95.0, "LATEST_CLASS": "Excellent", "MWQI_2021": 94.0, "MWQI_2022": 94.0, "MWQI_2023": 95.0, "MWQI_2024": 96.0, "MWQI_2025": 95.0, "CHANGE_1Y": -1.0, "CHANGE_5Y": 1.0, "MEAN_5Y": 94.8, "MIN_5Y": 94.0, "TREND_SLOPE_5Y": 0.39999999999991676, "TREND_DIRECTION": "Stable", "CURRENT_POOR": false, "CURRENT_MODERATE": false, "DECLINING_5Y": false, "DROP_5_PLUS": false, "DROP_10_PLUS": false }, "geometry": { "type": "Point", "coordinates": [ 102.322, 2.10672 ] } },
{ "type": "Feature", "properties": { "STATION_ID": "MMMR005", "STATION_ID_TYPE": "MODERN", "STATE_NAME": "Melaka", "STATION_LOCATION": "Undan (Point A)", "CATEGORY": "Island", "STATION_STATUS": 1.0, "LATITUDE": 2.04894, "LONGITUDE": 102.332, "STATE_NAME_MWQI": "Melaka", "STATION_LOCATION_MWQI": "Undan (Point A)", "CATEGORY_MWQI": "Island", "LATEST_MWQI": 95.0, "LATEST_CLASS": "Excellent", "MWQI_2021": 96.0, "MWQI_2022": 94.0, "MWQI_2023": 95.0, "MWQI_2024": 96.0, "MWQI_2025": 95.0, "CHANGE_1Y": -1.0, "CHANGE_5Y": -1.0, "MEAN_5Y": 95.2, "MIN_5Y": 94.0, "TREND_SLOPE_5Y": -7.1996862418799394e-14, "TREND_DIRECTION": "Stable", "CURRENT_POOR": false, "CURRENT_MODERATE": false, "DECLINING_5Y": false, "DROP_5_PLUS": false, "DROP_10_PLUS": false }, "geometry": { "type": "Point", "coordinates": [ 102.332, 2.04894 ] } },
{ "type": "Feature", "properties": { "STATION_ID": "MMMR006", "STATION_ID_TYPE": "MODERN", "STATE_NAME": "Melaka", "STATION_LOCATION": "Undan (Point B)", "CATEGORY": "Island", "STATION_STATUS": 1.0, "LATITUDE": 2.04728, "LONGITUDE": 102.335, "STATE_NAME_MWQI": "Melaka", "STATION_LOCATION_MWQI": "Undan (Point B)", "CATEGORY_MWQI": "Island", "LATEST_MWQI": 95.0, "LATEST_CLASS": "Excellent", "MWQI_2021": 95.0, "MWQI_2022": 94.0, "MWQI_2023": 94.0, "MWQI_2024": 96.0, "MWQI_2025": 95.0, "CHANGE_1Y": -1.0, "CHANGE_5Y": 0.0, "MEAN_5Y": 94.8, "MIN_5Y": 94.0, "TREND_SLOPE_5Y": 0.19999999999990409, "TREND_DIRECTION": "Stable", "CURRENT_POOR": false, "CURRENT_MODERATE": false, "DECLINING_5Y": false, "DROP_5_PLUS": false, "DROP_10_PLUS": false }, "geometry": { "type": "Point", "coordinates": [ 102.335, 2.04728 ] } },
{ "type": "Feature", "properties": { "STATION_ID": "MMJR001", "STATION_ID_TYPE": "MODERN", "STATE_NAME": "Johor", "STATION_LOCATION": "Setindan", "CATEGORY": "Island", "STATION_STATUS": 1.0, "LATITUDE": 2.47664, "LONGITUDE": 103.858, "STATE_NAME_MWQI": "Johor", "STATION_LOCATION_MWQI": "Setindan", "CATEGORY_MWQI": "Island", "LATEST_MWQI": 95.0, "LATEST_CLASS": "Excellent", "MWQI_2021": 97.0, "MWQI_2022": 97.0, "MWQI_2023": 96.0, "MWQI_2024": 97.0, "MWQI_2025": 95.0, "CHANGE_1Y": -2.0, "CHANGE_5Y": -2.0, "MEAN_5Y": 96.4, "MIN_5Y": 95.0, "TREND_SLOPE_5Y": -0.39999999999995844, "TREND_DIRECTION": "Stable", "CURRENT_POOR": false, "CURRENT_MODERATE": false, "DECLINING_5Y": false, "DROP_5_PLUS": false, "DROP_10_PLUS": false }, "geometry": { "type": "Point", "coordinates": [ 103.858, 2.47664 ] } },
{ "type": "Feature", "properties": { "STATION_ID": "MMJR002", "STATION_ID_TYPE": "MODERN", "STATE_NAME": "Johor", "STATION_LOCATION": "Babi Tengah", "CATEGORY": "Island", "STATION_STATUS": 1.0, "LATITUDE": 2.47549, "LONGITUDE": 103.955, "STATE_NAME_MWQI": "Johor", "STATION_LOCATION_MWQI": "Babi Tengah", "CATEGORY_MWQI": "Island", "LATEST_MWQI": 96.0, "LATEST_CLASS": "Excellent", "MWQI_2021": 93.0, "MWQI_2022": 97.0, "MWQI_2023": 97.0, "MWQI_2024": 97.0, "MWQI_2025": 96.0, "CHANGE_1Y": -1.0, "CHANGE_5Y": 3.0, "MEAN_5Y": 96.0, "MIN_5Y": 93.0, "TREND_SLOPE_5Y": 0.60000000000000864, "TREND_DIRECTION": "Improving", "CURRENT_POOR": false, "CURRENT_MODERATE": false, "DECLINING_5Y": false, "DROP_5_PLUS": false, "DROP_10_PLUS": false }, "geometry": { "type": "Point", "coordinates": [ 103.955, 2.47549 ] } },
{ "type": "Feature", "properties": { "STATION_ID": "MMJM001", "STATION_ID_TYPE": "MODERN", "STATE_NAME": "Johor", "STATION_LOCATION": "Dayang", "CATEGORY": "Island", "STATION_STATUS": 1.0, "LATITUDE": 2.47022, "LONGITUDE": 104.504, "STATE_NAME_MWQI": "Johor", "STATION_LOCATION_MWQI": "Dayang", "CATEGORY_MWQI": "Island", "LATEST_MWQI": 97.0, "LATEST_CLASS": "Excellent", "MWQI_2021": 95.0, "MWQI_2022": 93.0, "MWQI_2023": 97.0, "MWQI_2024": 96.0, "MWQI_2025": 97.0, "CHANGE_1Y": 1.0, "CHANGE_5Y": 2.0, "MEAN_5Y": 95.6, "MIN_5Y": 93.0, "TREND_SLOPE_5Y": 0.69999999999985774, "TREND_DIRECTION": "Improving", "CURRENT_POOR": false, "CURRENT_MODERATE": false, "DECLINING_5Y": false, "DROP_5_PLUS": false, "DROP_10_PLUS": false }, "geometry": { "type": "Point", "coordinates": [ 104.504, 2.47022 ] } },
{ "type": "Feature", "properties": { "STATION_ID": "MMJM002", "STATION_ID_TYPE": "MODERN", "STATE_NAME": "Johor", "STATION_LOCATION": "Nanga Besar", "CATEGORY": "Island", "STATION_STATUS": 1.0, "LATITUDE": 2.27064, "LONGITUDE": 104.129, "STATE_NAME_MWQI": "Johor", "STATION_LOCATION_MWQI": "Nanga Besar", "CATEGORY_MWQI": "Island", "LATEST_MWQI": 93.0, "LATEST_CLASS": "Excellent", "MWQI_2021": 78.0, "MWQI_2022": 94.0, "MWQI_2023": 97.0, "MWQI_2024": 97.0, "MWQI_2025": 93.0, "CHANGE_1Y": -4.0, "CHANGE_5Y": 15.0, "MEAN_5Y": 91.8, "MIN_5Y": 78.0, "TREND_SLOPE_5Y": 3.2999999999998963, "TREND_DIRECTION": "Improving", "CURRENT_POOR": false, "CURRENT_MODERATE": false, "DECLINING_5Y": false, "DROP_5_PLUS": false, "DROP_10_PLUS": false }, "geometry": { "type": "Point", "coordinates": [ 104.129, 2.27064 ] } },
{ "type": "Feature", "properties": { "STATION_ID": "MMJM003", "STATION_ID_TYPE": "MODERN", "STATE_NAME": "Johor", "STATION_LOCATION": "Sibu Tengah", "CATEGORY": "Island", "STATION_STATUS": 1.0, "LATITUDE": 2.18192, "LONGITUDE": 104.096, "STATE_NAME_MWQI": "Johor", "STATION_LOCATION_MWQI": "Sibu Tengah", "CATEGORY_MWQI": "Island", "LATEST_MWQI": 94.0, "LATEST_CLASS": "Excellent", "MWQI_2021": 96.0, "MWQI_2022": 96.0, "MWQI_2023": 97.0, "MWQI_2024": 96.0, "MWQI_2025": 94.0, "CHANGE_1Y": -2.0, "CHANGE_5Y": -2.0, "MEAN_5Y": 95.8, "MIN_5Y": 94.0, "TREND_SLOPE_5Y": -0.39999999999993718, "TREND_DIRECTION": "Stable", "CURRENT_POOR": false, "CURRENT_MODERATE": false, "DECLINING_5Y": false, "DROP_5_PLUS": false, "DROP_10_PLUS": false }, "geometry": { "type": "Point", "coordinates": [ 104.096, 2.18192 ] } },
{ "type": "Feature", "properties": { "STATION_ID": "MMJM004", "STATION_ID_TYPE": "MODERN", "STATE_NAME": "Johor", "STATION_LOCATION": "Pemanggil", "CATEGORY": "Island", "STATION_STATUS": 1.0, "LATITUDE": 2.56908, "LONGITUDE": 104.326, "STATE_NAME_MWQI": "Johor", "STATION_LOCATION_MWQI": "Pemanggil", "CATEGORY_MWQI": "Island", "LATEST_MWQI": 93.0, "LATEST_CLASS": "Excellent", "MWQI_2021": 94.0, "MWQI_2022": 95.0, "MWQI_2023": 96.0, "MWQI_2024": 96.0, "MWQI_2025": 93.0, "CHANGE_1Y": -3.0, "CHANGE_5Y": -1.0, "MEAN_5Y": 94.8, "MIN_5Y": 93.0, "TREND_SLOPE_5Y": -0.099999999999976691, "TREND_DIRECTION": "Stable", "CURRENT_POOR": false, "CURRENT_MODERATE": false, "DECLINING_5Y": false, "DROP_5_PLUS": false, "DROP_10_PLUS": false }, "geometry": { "type": "Point", "coordinates": [ 104.326, 2.56908 ] } },
{ "type": "Feature", "properties": { "STATION_ID": "MMJP001", "STATION_ID_TYPE": "MODERN", "STATE_NAME": "Johor", "STATION_LOCATION": "Kukup", "CATEGORY": "Island", "STATION_STATUS": 1.0, "LATITUDE": 1.32831, "LONGITUDE": 103.437, "STATE_NAME_MWQI": "Johor", "STATION_LOCATION_MWQI": "Kukup", "CATEGORY_MWQI": "Island", "LATEST_MWQI": 84.0, "LATEST_CLASS": "Good", "MWQI_2021": 70.0, "MWQI_2022": 89.0, "MWQI_2023": 73.0, "MWQI_2024": 86.0, "MWQI_2025": 84.0, "CHANGE_1Y": -2.0, "CHANGE_5Y": 14.0, "MEAN_5Y": 80.4, "MIN_5Y": 70.0, "TREND_SLOPE_5Y": 2.4999999999999427, "TREND_DIRECTION": "Improving", "CURRENT_POOR": false, "CURRENT_MODERATE": false, "DECLINING_5Y": false, "DROP_5_PLUS": false, "DROP_10_PLUS": false }, "geometry": { "type": "Point", "coordinates": [ 103.437, 1.32831 ] } },
{ "type": "Feature", "properties": { "STATION_ID": "MMJP002", "STATION_ID_TYPE": "MODERN", "STATE_NAME": "Johor", "STATION_LOCATION": "Pisang", "CATEGORY": "Island", "STATION_STATUS": 1.0, "LATITUDE": 1.46828, "LONGITUDE": 103.263, "STATE_NAME_MWQI": "Johor", "STATION_LOCATION_MWQI": "Pisang", "CATEGORY_MWQI": "Island", "LATEST_MWQI": 88.0, "LATEST_CLASS": "Good", "MWQI_2021": 86.0, "MWQI_2022": 90.0, "MWQI_2023": 92.0, "MWQI_2024": 95.0, "MWQI_2025": 88.0, "CHANGE_1Y": -7.0, "CHANGE_5Y": 2.0, "MEAN_5Y": 90.2, "MIN_5Y": 86.0, "TREND_SLOPE_5Y": 0.89999999999985802, "TREND_DIRECTION": "Improving", "CURRENT_POOR": false, "CURRENT_MODERATE": false, "DECLINING_5Y": false, "DROP_5_PLUS": false, "DROP_10_PLUS": false }, "geometry": { "type": "Point", "coordinates": [ 103.263, 1.46828 ] } },
{ "type": "Feature", "properties": { "STATION_ID": "MMCM001", "STATION_ID_TYPE": "MODERN", "STATE_NAME": "Pahang", "STATION_LOCATION": "Tioman (Teluk Salang)", "CATEGORY": "Island", "STATION_STATUS": 1.0, "LATITUDE": 2.775, "LONGITUDE": 104.117, "STATE_NAME_MWQI": "Pahang", "STATION_LOCATION_MWQI": "Pulau Tioman (Kg. Genting)", "CATEGORY_MWQI": "Island", "LATEST_MWQI": 96.0, "LATEST_CLASS": "Excellent", "MWQI_2021": 96.0, "MWQI_2022": 96.0, "MWQI_2023": 97.0, "MWQI_2024": 96.0, "MWQI_2025": 96.0, "CHANGE_1Y": 0.0, "CHANGE_5Y": 0.0, "MEAN_5Y": 96.2, "MIN_5Y": 96.0, "TREND_SLOPE_5Y": 1.7909995837724238e-14, "TREND_DIRECTION": "Stable", "CURRENT_POOR": false, "CURRENT_MODERATE": false, "DECLINING_5Y": false, "DROP_5_PLUS": false, "DROP_10_PLUS": false }, "geometry": { "type": "Point", "coordinates": [ 104.117, 2.775 ] } },
{ "type": "Feature", "properties": { "STATION_ID": "MMCM002", "STATION_ID_TYPE": "MODERN", "STATE_NAME": "Pahang", "STATION_LOCATION": "Tioman (Kg. Nipah)", "CATEGORY": "Island", "STATION_STATUS": 1.0, "LATITUDE": 2.87637, "LONGITUDE": 104.152, "STATE_NAME_MWQI": "Pahang", "STATION_LOCATION_MWQI": "Pulau Tioman (Teluk Salang)", "CATEGORY_MWQI": "Island", "LATEST_MWQI": 96.0, "LATEST_CLASS": "Excellent", "MWQI_2021": 96.0, "MWQI_2022": 97.0, "MWQI_2023": 97.0, "MWQI_2024": 96.0, "MWQI_2025": 96.0, "CHANGE_1Y": 0.0, "CHANGE_5Y": 0.0, "MEAN_5Y": 96.4, "MIN_5Y": 96.0, "TREND_SLOPE_5Y": -0.099999999999933212, "TREND_DIRECTION": "Stable", "CURRENT_POOR": false, "CURRENT_MODERATE": false, "DECLINING_5Y": false, "DROP_5_PLUS": false, "DROP_10_PLUS": false }, "geometry": { "type": "Point", "coordinates": [ 104.152, 2.87637 ] } },
{ "type": "Feature", "properties": { "STATION_ID": "MMCM003", "STATION_ID_TYPE": "MODERN", "STATE_NAME": "Pahang", "STATION_LOCATION": "Tulai", "CATEGORY": "Island", "STATION_STATUS": 1.0, "LATITUDE": 2.90532, "LONGITUDE": 104.107, "STATE_NAME_MWQI": "Pahang", "STATION_LOCATION_MWQI": "Tulai", "CATEGORY_MWQI": "Island", "LATEST_MWQI": 96.0, "LATEST_CLASS": "Excellent", "MWQI_2021": 97.0, "MWQI_2022": 97.0, "MWQI_2023": 97.0, "MWQI_2024": 96.0, "MWQI_2025": 96.0, "CHANGE_1Y": 0.0, "CHANGE_5Y": -1.0, "MEAN_5Y": 96.6, "MIN_5Y": 96.0, "TREND_SLOPE_5Y": -0.29999999999993388, "TREND_DIRECTION": "Stable", "CURRENT_POOR": false, "CURRENT_MODERATE": false, "DECLINING_5Y": false, "DROP_5_PLUS": false, "DROP_10_PLUS": false }, "geometry": { "type": "Point", "coordinates": [ 104.107, 2.90532 ] } },
{ "type": "Feature", "properties": { "STATION_ID": "MMCM004", "STATION_ID_TYPE": "MODERN", "STATE_NAME": "Pahang", "STATION_LOCATION": "Labas", "CATEGORY": "Island", "STATION_STATUS": 1.0, "LATITUDE": 2.89506, "LONGITUDE": 104.047, "STATE_NAME_MWQI": "Pahang", "STATION_LOCATION_MWQI": "Labas", "CATEGORY_MWQI": "Island", "LATEST_MWQI": 97.0, "LATEST_CLASS": "Excellent", "MWQI_2021": 97.0, "MWQI_2022": 97.0, "MWQI_2023": 96.0, "MWQI_2024": 96.0, "MWQI_2025": 97.0, "CHANGE_1Y": 1.0, "CHANGE_5Y": 0.0, "MEAN_5Y": 96.6, "MIN_5Y": 96.0, "TREND_SLOPE_5Y": -0.099999999999961661, "TREND_DIRECTION": "Stable", "CURRENT_POOR": false, "CURRENT_MODERATE": false, "DECLINING_5Y": false, "DROP_5_PLUS": false, "DROP_10_PLUS": false }, "geometry": { "type": "Point", "coordinates": [ 104.047, 2.89506 ] } },
{ "type": "Feature", "properties": { "STATION_ID": "MMCM005", "STATION_ID_TYPE": "MODERN", "STATE_NAME": "Pahang", "STATION_LOCATION": "Cebeh", "CATEGORY": "Island", "STATION_STATUS": 1.0, "LATITUDE": 2.93018, "LONGITUDE": 104.099, "STATE_NAME_MWQI": "Pahang", "STATION_LOCATION_MWQI": "Cebeh", "CATEGORY_MWQI": "Island", "LATEST_MWQI": 97.0, "LATEST_CLASS": "Excellent", "MWQI_2021": 96.0, "MWQI_2022": 97.0, "MWQI_2023": 97.0, "MWQI_2024": 97.0, "MWQI_2025": 97.0, "CHANGE_1Y": 0.0, "CHANGE_5Y": 1.0, "MEAN_5Y": 96.8, "MIN_5Y": 96.0, "TREND_SLOPE_5Y": 0.2000000000000054, "TREND_DIRECTION": "Stable", "CURRENT_POOR": false, "CURRENT_MODERATE": false, "DECLINING_5Y": false, "DROP_5_PLUS": false, "DROP_10_PLUS": false }, "geometry": { "type": "Point", "coordinates": [ 104.099, 2.93018 ] } },
{ "type": "Feature", "properties": { "STATION_ID": "MMCM006", "STATION_ID_TYPE": "MODERN", "STATE_NAME": "Pahang", "STATION_LOCATION": "Sepui", "CATEGORY": "Island", "STATION_STATUS": 1.0, "LATITUDE": 2.88598, "LONGITUDE": 104.067, "STATE_NAME_MWQI": "Pahang", "STATION_LOCATION_MWQI": "Sepui", "CATEGORY_MWQI": "Island", "LATEST_MWQI": 96.0, "LATEST_CLASS": "Excellent", "MWQI_2021": 97.0, "MWQI_2022": 96.0, "MWQI_2023": 97.0, "MWQI_2024": 97.0, "MWQI_2025": 96.0, "CHANGE_1Y": -1.0, "CHANGE_5Y": -1.0, "MEAN_5Y": 96.6, "MIN_5Y": 96.0, "TREND_SLOPE_5Y": -0.10000000000001186, "TREND_DIRECTION": "Stable", "CURRENT_POOR": false, "CURRENT_MODERATE": false, "DECLINING_5Y": false, "DROP_5_PLUS": false, "DROP_10_PLUS": false }, "geometry": { "type": "Point", "coordinates": [ 104.067, 2.88598 ] } },
{ "type": "Feature", "properties": { "STATION_ID": "MMCM007", "STATION_ID_TYPE": "MODERN", "STATE_NAME": "Pahang", "STATION_LOCATION": "Sembilang", "CATEGORY": "Island", "STATION_STATUS": 1.0, "LATITUDE": 2.67006, "LONGITUDE": 103.91, "STATE_NAME_MWQI": "Pahang", "STATION_LOCATION_MWQI": "Sembilang", "CATEGORY_MWQI": "Island", "LATEST_MWQI": 97.0, "LATEST_CLASS": "Excellent", "MWQI_2021": 97.0, "MWQI_2022": 97.0, "MWQI_2023": 97.0, "MWQI_2024": 97.0, "MWQI_2025": 97.0, "CHANGE_1Y": 0.0, "CHANGE_5Y": 0.0, "MEAN_5Y": 97.0, "MIN_5Y": 97.0, "TREND_SLOPE_5Y": 1.5870362578864422e-15, "TREND_DIRECTION": "Stable", "CURRENT_POOR": false, "CURRENT_MODERATE": false, "DECLINING_5Y": false, "DROP_5_PLUS": false, "DROP_10_PLUS": false }, "geometry": { "type": "Point", "coordinates": [ 103.91, 2.67006 ] } },
{ "type": "Feature", "properties": { "STATION_ID": "MMCM008", "STATION_ID_TYPE": "MODERN", "STATE_NAME": "Pahang", "STATION_LOCATION": "Seri Buat", "CATEGORY": "Island", "STATION_STATUS": 1.0, "LATITUDE": 2.70019, "LONGITUDE": 103.898, "STATE_NAME_MWQI": "Pahang", "STATION_LOCATION_MWQI": "Seri Buat", "CATEGORY_MWQI": "Island", "LATEST_MWQI": 96.0, "LATEST_CLASS": "Excellent", "MWQI_2021": 97.0, "MWQI_2022": 97.0, "MWQI_2023": 97.0, "MWQI_2024": 96.0, "MWQI_2025": 96.0, "CHANGE_1Y": 0.0, "CHANGE_5Y": -1.0, "MEAN_5Y": 96.6, "MIN_5Y": 96.0, "TREND_SLOPE_5Y": -0.29999999999993388, "TREND_DIRECTION": "Stable", "CURRENT_POOR": false, "CURRENT_MODERATE": false, "DECLINING_5Y": false, "DROP_5_PLUS": false, "DROP_10_PLUS": false }, "geometry": { "type": "Point", "coordinates": [ 103.898, 2.70019 ] } },
{ "type": "Feature", "properties": { "STATION_ID": "MMCM009", "STATION_ID_TYPE": "MODERN", "STATE_NAME": "Pahang", "STATION_LOCATION": "Tokong Bahara", "CATEGORY": "Island", "STATION_STATUS": 1.0, "LATITUDE": 2.66424, "LONGITUDE": 104.065, "STATE_NAME_MWQI": "Pahang", "STATION_LOCATION_MWQI": "Tokong Bahara", "CATEGORY_MWQI": "Island", "LATEST_MWQI": 96.0, "LATEST_CLASS": "Excellent", "MWQI_2021": 95.0, "MWQI_2022": 97.0, "MWQI_2023": 97.0, "MWQI_2024": 95.0, "MWQI_2025": 96.0, "CHANGE_1Y": 1.0, "CHANGE_5Y": 1.0, "MEAN_5Y": 96.0, "MIN_5Y": 95.0, "TREND_SLOPE_5Y": 1.054545987721638e-13, "TREND_DIRECTION": "Stable", "CURRENT_POOR": false, "CURRENT_MODERATE": false, "DECLINING_5Y": false, "DROP_5_PLUS": false, "DROP_10_PLUS": false }, "geometry": { "type": "Point", "coordinates": [ 104.065, 2.66424 ] } },
{ "type": "Feature", "properties": { "STATION_ID": "MMTR001", "STATION_ID_TYPE": "MODERN", "STATE_NAME": "Terengganu", "STATION_LOCATION": "Gemia", "CATEGORY": "Island", "STATION_STATUS": 1.0, "LATITUDE": 5.23106, "LONGITUDE": 103.261, "STATE_NAME_MWQI": "Terengganu", "STATION_LOCATION_MWQI": "Gemia", "CATEGORY_MWQI": "Island", "LATEST_MWQI": 94.0, "LATEST_CLASS": "Excellent", "MWQI_2021": 94.0, "MWQI_2022": 97.0, "MWQI_2023": 97.0, "MWQI_2024": 97.0, "MWQI_2025": 94.0, "CHANGE_1Y": -3.0, "CHANGE_5Y": 0.0, "MEAN_5Y": 95.8, "MIN_5Y": 94.0, "TREND_SLOPE_5Y": 6.2308475921054813e-14, "TREND_DIRECTION": "Stable", "CURRENT_POOR": false, "CURRENT_MODERATE": false, "DECLINING_5Y": false, "DROP_5_PLUS": false, "DROP_10_PLUS": false }, "geometry": { "type": "Point", "coordinates": [ 103.261, 5.23106 ] } },
{ "type": "Feature", "properties": { "STATION_ID": "MMTM001", "STATION_ID_TYPE": "MODERN", "STATE_NAME": "Terengganu", "STATION_LOCATION": "Perhentian Besar (South)", "CATEGORY": "Island", "STATION_STATUS": 1.0, "LATITUDE": 5.89448, "LONGITUDE": 102.736, "STATE_NAME_MWQI": "Terengganu", "STATION_LOCATION_MWQI": "Perhentian Besar (South)", "CATEGORY_MWQI": "Island", "LATEST_MWQI": 97.0, "LATEST_CLASS": "Excellent", "MWQI_2021": 97.0, "MWQI_2022": 96.0, "MWQI_2023": 97.0, "MWQI_2024": 96.0, "MWQI_2025": 97.0, "CHANGE_1Y": 1.0, "CHANGE_5Y": 0.0, "MEAN_5Y": 96.6, "MIN_5Y": 96.0, "TREND_SLOPE_5Y": 1.7165810139331818e-15, "TREND_DIRECTION": "Stable", "CURRENT_POOR": false, "CURRENT_MODERATE": false, "DECLINING_5Y": false, "DROP_5_PLUS": false, "DROP_10_PLUS": false }, "geometry": { "type": "Point", "coordinates": [ 102.736, 5.89448 ] } },
{ "type": "Feature", "properties": { "STATION_ID": "MMTM002", "STATION_ID_TYPE": "MODERN", "STATE_NAME": "Terengganu", "STATION_LOCATION": "Perhentian Besar (West)", "CATEGORY": "Island", "STATION_STATUS": 1.0, "LATITUDE": 5.88931, "LONGITUDE": 102.751, "STATE_NAME_MWQI": "Terengganu", "STATION_LOCATION_MWQI": "Perhentian Besar (West)", "CATEGORY_MWQI": "Island", "LATEST_MWQI": 96.0, "LATEST_CLASS": "Excellent", "MWQI_2021": 96.0, "MWQI_2022": 97.0, "MWQI_2023": 97.0, "MWQI_2024": 97.0, "MWQI_2025": 96.0, "CHANGE_1Y": -1.0, "CHANGE_5Y": 0.0, "MEAN_5Y": 96.6, "MIN_5Y": 96.0, "TREND_SLOPE_5Y": 2.5026626107976864e-14, "TREND_DIRECTION": "Stable", "CURRENT_POOR": false, "CURRENT_MODERATE": false, "DECLINING_5Y": false, "DROP_5_PLUS": false, "DROP_10_PLUS": false }, "geometry": { "type": "Point", "coordinates": [ 102.751, 5.88931 ] } },
{ "type": "Feature", "properties": { "STATION_ID": "MMTM003", "STATION_ID_TYPE": "MODERN", "STATE_NAME": "Terengganu", "STATION_LOCATION": "Perhentian Kecil", "CATEGORY": "Island", "STATION_STATUS": 1.0, "LATITUDE": 5.91792, "LONGITUDE": 102.725, "STATE_NAME_MWQI": "Terengganu", "STATION_LOCATION_MWQI": "Perhentian Kecil", "CATEGORY_MWQI": "Island", "LATEST_MWQI": 96.0, "LATEST_CLASS": "Excellent", "MWQI_2021": 97.0, "MWQI_2022": 97.0, "MWQI_2023": 96.0, "MWQI_2024": 97.0, "MWQI_2025": 96.0, "CHANGE_1Y": -1.0, "CHANGE_5Y": -1.0, "MEAN_5Y": 96.6, "MIN_5Y": 96.0, "TREND_SLOPE_5Y": -0.19999999999998705, "TREND_DIRECTION": "Stable", "CURRENT_POOR": false, "CURRENT_MODERATE": false, "DECLINING_5Y": false, "DROP_5_PLUS": false, "DROP_10_PLUS": false }, "geometry": { "type": "Point", "coordinates": [ 102.725, 5.91792 ] } },
{ "type": "Feature", "properties": { "STATION_ID": "MMTM004", "STATION_ID_TYPE": "MODERN", "STATE_NAME": "Terengganu", "STATION_LOCATION": "Redang (North)", "CATEGORY": "Island", "STATION_STATUS": 1.0, "LATITUDE": 5.77561, "LONGITUDE": 103.037, "STATE_NAME_MWQI": "Terengganu", "STATION_LOCATION_MWQI": "Redang (North)", "CATEGORY_MWQI": "Island", "LATEST_MWQI": 96.0, "LATEST_CLASS": "Excellent", "MWQI_2021": 96.0, "MWQI_2022": 97.0, "MWQI_2023": 97.0, "MWQI_2024": 97.0, "MWQI_2025": 96.0, "CHANGE_1Y": -1.0, "CHANGE_5Y": 0.0, "MEAN_5Y": 96.6, "MIN_5Y": 96.0, "TREND_SLOPE_5Y": 2.5026626107976864e-14, "TREND_DIRECTION": "Stable", "CURRENT_POOR": false, "CURRENT_MODERATE": false, "DECLINING_5Y": false, "DROP_5_PLUS": false, "DROP_10_PLUS": false }, "geometry": { "type": "Point", "coordinates": [ 103.037, 5.77561 ] } },
{ "type": "Feature", "properties": { "STATION_ID": "MMTM005", "STATION_ID_TYPE": "MODERN", "STATE_NAME": "Terengganu", "STATION_LOCATION": "Redang (South)", "CATEGORY": "Island", "STATION_STATUS": 1.0, "LATITUDE": 5.75253, "LONGITUDE": 103.003, "STATE_NAME_MWQI": "Terengganu", "STATION_LOCATION_MWQI": "Redang (South)", "CATEGORY_MWQI": "Island", "LATEST_MWQI": 97.0, "LATEST_CLASS": "Excellent", "MWQI_2021": 96.0, "MWQI_2022": 97.0, "MWQI_2023": 97.0, "MWQI_2024": 96.0, "MWQI_2025": 97.0, "CHANGE_1Y": 1.0, "CHANGE_5Y": 1.0, "MEAN_5Y": 96.6, "MIN_5Y": 96.0, "TREND_SLOPE_5Y": 0.10000000000005091, "TREND_DIRECTION": "Stable", "CURRENT_POOR": false, "CURRENT_MODERATE": false, "DECLINING_5Y": false, "DROP_5_PLUS": false, "DROP_10_PLUS": false }, "geometry": { "type": "Point", "coordinates": [ 103.003, 5.75253 ] } },
{ "type": "Feature", "properties": { "STATION_ID": "MMTM006", "STATION_ID_TYPE": "MODERN", "STATE_NAME": "Terengganu", "STATION_LOCATION": "Lang Tengah", "CATEGORY": "Island", "STATION_STATUS": 1.0, "LATITUDE": 5.79247, "LONGITUDE": 102.89, "STATE_NAME_MWQI": "Terengganu", "STATION_LOCATION_MWQI": "Lang Tengah", "CATEGORY_MWQI": "Island", "LATEST_MWQI": 96.0, "LATEST_CLASS": "Excellent", "MWQI_2021": 97.0, "MWQI_2022": 97.0, "MWQI_2023": 97.0, "MWQI_2024": 97.0, "MWQI_2025": 96.0, "CHANGE_1Y": -1.0, "CHANGE_5Y": -1.0, "MEAN_5Y": 96.8, "MIN_5Y": 96.0, "TREND_SLOPE_5Y": -0.19999999999997572, "TREND_DIRECTION": "Stable", "CURRENT_POOR": false, "CURRENT_MODERATE": false, "DECLINING_5Y": false, "DROP_5_PLUS": false, "DROP_10_PLUS": false }, "geometry": { "type": "Point", "coordinates": [ 102.89, 5.79247 ] } },
{ "type": "Feature", "properties": { "STATION_ID": "MMTM007", "STATION_ID_TYPE": "MODERN", "STATE_NAME": "Terengganu", "STATION_LOCATION": "Pinang", "CATEGORY": "Island", "STATION_STATUS": 1.0, "LATITUDE": 5.74797, "LONGITUDE": 103.003, "STATE_NAME_MWQI": "Terengganu", "STATION_LOCATION_MWQI": "Pinang", "CATEGORY_MWQI": "Island", "LATEST_MWQI": 96.0, "LATEST_CLASS": "Excellent", "MWQI_2021": 96.0, "MWQI_2022": 97.0, "MWQI_2023": 97.0, "MWQI_2024": 97.0, "MWQI_2025": 96.0, "CHANGE_1Y": -1.0, "CHANGE_5Y": 0.0, "MEAN_5Y": 96.6, "MIN_5Y": 96.0, "TREND_SLOPE_5Y": 2.5026626107976864e-14, "TREND_DIRECTION": "Stable", "CURRENT_POOR": false, "CURRENT_MODERATE": false, "DECLINING_5Y": false, "DROP_5_PLUS": false, "DROP_10_PLUS": false }, "geometry": { "type": "Point", "coordinates": [ 103.003, 5.74797 ] } },
{ "type": "Feature", "properties": { "STATION_ID": "MMTM008", "STATION_ID_TYPE": "MODERN", "STATE_NAME": "Terengganu", "STATION_LOCATION": "Ekor Tebu", "CATEGORY": "Island", "STATION_STATUS": 1.0, "LATITUDE": 5.74044, "LONGITUDE": 103.029, "STATE_NAME_MWQI": "Terengganu", "STATION_LOCATION_MWQI": "Ekor Tebu", "CATEGORY_MWQI": "Island", "LATEST_MWQI": 95.0, "LATEST_CLASS": "Excellent", "MWQI_2021": 97.0, "MWQI_2022": 97.0, "MWQI_2023": 97.0, "MWQI_2024": 96.0, "MWQI_2025": 95.0, "CHANGE_1Y": -1.0, "CHANGE_5Y": -2.0, "MEAN_5Y": 96.4, "MIN_5Y": 95.0, "TREND_SLOPE_5Y": -0.4999999999999048, "TREND_DIRECTION": "Stable", "CURRENT_POOR": false, "CURRENT_MODERATE": false, "DECLINING_5Y": false, "DROP_5_PLUS": false, "DROP_10_PLUS": false }, "geometry": { "type": "Point", "coordinates": [ 103.029, 5.74044 ] } },
{ "type": "Feature", "properties": { "STATION_ID": "MMTM009", "STATION_ID_TYPE": "MODERN", "STATE_NAME": "Terengganu", "STATION_LOCATION": "Lima", "CATEGORY": "Island", "STATION_STATUS": 1.0, "LATITUDE": 5.76986, "LONGITUDE": 103.059, "STATE_NAME_MWQI": "Terengganu", "STATION_LOCATION_MWQI": "Lima", "CATEGORY_MWQI": "Island", "LATEST_MWQI": 97.0, "LATEST_CLASS": "Excellent", "MWQI_2021": 97.0, "MWQI_2022": 97.0, "MWQI_2023": 97.0, "MWQI_2024": 97.0, "MWQI_2025": 97.0, "CHANGE_1Y": 0.0, "CHANGE_5Y": 0.0, "MEAN_5Y": 97.0, "MIN_5Y": 97.0, "TREND_SLOPE_5Y": 1.5870362578864422e-15, "TREND_DIRECTION": "Stable", "CURRENT_POOR": false, "CURRENT_MODERATE": false, "DECLINING_5Y": false, "DROP_5_PLUS": false, "DROP_10_PLUS": false }, "geometry": { "type": "Point", "coordinates": [ 103.059, 5.76986 ] } },
{ "type": "Feature", "properties": { "STATION_ID": "MMTM010", "STATION_ID_TYPE": "MODERN", "STATE_NAME": "Terengganu", "STATION_LOCATION": "Kapas", "CATEGORY": "Island", "STATION_STATUS": 1.0, "LATITUDE": 5.21697, "LONGITUDE": 103.26, "STATE_NAME_MWQI": "Terengganu", "STATION_LOCATION_MWQI": "Kapas", "CATEGORY_MWQI": "Island", "LATEST_MWQI": 93.0, "LATEST_CLASS": "Excellent", "MWQI_2021": 96.0, "MWQI_2022": 97.0, "MWQI_2023": 97.0, "MWQI_2024": 96.0, "MWQI_2025": 93.0, "CHANGE_1Y": -3.0, "CHANGE_5Y": -3.0, "MEAN_5Y": 95.8, "MIN_5Y": 93.0, "TREND_SLOPE_5Y": -0.69999999999986673, "TREND_DIRECTION": "Declining", "CURRENT_POOR": false, "CURRENT_MODERATE": false, "DECLINING_5Y": true, "DROP_5_PLUS": false, "DROP_10_PLUS": false }, "geometry": { "type": "Point", "coordinates": [ 103.26, 5.21697 ] } },
{ "type": "Feature", "properties": { "STATION_ID": "MMDP001", "STATION_ID_TYPE": "MODERN", "STATE_NAME": "Kelantan", "STATION_LOCATION": "Panjang", "CATEGORY": "Island", "STATION_STATUS": 1.0, "LATITUDE": 6.207, "LONGITUDE": 102.258, "STATE_NAME_MWQI": "Kelantan", "STATION_LOCATION_MWQI": "Panjang", "CATEGORY_MWQI": "Island", "LATEST_MWQI": 92.0, "LATEST_CLASS": "Excellent", "MWQI_2021": 92.0, "MWQI_2022": 95.0, "MWQI_2023": 95.0, "MWQI_2024": 96.0, "MWQI_2025": 92.0, "CHANGE_1Y": -4.0, "CHANGE_5Y": 0.0, "MEAN_5Y": 94.0, "MIN_5Y": 92.0, "TREND_SLOPE_5Y": 0.10000000000002482, "TREND_DIRECTION": "Stable", "CURRENT_POOR": false, "CURRENT_MODERATE": false, "DECLINING_5Y": false, "DROP_5_PLUS": false, "DROP_10_PLUS": false }, "geometry": { "type": "Point", "coordinates": [ 102.258, 6.207 ] } },
{ "type": "Feature", "properties": { "STATION_ID": "MMDP002", "STATION_ID_TYPE": "MODERN", "STATE_NAME": "Kelantan", "STATION_LOCATION": "Kundur", "CATEGORY": "Island", "STATION_STATUS": 1.0, "LATITUDE": 6.18946, "LONGITUDE": 102.292, "STATE_NAME_MWQI": "Kelantan", "STATION_LOCATION_MWQI": "Kundur", "CATEGORY_MWQI": "Island", "LATEST_MWQI": 95.0, "LATEST_CLASS": "Excellent", "MWQI_2021": 92.0, "MWQI_2022": 96.0, "MWQI_2023": 95.0, "MWQI_2024": 96.0, "MWQI_2025": 95.0, "CHANGE_1Y": -1.0, "CHANGE_5Y": 3.0, "MEAN_5Y": 94.8, "MIN_5Y": 92.0, "TREND_SLOPE_5Y": 0.6, "TREND_DIRECTION": "Improving", "CURRENT_POOR": false, "CURRENT_MODERATE": false, "DECLINING_5Y": false, "DROP_5_PLUS": false, "DROP_10_PLUS": false }, "geometry": { "type": "Point", "coordinates": [ 102.292, 6.18946 ] } },
{ "type": "Feature", "properties": { "STATION_ID": "MMQP001", "STATION_ID_TYPE": "MODERN", "STATE_NAME": "Sarawak", "STATION_LOCATION": "Satang", "CATEGORY": "Island", "STATION_STATUS": 1.0, "LATITUDE": 1.77766, "LONGITUDE": 110.165, "STATE_NAME_MWQI": "Sarawak", "STATION_LOCATION_MWQI": "Satang", "CATEGORY_MWQI": "Island", "LATEST_MWQI": 88.0, "LATEST_CLASS": "Good", "MWQI_2021": 86.0, "MWQI_2022": 89.0, "MWQI_2023": 81.0, "MWQI_2024": 78.0, "MWQI_2025": 88.0, "CHANGE_1Y": 10.0, "CHANGE_5Y": 2.0, "MEAN_5Y": 84.4, "MIN_5Y": 78.0, "TREND_SLOPE_5Y": -0.69999999999964524, "TREND_DIRECTION": "Declining", "CURRENT_POOR": false, "CURRENT_MODERATE": false, "DECLINING_5Y": true, "DROP_5_PLUS": false, "DROP_10_PLUS": false }, "geometry": { "type": "Point", "coordinates": [ 110.165, 1.77766 ] } },
{ "type": "Feature", "properties": { "STATION_ID": "MMQP002", "STATION_ID_TYPE": "MODERN", "STATE_NAME": "Sarawak", "STATION_LOCATION": "Talang-Talang Kecil", "CATEGORY": "Island", "STATION_STATUS": 1.0, "LATITUDE": 1.89347, "LONGITUDE": 109.767, "STATE_NAME_MWQI": "Sarawak", "STATION_LOCATION_MWQI": "Talang-Talang Kecil", "CATEGORY_MWQI": "Island", "LATEST_MWQI": 81.0, "LATEST_CLASS": "Good", "MWQI_2021": 93.0, "MWQI_2022": 86.0, "MWQI_2023": 84.0, "MWQI_2024": 59.0, "MWQI_2025": 81.0, "CHANGE_1Y": 22.0, "CHANGE_5Y": -12.0, "MEAN_5Y": 80.6, "MIN_5Y": 59.0, "TREND_SLOPE_5Y": -5.0999999999987704, "TREND_DIRECTION": "Declining", "CURRENT_POOR": false, "CURRENT_MODERATE": false, "DECLINING_5Y": true, "DROP_5_PLUS": true, "DROP_10_PLUS": true }, "geometry": { "type": "Point", "coordinates": [ 109.767, 1.89347 ] } },
{ "type": "Feature", "properties": { "STATION_ID": "MMQP003", "STATION_ID_TYPE": "MODERN", "STATE_NAME": "Sarawak", "STATION_LOCATION": "Talang-Talang Besar", "CATEGORY": "Island", "STATION_STATUS": 1.0, "LATITUDE": 1.91103, "LONGITUDE": 109.777, "STATE_NAME_MWQI": "Sarawak", "STATION_LOCATION_MWQI": "Talang-Talang Besar", "CATEGORY_MWQI": "Island", "LATEST_MWQI": 78.0, "LATEST_CLASS": "Moderate", "MWQI_2021": 93.0, "MWQI_2022": 80.0, "MWQI_2023": 60.0, "MWQI_2024": 62.0, "MWQI_2025": 78.0, "CHANGE_1Y": 16.0, "CHANGE_5Y": -15.0, "MEAN_5Y": 74.6, "MIN_5Y": 60.0, "TREND_SLOPE_5Y": -4.7999999999994616, "TREND_DIRECTION": "Declining", "CURRENT_POOR": false, "CURRENT_MODERATE": true, "DECLINING_5Y": true, "DROP_5_PLUS": true, "DROP_10_PLUS": true }, "geometry": { "type": "Point", "coordinates": [ 109.777, 1.91103 ] } },
{ "type": "Feature", "properties": { "STATION_ID": "MMSR001", "STATION_ID_TYPE": "MODERN", "STATE_NAME": "Sabah", "STATION_LOCATION": "Gaya", "CATEGORY": "Island", "STATION_STATUS": 1.0, "LATITUDE": 6.01346, "LONGITUDE": 116.051, "STATE_NAME_MWQI": "Sabah", "STATION_LOCATION_MWQI": "Gaya", "CATEGORY_MWQI": "Island", "LATEST_MWQI": 85.0, "LATEST_CLASS": "Good", "MWQI_2021": 72.0, "MWQI_2022": 58.0, "MWQI_2023": 58.0, "MWQI_2024": 71.0, "MWQI_2025": 85.0, "CHANGE_1Y": 14.0, "CHANGE_5Y": 13.0, "MEAN_5Y": 68.8, "MIN_5Y": 58.0, "TREND_SLOPE_5Y": 3.8999999999989101, "TREND_DIRECTION": "Improving", "CURRENT_POOR": false, "CURRENT_MODERATE": false, "DECLINING_5Y": false, "DROP_5_PLUS": false, "DROP_10_PLUS": false }, "geometry": { "type": "Point", "coordinates": [ 116.051, 6.01346 ] } },
{ "type": "Feature", "properties": { "STATION_ID": "MMSR002", "STATION_ID_TYPE": "MODERN", "STATE_NAME": "Sabah", "STATION_LOCATION": "Mabul", "CATEGORY": "Island", "STATION_STATUS": 1.0, "LATITUDE": 4.24877, "LONGITUDE": 118.633, "STATE_NAME_MWQI": "Sabah", "STATION_LOCATION_MWQI": "Mabul", "CATEGORY_MWQI": "Island", "LATEST_MWQI": 60.0, "LATEST_CLASS": "Moderate", "MWQI_2021": 71.0, "MWQI_2022": 74.0, "MWQI_2023": 59.0, "MWQI_2024": 58.0, "MWQI_2025": 60.0, "CHANGE_1Y": 2.0, "CHANGE_5Y": -11.0, "MEAN_5Y": 64.4, "MIN_5Y": 58.0, "TREND_SLOPE_5Y": -3.7999999999992475, "TREND_DIRECTION": "Declining", "CURRENT_POOR": false, "CURRENT_MODERATE": true, "DECLINING_5Y": true, "DROP_5_PLUS": true, "DROP_10_PLUS": true }, "geometry": { "type": "Point", "coordinates": [ 118.633, 4.24877 ] } },
{ "type": "Feature", "properties": { "STATION_ID": "MMSR003", "STATION_ID_TYPE": "MODERN", "STATE_NAME": "Sabah", "STATION_LOCATION": "Sipadan (N)", "CATEGORY": "Island", "STATION_STATUS": 1.0, "LATITUDE": 4.11766, "LONGITUDE": 118.628, "STATE_NAME_MWQI": "Sabah", "STATION_LOCATION_MWQI": "Sipadan (N)", "CATEGORY_MWQI": "Island", "LATEST_MWQI": 75.0, "LATEST_CLASS": "Moderate", "MWQI_2021": 66.0, "MWQI_2022": 86.0, "MWQI_2023": 58.0, "MWQI_2024": 71.0, "MWQI_2025": 75.0, "CHANGE_1Y": 4.0, "CHANGE_5Y": 9.0, "MEAN_5Y": 71.2, "MIN_5Y": 58.0, "TREND_SLOPE_5Y": 0.30000000000039828, "TREND_DIRECTION": "Stable", "CURRENT_POOR": false, "CURRENT_MODERATE": true, "DECLINING_5Y": false, "DROP_5_PLUS": false, "DROP_10_PLUS": false }, "geometry": { "type": "Point", "coordinates": [ 118.628, 4.11766 ] } },
{ "type": "Feature", "properties": { "STATION_ID": "MMSR004", "STATION_ID_TYPE": "MODERN", "STATE_NAME": "Sabah", "STATION_LOCATION": "Sipadan (W)", "CATEGORY": "Island", "STATION_STATUS": 1.0, "LATITUDE": 4.11417, "LONGITUDE": 118.626, "STATE_NAME_MWQI": "Sabah", "STATION_LOCATION_MWQI": "Sipadan (W)", "CATEGORY_MWQI": "Island", "LATEST_MWQI": 86.0, "LATEST_CLASS": "Good", "MWQI_2021": 61.0, "MWQI_2022": 62.0, "MWQI_2023": 62.0, "MWQI_2024": 67.0, "MWQI_2025": 86.0, "CHANGE_1Y": 19.0, "CHANGE_5Y": 25.0, "MEAN_5Y": 67.6, "MIN_5Y": 61.0, "TREND_SLOPE_5Y": 5.4999999999992575, "TREND_DIRECTION": "Improving", "CURRENT_POOR": false, "CURRENT_MODERATE": false, "DECLINING_5Y": false, "DROP_5_PLUS": false, "DROP_10_PLUS": false }, "geometry": { "type": "Point", "coordinates": [ 118.626, 4.11417 ] } },
{ "type": "Feature", "properties": { "STATION_ID": "MMSM001", "STATION_ID_TYPE": "MODERN", "STATE_NAME": "Sabah", "STATION_LOCATION": "Sapi", "CATEGORY": "Island", "STATION_STATUS": 1.0, "LATITUDE": 6.00727, "LONGITUDE": 116.01, "STATE_NAME_MWQI": "Sabah", "STATION_LOCATION_MWQI": "Sapi", "CATEGORY_MWQI": "Island", "LATEST_MWQI": 86.0, "LATEST_CLASS": "Good", "MWQI_2021": 81.0, "MWQI_2022": 58.0, "MWQI_2023": 59.0, "MWQI_2024": 69.0, "MWQI_2025": 86.0, "CHANGE_1Y": 17.0, "CHANGE_5Y": 5.0, "MEAN_5Y": 70.6, "MIN_5Y": 58.0, "TREND_SLOPE_5Y": 2.0999999999990062, "TREND_DIRECTION": "Improving", "CURRENT_POOR": false, "CURRENT_MODERATE": false, "DECLINING_5Y": false, "DROP_5_PLUS": false, "DROP_10_PLUS": false }, "geometry": { "type": "Point", "coordinates": [ 116.01, 6.00727 ] } },
{ "type": "Feature", "properties": { "STATION_ID": "MMSR005", "STATION_ID_TYPE": "MODERN", "STATE_NAME": "Sabah", "STATION_LOCATION": "Manukan", "CATEGORY": "Island", "STATION_STATUS": 1.0, "LATITUDE": 5.97335, "LONGITUDE": 116.005, "STATE_NAME_MWQI": "Sabah", "STATION_LOCATION_MWQI": "Manukan", "CATEGORY_MWQI": "Island", "LATEST_MWQI": 86.0, "LATEST_CLASS": "Good", "MWQI_2021": 86.0, "MWQI_2022": 57.0, "MWQI_2023": 59.0, "MWQI_2024": 62.0, "MWQI_2025": 86.0, "CHANGE_1Y": 24.0, "CHANGE_5Y": 0.0, "MEAN_5Y": 70.0, "MIN_5Y": 57.0, "TREND_SLOPE_5Y": 0.49999999999926703, "TREND_DIRECTION": "Stable", "CURRENT_POOR": false, "CURRENT_MODERATE": false, "DECLINING_5Y": false, "DROP_5_PLUS": false, "DROP_10_PLUS": false }, "geometry": { "type": "Point", "coordinates": [ 116.005, 5.97335 ] } },
{ "type": "Feature", "properties": { "STATION_ID": "MMSR006", "STATION_ID_TYPE": "MODERN", "STATE_NAME": "Sabah", "STATION_LOCATION": "Tiga", "CATEGORY": "Island", "STATION_STATUS": 1.0, "LATITUDE": 5.71661, "LONGITUDE": 115.651, "STATE_NAME_MWQI": "Sabah", "STATION_LOCATION_MWQI": "Tiga", "CATEGORY_MWQI": "Island", "LATEST_MWQI": 89.0, "LATEST_CLASS": "Good", "MWQI_2021": 58.0, "MWQI_2022": 61.0, "MWQI_2023": 71.0, "MWQI_2024": 59.0, "MWQI_2025": 89.0, "CHANGE_1Y": 30.0, "CHANGE_5Y": 31.0, "MEAN_5Y": 67.6, "MIN_5Y": 58.0, "TREND_SLOPE_5Y": 5.9999999999996021, "TREND_DIRECTION": "Improving", "CURRENT_POOR": false, "CURRENT_MODERATE": false, "DECLINING_5Y": false, "DROP_5_PLUS": false, "DROP_10_PLUS": false }, "geometry": { "type": "Point", "coordinates": [ 115.651, 5.71661 ] } },
{ "type": "Feature", "properties": { "STATION_ID": "MMSM002", "STATION_ID_TYPE": "MODERN", "STATE_NAME": "Sabah", "STATION_LOCATION": "Kalampunian Besar", "CATEGORY": "Island", "STATION_STATUS": 1.0, "LATITUDE": 5.74821, "LONGITUDE": 115.676, "STATE_NAME_MWQI": "Sabah", "STATION_LOCATION_MWQI": "Kalampunian Besar", "CATEGORY_MWQI": "Island", "LATEST_MWQI": 87.0, "LATEST_CLASS": "Good", "MWQI_2021": 58.0, "MWQI_2022": 64.0, "MWQI_2023": 60.0, "MWQI_2024": 58.0, "MWQI_2025": 87.0, "CHANGE_1Y": 29.0, "CHANGE_5Y": 29.0, "MEAN_5Y": 65.4, "MIN_5Y": 58.0, "TREND_SLOPE_5Y": 5.1999999999996538, "TREND_DIRECTION": "Improving", "CURRENT_POOR": false, "CURRENT_MODERATE": false, "DECLINING_5Y": false, "DROP_5_PLUS": false, "DROP_10_PLUS": false }, "geometry": { "type": "Point", "coordinates": [ 115.676, 5.74821 ] } },
{ "type": "Feature", "properties": { "STATION_ID": "MMSR007", "STATION_ID_TYPE": "MODERN", "STATE_NAME": "Sabah", "STATION_LOCATION": "Kapalai", "CATEGORY": "Island", "STATION_STATUS": 1.0, "LATITUDE": 4.22746, "LONGITUDE": 118.684, "STATE_NAME_MWQI": "Sabah", "STATION_LOCATION_MWQI": "Kapalai", "CATEGORY_MWQI": "Island", "LATEST_MWQI": 73.0, "LATEST_CLASS": "Moderate", "MWQI_2021": 77.0, "MWQI_2022": 69.0, "MWQI_2023": 63.0, "MWQI_2024": 58.0, "MWQI_2025": 73.0, "CHANGE_1Y": 15.0, "CHANGE_5Y": -4.0, "MEAN_5Y": 68.0, "MIN_5Y": 58.0, "TREND_SLOPE_5Y": -1.899999999999697, "TREND_DIRECTION": "Declining", "CURRENT_POOR": false, "CURRENT_MODERATE": true, "DECLINING_5Y": true, "DROP_5_PLUS": false, "DROP_10_PLUS": false }, "geometry": { "type": "Point", "coordinates": [ 118.684, 4.22746 ] } },
{ "type": "Feature", "properties": { "STATION_ID": "MMSR008", "STATION_ID_TYPE": "MODERN", "STATE_NAME": "Sabah", "STATION_LOCATION": "Molleangan Besar", "CATEGORY": "Island", "STATION_STATUS": 1.0, "LATITUDE": 7.08223, "LONGITUDE": 117.044, "STATE_NAME_MWQI": "Sabah", "STATION_LOCATION_MWQI": "Molleangan Besar", "CATEGORY_MWQI": "Island", "LATEST_MWQI": 73.0, "LATEST_CLASS": "Moderate", "MWQI_2021": 61.0, "MWQI_2022": 85.0, "MWQI_2023": 59.0, "MWQI_2024": 76.0, "MWQI_2025": 73.0, "CHANGE_1Y": -3.0, "CHANGE_5Y": 12.0, "MEAN_5Y": 70.8, "MIN_5Y": 59.0, "TREND_SLOPE_5Y": 1.5000000000001819, "TREND_DIRECTION": "Improving", "CURRENT_POOR": false, "CURRENT_MODERATE": true, "DECLINING_5Y": false, "DROP_5_PLUS": false, "DROP_10_PLUS": false }, "geometry": { "type": "Point", "coordinates": [ 117.044, 7.08223 ] } },
{ "type": "Feature", "properties": { "STATION_ID": "MMSR009", "STATION_ID_TYPE": "MODERN", "STATE_NAME": "Sabah", "STATION_LOCATION": "Banggi (South)", "CATEGORY": "Island", "STATION_STATUS": 1.0, "LATITUDE": 7.11169, "LONGITUDE": 117.088, "STATE_NAME_MWQI": "Sabah", "STATION_LOCATION_MWQI": "Banggi (South)", "CATEGORY_MWQI": "Island", "LATEST_MWQI": 81.0, "LATEST_CLASS": "Good", "MWQI_2021": 58.0, "MWQI_2022": 81.0, "MWQI_2023": 59.0, "MWQI_2024": 60.0, "MWQI_2025": 81.0, "CHANGE_1Y": 21.0, "CHANGE_5Y": 23.0, "MEAN_5Y": 67.8, "MIN_5Y": 58.0, "TREND_SLOPE_5Y": 2.5000000000004792, "TREND_DIRECTION": "Improving", "CURRENT_POOR": false, "CURRENT_MODERATE": false, "DECLINING_5Y": false, "DROP_5_PLUS": false, "DROP_10_PLUS": false }, "geometry": { "type": "Point", "coordinates": [ 117.088, 7.11169 ] } },
{ "type": "Feature", "properties": { "STATION_ID": "MMSR010", "STATION_ID_TYPE": "MODERN", "STATE_NAME": "Sabah", "STATION_LOCATION": "Banggi (East)", "CATEGORY": "Island", "STATION_STATUS": 1.0, "LATITUDE": 7.13697, "LONGITUDE": 117.107, "STATE_NAME_MWQI": "Sabah", "STATION_LOCATION_MWQI": "Banggi (East)", "CATEGORY_MWQI": "Island", "LATEST_MWQI": 77.0, "LATEST_CLASS": "Moderate", "MWQI_2021": 60.0, "MWQI_2022": 85.0, "MWQI_2023": 58.0, "MWQI_2024": 68.0, "MWQI_2025": 77.0, "CHANGE_1Y": 9.0, "CHANGE_5Y": 17.0, "MEAN_5Y": 69.6, "MIN_5Y": 58.0, "TREND_SLOPE_5Y": 1.7000000000004127, "TREND_DIRECTION": "Improving", "CURRENT_POOR": false, "CURRENT_MODERATE": true, "DECLINING_5Y": false, "DROP_5_PLUS": false, "DROP_10_PLUS": false }, "geometry": { "type": "Point", "coordinates": [ 117.107, 7.13697 ] } },
{ "type": "Feature", "properties": { "STATION_ID": "MMSR011", "STATION_ID_TYPE": "MODERN", "STATE_NAME": "Sabah", "STATION_LOCATION": "Balambangan", "CATEGORY": "Island", "STATION_STATUS": 1.0, "LATITUDE": 7.23201, "LONGITUDE": 116.913, "STATE_NAME_MWQI": "Sabah", "STATION_LOCATION_MWQI": "Balambangan", "CATEGORY_MWQI": "Island", "LATEST_MWQI": 85.0, "LATEST_CLASS": "Good", "MWQI_2021": 71.0, "MWQI_2022": 85.0, "MWQI_2023": 59.0, "MWQI_2024": 73.0, "MWQI_2025": 85.0, "CHANGE_1Y": 12.0, "CHANGE_5Y": 14.0, "MEAN_5Y": 74.6, "MIN_5Y": 59.0, "TREND_SLOPE_5Y": 1.6000000000000745, "TREND_DIRECTION": "Improving", "CURRENT_POOR": false, "CURRENT_MODERATE": false, "DECLINING_5Y": false, "DROP_5_PLUS": false, "DROP_10_PLUS": false }, "geometry": { "type": "Point", "coordinates": [ 116.913, 7.23201 ] } },
{ "type": "Feature", "properties": { "STATION_ID": "MMSP001", "STATION_ID_TYPE": "MODERN", "STATE_NAME": "Sabah", "STATION_LOCATION": "Selingan", "CATEGORY": "Island", "STATION_STATUS": 1.0, "LATITUDE": 6.17535, "LONGITUDE": 118.059, "STATE_NAME_MWQI": "Sabah", "STATION_LOCATION_MWQI": "Selingan", "CATEGORY_MWQI": "Island", "LATEST_MWQI": 87.0, "LATEST_CLASS": "Good", "MWQI_2021": 74.0, "MWQI_2022": 81.0, "MWQI_2023": 59.0, "MWQI_2024": 77.0, "MWQI_2025": 87.0, "CHANGE_1Y": 10.0, "CHANGE_5Y": 13.0, "MEAN_5Y": 75.6, "MIN_5Y": 59.0, "TREND_SLOPE_5Y": 2.1999999999996884, "TREND_DIRECTION": "Improving", "CURRENT_POOR": false, "CURRENT_MODERATE": false, "DECLINING_5Y": false, "DROP_5_PLUS": false, "DROP_10_PLUS": false }, "geometry": { "type": "Point", "coordinates": [ 118.059, 6.17535 ] } },
{ "type": "Feature", "properties": { "STATION_ID": "MMSP002", "STATION_ID_TYPE": "MODERN", "STATE_NAME": "Sabah", "STATION_LOCATION": "Gulisan", "CATEGORY": "Island", "STATION_STATUS": 1.0, "LATITUDE": 6.14957, "LONGITUDE": 118.056, "STATE_NAME_MWQI": "Sabah", "STATION_LOCATION_MWQI": "Gulisan", "CATEGORY_MWQI": "Island", "LATEST_MWQI": 77.0, "LATEST_CLASS": "Moderate", "MWQI_2021": 70.0, "MWQI_2022": 72.0, "MWQI_2023": 59.0, "MWQI_2024": 59.0, "MWQI_2025": 77.0, "CHANGE_1Y": 18.0, "CHANGE_5Y": 7.0, "MEAN_5Y": 67.4, "MIN_5Y": 59.0, "TREND_SLOPE_5Y": 0.10000000000022977, "TREND_DIRECTION": "Stable", "CURRENT_POOR": false, "CURRENT_MODERATE": true, "DECLINING_5Y": false, "DROP_5_PLUS": false, "DROP_10_PLUS": false }, "geometry": { "type": "Point", "coordinates": [ 118.056, 6.14957 ] } },
{ "type": "Feature", "properties": { "STATION_ID": "MMSP003", "STATION_ID_TYPE": "MODERN", "STATE_NAME": "Sabah", "STATION_LOCATION": "Bakungan Kecil", "CATEGORY": "Island", "STATION_STATUS": 1.0, "LATITUDE": 6.16391, "LONGITUDE": 118.109, "STATE_NAME_MWQI": "Sabah", "STATION_LOCATION_MWQI": "Bakungan Kecil", "CATEGORY_MWQI": "Island", "LATEST_MWQI": 84.0, "LATEST_CLASS": "Good", "MWQI_2021": 75.0, "MWQI_2022": 88.0, "MWQI_2023": 59.0, "MWQI_2024": 65.0, "MWQI_2025": 84.0, "CHANGE_1Y": 19.0, "CHANGE_5Y": 9.0, "MEAN_5Y": 74.2, "MIN_5Y": 59.0, "TREND_SLOPE_5Y": -0.49999999999941847, "TREND_DIRECTION": "Stable", "CURRENT_POOR": false, "CURRENT_MODERATE": false, "DECLINING_5Y": false, "DROP_5_PLUS": false, "DROP_10_PLUS": false }, "geometry": { "type": "Point", "coordinates": [ 118.109, 6.16391 ] } },
{ "type": "Feature", "properties": { "STATION_ID": "MMSR012", "STATION_ID_TYPE": "MODERN", "STATE_NAME": "Sabah", "STATION_LOCATION": "Mantanani Besar", "CATEGORY": "Island", "STATION_STATUS": 1.0, "LATITUDE": 6.70493, "LONGITUDE": 116.358, "STATE_NAME_MWQI": "Sabah", "STATION_LOCATION_MWQI": "Mantanani Besar", "CATEGORY_MWQI": "Island", "LATEST_MWQI": 71.0, "LATEST_CLASS": "Moderate", "MWQI_2021": 58.0, "MWQI_2022": 58.0, "MWQI_2023": 59.0, "MWQI_2024": 61.0, "MWQI_2025": 71.0, "CHANGE_1Y": 10.0, "CHANGE_5Y": 13.0, "MEAN_5Y": 61.4, "MIN_5Y": 58.0, "TREND_SLOPE_5Y": 2.8999999999996047, "TREND_DIRECTION": "Improving", "CURRENT_POOR": false, "CURRENT_MODERATE": true, "DECLINING_5Y": false, "DROP_5_PLUS": false, "DROP_10_PLUS": false }, "geometry": { "type": "Point", "coordinates": [ 116.358, 6.70493 ] } },
{ "type": "Feature", "properties": { "STATION_ID": "MMLM001", "STATION_ID_TYPE": "MODERN", "STATE_NAME": "Labuan", "STATION_LOCATION": "Kuraman", "CATEGORY": "Island", "STATION_STATUS": 1.0, "LATITUDE": 5.21875, "LONGITUDE": 115.14, "STATE_NAME_MWQI": "W.P. Labuan", "STATION_LOCATION_MWQI": "Kuraman", "CATEGORY_MWQI": "Island", "LATEST_MWQI": 87.0, "LATEST_CLASS": "Good", "MWQI_2021": 58.0, "MWQI_2022": 58.0, "MWQI_2023": 59.0, "MWQI_2024": 74.0, "MWQI_2025": 87.0, "CHANGE_1Y": 13.0, "CHANGE_5Y": 29.0, "MEAN_5Y": 67.2, "MIN_5Y": 58.0, "TREND_SLOPE_5Y": 7.3999999999987054, "TREND_DIRECTION": "Improving", "CURRENT_POOR": false, "CURRENT_MODERATE": false, "DECLINING_5Y": false, "DROP_5_PLUS": false, "DROP_10_PLUS": false }, "geometry": { "type": "Point", "coordinates": [ 115.14, 5.21875 ] } },
{ "type": "Feature", "properties": { "STATION_ID": "MMLM002", "STATION_ID_TYPE": "MODERN", "STATE_NAME": "Labuan", "STATION_LOCATION": "Rusukan Besar", "CATEGORY": "Island", "STATION_STATUS": 1.0, "LATITUDE": 5.19, "LONGITUDE": 115.142, "STATE_NAME_MWQI": "W.P. Labuan", "STATION_LOCATION_MWQI": "Rusukan Besar", "CATEGORY_MWQI": "Island", "LATEST_MWQI": 69.0, "LATEST_CLASS": "Moderate", "MWQI_2021": 58.0, "MWQI_2022": 64.0, "MWQI_2023": 59.0, "MWQI_2024": 73.0, "MWQI_2025": 69.0, "CHANGE_1Y": -4.0, "CHANGE_5Y": 11.0, "MEAN_5Y": 64.6, "MIN_5Y": 58.0, "TREND_SLOPE_5Y": 3.0999999999994237, "TREND_DIRECTION": "Improving", "CURRENT_POOR": false, "CURRENT_MODERATE": true, "DECLINING_5Y": false, "DROP_5_PLUS": false, "DROP_10_PLUS": false }, "geometry": { "type": "Point", "coordinates": [ 115.142, 5.19 ] } },
{ "type": "Feature", "properties": { "STATION_ID": "MMLM003", "STATION_ID_TYPE": "MODERN", "STATE_NAME": "Labuan", "STATION_LOCATION": "Rusukan Kecil", "CATEGORY": "Island", "STATION_STATUS": 1.0, "LATITUDE": 5.20178, "LONGITUDE": 115.148, "STATE_NAME_MWQI": "W.P. Labuan", "STATION_LOCATION_MWQI": "Rusukan Kecil", "CATEGORY_MWQI": "Island", "LATEST_MWQI": 65.0, "LATEST_CLASS": "Moderate", "MWQI_2021": 58.0, "MWQI_2022": 59.0, "MWQI_2023": 59.0, "MWQI_2024": 71.0, "MWQI_2025": 65.0, "CHANGE_1Y": -6.0, "CHANGE_5Y": 7.0, "MEAN_5Y": 62.4, "MIN_5Y": 58.0, "TREND_SLOPE_5Y": 2.5999999999993686, "TREND_DIRECTION": "Improving", "CURRENT_POOR": false, "CURRENT_MODERATE": true, "DECLINING_5Y": false, "DROP_5_PLUS": false, "DROP_10_PLUS": false }, "geometry": { "type": "Point", "coordinates": [ 115.148, 5.20178 ] } },
{ "type": "Feature", "properties": { "STATION_ID": "MMLD001", "STATION_ID_TYPE": "MODERN", "STATE_NAME": "Labuan", "STATION_LOCATION": "Pohon Batu", "CATEGORY": "Island", "STATION_STATUS": 1.0, "LATITUDE": 5.38053, "LONGITUDE": 115.229, "STATE_NAME_MWQI": "W.P. Labuan", "STATION_LOCATION_MWQI": "Pohon Batu", "CATEGORY_MWQI": "Island", "LATEST_MWQI": 79.0, "LATEST_CLASS": "Moderate", "MWQI_2021": 58.0, "MWQI_2022": 58.0, "MWQI_2023": 59.0, "MWQI_2024": 72.0, "MWQI_2025": 79.0, "CHANGE_1Y": 7.0, "CHANGE_5Y": 21.0, "MEAN_5Y": 65.2, "MIN_5Y": 58.0, "TREND_SLOPE_5Y": 5.5999999999989676, "TREND_DIRECTION": "Improving", "CURRENT_POOR": false, "CURRENT_MODERATE": true, "DECLINING_5Y": false, "DROP_5_PLUS": false, "DROP_10_PLUS": false }, "geometry": { "type": "Point", "coordinates": [ 115.229, 5.38053 ] } },
{ "type": "Feature", "properties": { "STATION_ID": "MMLD002", "STATION_ID_TYPE": "MODERN", "STATE_NAME": "Labuan", "STATION_LOCATION": "Water Front", "CATEGORY": "Island", "STATION_STATUS": 1.0, "LATITUDE": 5.27275, "LONGITUDE": 115.249, "STATE_NAME_MWQI": "W.P. Labuan", "STATION_LOCATION_MWQI": "Water Front", "CATEGORY_MWQI": "Island", "LATEST_MWQI": 83.0, "LATEST_CLASS": "Good", "MWQI_2021": 58.0, "MWQI_2022": 63.0, "MWQI_2023": 59.0, "MWQI_2024": 58.0, "MWQI_2025": 83.0, "CHANGE_1Y": 25.0, "CHANGE_5Y": 25.0, "MEAN_5Y": 64.2, "MIN_5Y": 58.0, "TREND_SLOPE_5Y": 4.4999999999996891, "TREND_DIRECTION": "Improving", "CURRENT_POOR": false, "CURRENT_MODERATE": false, "DECLINING_5Y": false, "DROP_5_PLUS": false, "DROP_10_PLUS": false }, "geometry": { "type": "Point", "coordinates": [ 115.249, 5.27275 ] } },
{ "type": "Feature", "properties": { "STATION_ID": "MMLD003", "STATION_ID_TYPE": "MODERN", "STATE_NAME": "Labuan", "STATION_LOCATION": "Lubuk Temiang", "CATEGORY": "Island", "STATION_STATUS": 1.0, "LATITUDE": 5.37187, "LONGITUDE": 115.248, "STATE_NAME_MWQI": "W.P. Labuan", "STATION_LOCATION_MWQI": "Lubuk Temiang", "CATEGORY_MWQI": "Island", "LATEST_MWQI": 83.0, "LATEST_CLASS": "Good", "MWQI_2021": 58.0, "MWQI_2022": 63.0, "MWQI_2023": 58.0, "MWQI_2024": 74.0, "MWQI_2025": 83.0, "CHANGE_1Y": 9.0, "CHANGE_5Y": 25.0, "MEAN_5Y": 67.2, "MIN_5Y": 58.0, "TREND_SLOPE_5Y": 6.0999999999990129, "TREND_DIRECTION": "Improving", "CURRENT_POOR": false, "CURRENT_MODERATE": false, "DECLINING_5Y": false, "DROP_5_PLUS": false, "DROP_10_PLUS": false }, "geometry": { "type": "Point", "coordinates": [ 115.248, 5.37187 ] } },
{ "type": "Feature", "properties": { "STATION_ID": "MMLD004", "STATION_ID_TYPE": "MODERN", "STATE_NAME": "Labuan", "STATION_LOCATION": "Ranca-Ranca", "CATEGORY": "Island", "STATION_STATUS": 1.0, "LATITUDE": 5.24192, "LONGITUDE": 115.24, "STATE_NAME_MWQI": "W.P. Labuan", "STATION_LOCATION_MWQI": "Ranca-Ranca", "CATEGORY_MWQI": "Island", "LATEST_MWQI": 78.0, "LATEST_CLASS": "Moderate", "MWQI_2021": 60.0, "MWQI_2022": 59.0, "MWQI_2023": 59.0, "MWQI_2024": 75.0, "MWQI_2025": 78.0, "CHANGE_1Y": 3.0, "CHANGE_5Y": 18.0, "MEAN_5Y": 66.2, "MIN_5Y": 59.0, "TREND_SLOPE_5Y": 5.1999999999989184, "TREND_DIRECTION": "Improving", "CURRENT_POOR": false, "CURRENT_MODERATE": true, "DECLINING_5Y": false, "DROP_5_PLUS": false, "DROP_10_PLUS": false }, "geometry": { "type": "Point", "coordinates": [ 115.24, 5.24192 ] } },
{ "type": "Feature", "properties": { "STATION_ID": "MMKC009", "STATION_ID_TYPE": "MODERN", "STATE_NAME": "Kedah", "STATION_LOCATION": "Pantai Beras Basah*", "CATEGORY": "Coastal", "STATION_STATUS": 1.0, "LATITUDE": 6.23086, "LONGITUDE": 99.718, "STATE_NAME_MWQI": "Kedah", "STATION_LOCATION_MWQI": "Pantai Beras Basah", "CATEGORY_MWQI": "Coastal", "LATEST_MWQI": 95.0, "LATEST_CLASS": "Excellent", "MWQI_2021": 92.0, "MWQI_2022": 96.0, "MWQI_2023": 96.0, "MWQI_2024": 96.0, "MWQI_2025": 95.0, "CHANGE_1Y": -1.0, "CHANGE_5Y": 3.0, "MEAN_5Y": 95.0, "MIN_5Y": 92.0, "TREND_SLOPE_5Y": 0.60000000000001019, "TREND_DIRECTION": "Improving", "CURRENT_POOR": false, "CURRENT_MODERATE": false, "DECLINING_5Y": false, "DROP_5_PLUS": false, "DROP_10_PLUS": false }, "geometry": { "type": "Point", "coordinates": [ 99.718, 6.23086 ] } },
{ "type": "Feature", "properties": { "STATION_ID": "MMPC015", "STATION_ID_TYPE": "MODERN", "STATE_NAME": "Pulau Pinang", "STATION_LOCATION": "Pantai Sungai Batu Ferringhi 3*", "CATEGORY": "Coastal", "STATION_STATUS": 1.0, "LATITUDE": 5.480744, "LONGITUDE": 100.253394, "STATE_NAME_MWQI": "P. Pinang", "STATION_LOCATION_MWQI": "Pantai Sungai Batu Ferringhi 3", "CATEGORY_MWQI": "Coastal", "LATEST_MWQI": 90.0, "LATEST_CLASS": "Excellent", "MWQI_2021": 86.0, "MWQI_2022": 92.0, "MWQI_2023": 92.0, "MWQI_2024": 91.0, "MWQI_2025": 90.0, "CHANGE_1Y": -1.0, "CHANGE_5Y": 4.0, "MEAN_5Y": 90.2, "MIN_5Y": 86.0, "TREND_SLOPE_5Y": 0.70000000000007967, "TREND_DIRECTION": "Improving", "CURRENT_POOR": false, "CURRENT_MODERATE": false, "DECLINING_5Y": false, "DROP_5_PLUS": false, "DROP_10_PLUS": false }, "geometry": { "type": "Point", "coordinates": [ 100.253394, 5.480744 ] } },
{ "type": "Feature", "properties": { "STATION_ID": "MMPC016", "STATION_ID_TYPE": "MODERN", "STATE_NAME": "Pulau Pinang", "STATION_LOCATION": "Pantai Sungai Batu Ferringhi 2*", "CATEGORY": "Coastal", "STATION_STATUS": 1.0, "LATITUDE": 5.47719, "LONGITUDE": 100.249, "STATE_NAME_MWQI": "P. Pinang", "STATION_LOCATION_MWQI": "Pantai Sungai Batu Ferringhi 2", "CATEGORY_MWQI": "Coastal", "LATEST_MWQI": 91.0, "LATEST_CLASS": "Excellent", "MWQI_2021": 90.0, "MWQI_2022": 94.0, "MWQI_2023": 94.0, "MWQI_2024": 93.0, "MWQI_2025": 91.0, "CHANGE_1Y": -2.0, "CHANGE_5Y": 1.0, "MEAN_5Y": 92.4, "MIN_5Y": 90.0, "TREND_SLOPE_5Y": 0.10000000000010052, "TREND_DIRECTION": "Stable", "CURRENT_POOR": false, "CURRENT_MODERATE": false, "DECLINING_5Y": false, "DROP_5_PLUS": false, "DROP_10_PLUS": false }, "geometry": { "type": "Point", "coordinates": [ 100.249, 5.47719 ] } },
{ "type": "Feature", "properties": { "STATION_ID": "MMPC017", "STATION_ID_TYPE": "MODERN", "STATE_NAME": "Pulau Pinang", "STATION_LOCATION": "Pantai Sungai Batu Ferringhi 1*", "CATEGORY": "Coastal", "STATION_STATUS": 1.0, "LATITUDE": 5.4728, "LONGITUDE": 100.244, "STATE_NAME_MWQI": "P. Pinang", "STATION_LOCATION_MWQI": "Pantai Sungai Batu Ferringhi 1", "CATEGORY_MWQI": "Coastal", "LATEST_MWQI": 93.0, "LATEST_CLASS": "Excellent", "MWQI_2021": 91.0, "MWQI_2022": 91.0, "MWQI_2023": 92.0, "MWQI_2024": 91.0, "MWQI_2025": 93.0, "CHANGE_1Y": 2.0, "CHANGE_5Y": 2.0, "MEAN_5Y": 91.6, "MIN_5Y": 91.0, "TREND_SLOPE_5Y": 0.39999999999998054, "TREND_DIRECTION": "Stable", "CURRENT_POOR": false, "CURRENT_MODERATE": false, "DECLINING_5Y": false, "DROP_5_PLUS": false, "DROP_10_PLUS": false }, "geometry": { "type": "Point", "coordinates": [ 100.244, 5.4728 ] } },
{ "type": "Feature", "properties": { "STATION_ID": "MMAC005", "STATION_ID_TYPE": "MODERN", "STATE_NAME": "Perak", "STATION_LOCATION": "Pantai Teluk Rubiah*", "CATEGORY": "Coastal", "STATION_STATUS": 1.0, "LATITUDE": 4.16016, "LONGITUDE": 100.622, "STATE_NAME_MWQI": "Perak", "STATION_LOCATION_MWQI": "Pantai Teluk Rubiah", "CATEGORY_MWQI": "Coastal", "LATEST_MWQI": 95.0, "LATEST_CLASS": "Excellent", "MWQI_2021": 90.0, "MWQI_2022": 81.0, "MWQI_2023": 88.0, "MWQI_2024": 96.0, "MWQI_2025": 95.0, "CHANGE_1Y": -1.0, "CHANGE_5Y": 5.0, "MEAN_5Y": 90.0, "MIN_5Y": 81.0, "TREND_SLOPE_5Y": 2.4999999999992064, "TREND_DIRECTION": "Improving", "CURRENT_POOR": false, "CURRENT_MODERATE": false, "DECLINING_5Y": false, "DROP_5_PLUS": false, "DROP_10_PLUS": false }, "geometry": { "type": "Point", "coordinates": [ 100.622, 4.16016 ] } },
{ "type": "Feature", "properties": { "STATION_ID": "MMAC006", "STATION_ID_TYPE": "MODERN", "STATE_NAME": "Perak", "STATION_LOCATION": "Pantai Damai Laut*", "CATEGORY": "Coastal", "STATION_STATUS": 1.0, "LATITUDE": 4.26412, "LONGITUDE": 100.589, "STATE_NAME_MWQI": "Perak", "STATION_LOCATION_MWQI": "Pantai Damai Laut", "CATEGORY_MWQI": "Coastal", "LATEST_MWQI": 91.0, "LATEST_CLASS": "Excellent", "MWQI_2021": 94.0, "MWQI_2022": 91.0, "MWQI_2023": 93.0, "MWQI_2024": 95.0, "MWQI_2025": 91.0, "CHANGE_1Y": -4.0, "CHANGE_5Y": -3.0, "MEAN_5Y": 92.8, "MIN_5Y": 91.0, "TREND_SLOPE_5Y": -0.20000000000012627, "TREND_DIRECTION": "Stable", "CURRENT_POOR": false, "CURRENT_MODERATE": false, "DECLINING_5Y": false, "DROP_5_PLUS": false, "DROP_10_PLUS": false }, "geometry": { "type": "Point", "coordinates": [ 100.589, 4.26412 ] } },
{ "type": "Feature", "properties": { "STATION_ID": "MMAC007", "STATION_ID_TYPE": "MODERN", "STATE_NAME": "Perak", "STATION_LOCATION": "Pantai Teluk Senangin*", "CATEGORY": "Coastal", "STATION_STATUS": 1.0, "LATITUDE": 4.29387, "LONGITUDE": 100.582, "STATE_NAME_MWQI": "Perak", "STATION_LOCATION_MWQI": "Pantai Teluk Senangin", "CATEGORY_MWQI": "Coastal", "LATEST_MWQI": 92.0, "LATEST_CLASS": "Excellent", "MWQI_2021": 90.0, "MWQI_2022": 93.0, "MWQI_2023": 95.0, "MWQI_2024": 95.0, "MWQI_2025": 92.0, "CHANGE_1Y": -3.0, "CHANGE_5Y": 2.0, "MEAN_5Y": 93.0, "MIN_5Y": 90.0, "TREND_SLOPE_5Y": 0.59999999999996434, "TREND_DIRECTION": "Improving", "CURRENT_POOR": false, "CURRENT_MODERATE": false, "DECLINING_5Y": false, "DROP_5_PLUS": false, "DROP_10_PLUS": false }, "geometry": { "type": "Point", "coordinates": [ 100.582, 4.29387 ] } },
{ "type": "Feature", "properties": { "STATION_ID": "MMBC005", "STATION_ID_TYPE": "MODERN", "STATE_NAME": "Selangor", "STATION_LOCATION": "Pantai Remis*", "CATEGORY": "Coastal", "STATION_STATUS": 1.0, "LATITUDE": 3.20073, "LONGITUDE": 101.302, "STATE_NAME_MWQI": "Selangor", "STATION_LOCATION_MWQI": "Pantai Remis", "CATEGORY_MWQI": "Coastal", "LATEST_MWQI": 80.0, "LATEST_CLASS": "Good", "MWQI_2021": 83.0, "MWQI_2022": 79.0, "MWQI_2023": 92.0, "MWQI_2024": 84.0, "MWQI_2025": 80.0, "CHANGE_1Y": -4.0, "CHANGE_5Y": -3.0, "MEAN_5Y": 83.6, "MIN_5Y": 79.0, "TREND_SLOPE_5Y": -0.10000000000002535, "TREND_DIRECTION": "Stable", "CURRENT_POOR": false, "CURRENT_MODERATE": false, "DECLINING_5Y": false, "DROP_5_PLUS": false, "DROP_10_PLUS": false }, "geometry": { "type": "Point", "coordinates": [ 101.302, 3.20073 ] } },
{ "type": "Feature", "properties": { "STATION_ID": "MMBC006", "STATION_ID_TYPE": "MODERN", "STATE_NAME": "Selangor", "STATION_LOCATION": "Pantai Klanang*", "CATEGORY": "Coastal", "STATION_STATUS": 1.0, "LATITUDE": 2.78927, "LONGITUDE": 101.409, "STATE_NAME_MWQI": "Selangor", "STATION_LOCATION_MWQI": "Pantai Klanang", "CATEGORY_MWQI": "Coastal", "LATEST_MWQI": 68.0, "LATEST_CLASS": "Moderate", "MWQI_2021": 74.0, "MWQI_2022": 69.0, "MWQI_2023": 82.0, "MWQI_2024": 66.0, "MWQI_2025": 68.0, "CHANGE_1Y": 2.0, "CHANGE_5Y": -6.0, "MEAN_5Y": 71.8, "MIN_5Y": 66.0, "TREND_SLOPE_5Y": -1.4999999999996407, "TREND_DIRECTION": "Declining", "CURRENT_POOR": false, "CURRENT_MODERATE": true, "DECLINING_5Y": true, "DROP_5_PLUS": true, "DROP_10_PLUS": false }, "geometry": { "type": "Point", "coordinates": [ 101.409, 2.78927 ] } },
{ "type": "Feature", "properties": { "STATION_ID": "MMNC013", "STATION_ID_TYPE": "MODERN", "STATE_NAME": "N. Sembilan", "STATION_LOCATION": "Pantai Teluk Kemang*", "CATEGORY": "Coastal", "STATION_STATUS": 1.0, "LATITUDE": 2.44777, "LONGITUDE": 101.854, "STATE_NAME_MWQI": "N. Sembilan", "STATION_LOCATION_MWQI": "Pantai Teluk Kemang", "CATEGORY_MWQI": "Coastal", "LATEST_MWQI": 94.0, "LATEST_CLASS": "Excellent", "MWQI_2021": 91.0, "MWQI_2022": 95.0, "MWQI_2023": 95.0, "MWQI_2024": 94.0, "MWQI_2025": 94.0, "CHANGE_1Y": 0.0, "CHANGE_5Y": 3.0, "MEAN_5Y": 93.8, "MIN_5Y": 91.0, "TREND_SLOPE_5Y": 0.50000000000005662, "TREND_DIRECTION": "Improving", "CURRENT_POOR": false, "CURRENT_MODERATE": false, "DECLINING_5Y": false, "DROP_5_PLUS": false, "DROP_10_PLUS": false }, "geometry": { "type": "Point", "coordinates": [ 101.854, 2.44777 ] } },
{ "type": "Feature", "properties": { "STATION_ID": "MMNC014", "STATION_ID_TYPE": "MODERN", "STATE_NAME": "N. Sembilan", "STATION_LOCATION": "Pantai Seri Purnama*", "CATEGORY": "Coastal", "STATION_STATUS": 1.0, "LATITUDE": 2.44313, "LONGITUDE": 101.855, "STATE_NAME_MWQI": "N. Sembilan", "STATION_LOCATION_MWQI": "Pantai Seri Purnama", "CATEGORY_MWQI": "Coastal", "LATEST_MWQI": 95.0, "LATEST_CLASS": "Excellent", "MWQI_2021": 92.0, "MWQI_2022": 96.0, "MWQI_2023": 92.0, "MWQI_2024": 95.0, "MWQI_2025": 95.0, "CHANGE_1Y": 0.0, "CHANGE_5Y": 3.0, "MEAN_5Y": 94.0, "MIN_5Y": 92.0, "TREND_SLOPE_5Y": 0.5, "TREND_DIRECTION": "Improving", "CURRENT_POOR": false, "CURRENT_MODERATE": false, "DECLINING_5Y": false, "DROP_5_PLUS": false, "DROP_10_PLUS": false }, "geometry": { "type": "Point", "coordinates": [ 101.855, 2.44313 ] } },
{ "type": "Feature", "properties": { "STATION_ID": "MMMC009", "STATION_ID_TYPE": "MODERN", "STATE_NAME": "Melaka", "STATION_LOCATION": "Pantai Klebang*", "CATEGORY": "Coastal", "STATION_STATUS": 1.0, "LATITUDE": 2.21607, "LONGITUDE": 102.191, "STATE_NAME_MWQI": "Melaka", "STATION_LOCATION_MWQI": "Pantai Klebang", "CATEGORY_MWQI": "Coastal", "LATEST_MWQI": 91.0, "LATEST_CLASS": "Excellent", "MWQI_2021": 87.0, "MWQI_2022": 89.0, "MWQI_2023": 88.0, "MWQI_2024": 85.0, "MWQI_2025": 91.0, "CHANGE_1Y": 6.0, "CHANGE_5Y": 4.0, "MEAN_5Y": 88.0, "MIN_5Y": 85.0, "TREND_SLOPE_5Y": 0.40000000000010422, "TREND_DIRECTION": "Stable", "CURRENT_POOR": false, "CURRENT_MODERATE": false, "DECLINING_5Y": false, "DROP_5_PLUS": false, "DROP_10_PLUS": false }, "geometry": { "type": "Point", "coordinates": [ 102.191, 2.21607 ] } },
{ "type": "Feature", "properties": { "STATION_ID": "MMJC025", "STATION_ID_TYPE": "MODERN", "STATE_NAME": "Johor", "STATION_LOCATION": "Pantai Penyabung*", "CATEGORY": "Coastal", "STATION_STATUS": 1.0, "LATITUDE": 2.64874, "LONGITUDE": 103.75, "STATE_NAME_MWQI": "Johor", "STATION_LOCATION_MWQI": "Pantai Penyabung", "CATEGORY_MWQI": "Coastal", "LATEST_MWQI": 95.0, "LATEST_CLASS": "Excellent", "MWQI_2021": 95.0, "MWQI_2022": 96.0, "MWQI_2023": 94.0, "MWQI_2024": 95.0, "MWQI_2025": 95.0, "CHANGE_1Y": 0.0, "CHANGE_5Y": 0.0, "MEAN_5Y": 95.0, "MIN_5Y": 94.0, "TREND_SLOPE_5Y": -0.099999999999963007, "TREND_DIRECTION": "Stable", "CURRENT_POOR": false, "CURRENT_MODERATE": false, "DECLINING_5Y": false, "DROP_5_PLUS": false, "DROP_10_PLUS": false }, "geometry": { "type": "Point", "coordinates": [ 103.75, 2.64874 ] } },
{ "type": "Feature", "properties": { "STATION_ID": "MMJC026", "STATION_ID_TYPE": "MODERN", "STATE_NAME": "Johor", "STATION_LOCATION": "Tanjung Resang*", "CATEGORY": "Coastal", "STATION_STATUS": 1.0, "LATITUDE": 2.57397, "LONGITUDE": 103.817, "STATE_NAME_MWQI": "Johor", "STATION_LOCATION_MWQI": "Tanjung Resang", "CATEGORY_MWQI": "Coastal", "LATEST_MWQI": 94.0, "LATEST_CLASS": "Excellent", "MWQI_2021": 92.0, "MWQI_2022": 94.0, "MWQI_2023": 94.0, "MWQI_2024": 95.0, "MWQI_2025": 94.0, "CHANGE_1Y": -1.0, "CHANGE_5Y": 2.0, "MEAN_5Y": 93.8, "MIN_5Y": 92.0, "TREND_SLOPE_5Y": 0.49999999999995809, "TREND_DIRECTION": "Stable", "CURRENT_POOR": false, "CURRENT_MODERATE": false, "DECLINING_5Y": false, "DROP_5_PLUS": false, "DROP_10_PLUS": false }, "geometry": { "type": "Point", "coordinates": [ 103.817, 2.57397 ] } },
{ "type": "Feature", "properties": { "STATION_ID": "MMJC027", "STATION_ID_TYPE": "MODERN", "STATE_NAME": "Johor", "STATION_LOCATION": "Tanjung Balau*", "CATEGORY": "Coastal", "STATION_STATUS": 1.0, "LATITUDE": 1.61269, "LONGITUDE": 104.261, "STATE_NAME_MWQI": "Johor", "STATION_LOCATION_MWQI": "Tanjung Balau", "CATEGORY_MWQI": "Coastal", "LATEST_MWQI": 94.0, "LATEST_CLASS": "Excellent", "MWQI_2021": 94.0, "MWQI_2022": 94.0, "MWQI_2023": 97.0, "MWQI_2024": 96.0, "MWQI_2025": 94.0, "CHANGE_1Y": -2.0, "CHANGE_5Y": 0.0, "MEAN_5Y": 95.0, "MIN_5Y": 94.0, "TREND_SLOPE_5Y": 0.19999999999996457, "TREND_DIRECTION": "Stable", "CURRENT_POOR": false, "CURRENT_MODERATE": false, "DECLINING_5Y": false, "DROP_5_PLUS": false, "DROP_10_PLUS": false }, "geometry": { "type": "Point", "coordinates": [ 104.261, 1.61269 ] } },
{ "type": "Feature", "properties": { "STATION_ID": "MMJC028", "STATION_ID_TYPE": "MODERN", "STATE_NAME": "Johor", "STATION_LOCATION": "Batu Layar*", "CATEGORY": "Coastal", "STATION_STATUS": 1.0, "LATITUDE": 1.44611, "LONGITUDE": 104.296, "STATE_NAME_MWQI": "Johor", "STATION_LOCATION_MWQI": "Batu Layar", "CATEGORY_MWQI": "Coastal", "LATEST_MWQI": 94.0, "LATEST_CLASS": "Excellent", "MWQI_2021": 92.0, "MWQI_2022": 95.0, "MWQI_2023": 97.0, "MWQI_2024": 96.0, "MWQI_2025": 94.0, "CHANGE_1Y": -2.0, "CHANGE_5Y": 2.0, "MEAN_5Y": 94.8, "MIN_5Y": 92.0, "TREND_SLOPE_5Y": 0.5, "TREND_DIRECTION": "Improving", "CURRENT_POOR": false, "CURRENT_MODERATE": false, "DECLINING_5Y": false, "DROP_5_PLUS": false, "DROP_10_PLUS": false }, "geometry": { "type": "Point", "coordinates": [ 104.296, 1.44611 ] } },
{ "type": "Feature", "properties": { "STATION_ID": "MMJC029", "STATION_ID_TYPE": "MODERN", "STATE_NAME": "Johor", "STATION_LOCATION": "Tanjung Sengat*", "CATEGORY": "Coastal", "STATION_STATUS": 1.0, "LATITUDE": 1.56073, "LONGITUDE": 104.03, "STATE_NAME_MWQI": "Johor", "STATION_LOCATION_MWQI": "Tanjung Sengat", "CATEGORY_MWQI": "Coastal", "LATEST_MWQI": 88.0, "LATEST_CLASS": "Good", "MWQI_2021": 85.0, "MWQI_2022": 92.0, "MWQI_2023": 83.0, "MWQI_2024": 89.0, "MWQI_2025": 88.0, "CHANGE_1Y": -1.0, "CHANGE_5Y": 3.0, "MEAN_5Y": 87.4, "MIN_5Y": 83.0, "TREND_SLOPE_5Y": 0.30000000000006427, "TREND_DIRECTION": "Stable", "CURRENT_POOR": false, "CURRENT_MODERATE": false, "DECLINING_5Y": false, "DROP_5_PLUS": false, "DROP_10_PLUS": false }, "geometry": { "type": "Point", "coordinates": [ 104.03, 1.56073 ] } },
{ "type": "Feature", "properties": { "STATION_ID": "MMCC021", "STATION_ID_TYPE": "MODERN", "STATE_NAME": "Pahang", "STATION_LOCATION": "Pantai Chendor*", "CATEGORY": "Coastal", "STATION_STATUS": 1.0, "LATITUDE": 4.16419, "LONGITUDE": 103.414, "STATE_NAME_MWQI": "Pahang", "STATION_LOCATION_MWQI": "Pantai Chendor", "CATEGORY_MWQI": "Coastal", "LATEST_MWQI": 95.0, "LATEST_CLASS": "Excellent", "MWQI_2021": 92.0, "MWQI_2022": 84.0, "MWQI_2023": 95.0, "MWQI_2024": 96.0, "MWQI_2025": 95.0, "CHANGE_1Y": -1.0, "CHANGE_5Y": 3.0, "MEAN_5Y": 92.4, "MIN_5Y": 84.0, "TREND_SLOPE_5Y": 1.7999999999994498, "TREND_DIRECTION": "Improving", "CURRENT_POOR": false, "CURRENT_MODERATE": false, "DECLINING_5Y": false, "DROP_5_PLUS": false, "DROP_10_PLUS": false }, "geometry": { "type": "Point", "coordinates": [ 103.414, 4.16419 ] } },
{ "type": "Feature", "properties": { "STATION_ID": "MMCC022", "STATION_ID_TYPE": "MODERN", "STATE_NAME": "Pahang", "STATION_LOCATION": "Pantai Lanjut*", "CATEGORY": "Coastal", "STATION_STATUS": 1.0, "LATITUDE": 2.84378, "LONGITUDE": 103.472, "STATE_NAME_MWQI": "Pahang", "STATION_LOCATION_MWQI": "Pantai Lanjut", "CATEGORY_MWQI": "Coastal", "LATEST_MWQI": 96.0, "LATEST_CLASS": "Excellent", "MWQI_2021": 94.0, "MWQI_2022": 91.0, "MWQI_2023": 95.0, "MWQI_2024": 93.0, "MWQI_2025": 96.0, "CHANGE_1Y": 3.0, "CHANGE_5Y": 2.0, "MEAN_5Y": 93.8, "MIN_5Y": 91.0, "TREND_SLOPE_5Y": 0.59999999999988107, "TREND_DIRECTION": "Improving", "CURRENT_POOR": false, "CURRENT_MODERATE": false, "DECLINING_5Y": false, "DROP_5_PLUS": false, "DROP_10_PLUS": false }, "geometry": { "type": "Point", "coordinates": [ 103.472, 2.84378 ] } },
{ "type": "Feature", "properties": { "STATION_ID": "MMTC008", "STATION_ID_TYPE": "MODERN", "STATE_NAME": "Terengganu", "STATION_LOCATION": "Pantai Rhu 10*", "CATEGORY": "Coastal", "STATION_STATUS": 1.0, "LATITUDE": 5.65011, "LONGITUDE": 102.774, "STATE_NAME_MWQI": "Terengganu", "STATION_LOCATION_MWQI": "Pantai Rhu 10", "CATEGORY_MWQI": "Coastal", "LATEST_MWQI": 96.0, "LATEST_CLASS": "Excellent", "MWQI_2021": 97.0, "MWQI_2022": 90.0, "MWQI_2023": 97.0, "MWQI_2024": 97.0, "MWQI_2025": 96.0, "CHANGE_1Y": -1.0, "CHANGE_5Y": -1.0, "MEAN_5Y": 95.4, "MIN_5Y": 90.0, "TREND_SLOPE_5Y": 0.49999999999970185, "TREND_DIRECTION": "Stable", "CURRENT_POOR": false, "CURRENT_MODERATE": false, "DECLINING_5Y": false, "DROP_5_PLUS": false, "DROP_10_PLUS": false }, "geometry": { "type": "Point", "coordinates": [ 102.774, 5.65011 ] } },
{ "type": "Feature", "properties": { "STATION_ID": "MMTC009", "STATION_ID_TYPE": "MODERN", "STATE_NAME": "Terengganu", "STATION_LOCATION": "Pantai Tok Jembal*", "CATEGORY": "Coastal", "STATION_STATUS": 1.0, "LATITUDE": 5.40042, "LONGITUDE": 103.107, "STATE_NAME_MWQI": "Terengganu", "STATION_LOCATION_MWQI": "Pantai Tok Jembal", "CATEGORY_MWQI": "Coastal", "LATEST_MWQI": 94.0, "LATEST_CLASS": "Excellent", "MWQI_2021": 95.0, "MWQI_2022": 96.0, "MWQI_2023": 97.0, "MWQI_2024": 96.0, "MWQI_2025": 94.0, "CHANGE_1Y": -2.0, "CHANGE_5Y": -1.0, "MEAN_5Y": 95.6, "MIN_5Y": 94.0, "TREND_SLOPE_5Y": -0.19999999999994292, "TREND_DIRECTION": "Stable", "CURRENT_POOR": false, "CURRENT_MODERATE": false, "DECLINING_5Y": false, "DROP_5_PLUS": false, "DROP_10_PLUS": false }, "geometry": { "type": "Point", "coordinates": [ 103.107, 5.40042 ] } },
{ "type": "Feature", "properties": { "STATION_ID": "MMTC010", "STATION_ID_TYPE": "MODERN", "STATE_NAME": "Terengganu", "STATION_LOCATION": "Pantai Kelulut*", "CATEGORY": "Coastal", "STATION_STATUS": 1.0, "LATITUDE": 5.19043, "LONGITUDE": 103.226, "STATE_NAME_MWQI": "Terengganu", "STATION_LOCATION_MWQI": "Pantai Kelulut", "CATEGORY_MWQI": "Coastal", "LATEST_MWQI": 89.0, "LATEST_CLASS": "Good", "MWQI_2021": 96.0, "MWQI_2022": 97.0, "MWQI_2023": 97.0, "MWQI_2024": 96.0, "MWQI_2025": 89.0, "CHANGE_1Y": -7.0, "CHANGE_5Y": -7.0, "MEAN_5Y": 95.0, "MIN_5Y": 89.0, "TREND_SLOPE_5Y": -1.4999999999997797, "TREND_DIRECTION": "Declining", "CURRENT_POOR": false, "CURRENT_MODERATE": false, "DECLINING_5Y": true, "DROP_5_PLUS": true, "DROP_10_PLUS": false }, "geometry": { "type": "Point", "coordinates": [ 103.226, 5.19043 ] } },
{ "type": "Feature", "properties": { "STATION_ID": "MMTC011", "STATION_ID_TYPE": "MODERN", "STATE_NAME": "Terengganu", "STATION_LOCATION": "Pantai Teluk Ketapang*", "CATEGORY": "Coastal", "STATION_STATUS": 1.0, "LATITUDE": 5.38492, "LONGITUDE": 103.118, "STATE_NAME_MWQI": "Terengganu", "STATION_LOCATION_MWQI": "Pantai Teluk Ketapang", "CATEGORY_MWQI": "Coastal", "LATEST_MWQI": 95.0, "LATEST_CLASS": "Excellent", "MWQI_2021": 96.0, "MWQI_2022": 96.0, "MWQI_2023": 97.0, "MWQI_2024": 96.0, "MWQI_2025": 95.0, "CHANGE_1Y": -1.0, "CHANGE_5Y": -1.0, "MEAN_5Y": 96.0, "MIN_5Y": 95.0, "TREND_SLOPE_5Y": -0.1999999999999553, "TREND_DIRECTION": "Stable", "CURRENT_POOR": false, "CURRENT_MODERATE": false, "DECLINING_5Y": false, "DROP_5_PLUS": false, "DROP_10_PLUS": false }, "geometry": { "type": "Point", "coordinates": [ 103.118, 5.38492 ] } },
{ "type": "Feature", "properties": { "STATION_ID": "MMTC012", "STATION_ID_TYPE": "MODERN", "STATE_NAME": "Terengganu", "STATION_LOCATION": "Pantai Kuala Abang*", "CATEGORY": "Coastal", "STATION_STATUS": 1.0, "LATITUDE": 4.82743, "LONGITUDE": 103.42, "STATE_NAME_MWQI": "Terengganu", "STATION_LOCATION_MWQI": "Pantai Kuala Abang", "CATEGORY_MWQI": "Coastal", "LATEST_MWQI": 95.0, "LATEST_CLASS": "Excellent", "MWQI_2021": 95.0, "MWQI_2022": 97.0, "MWQI_2023": 97.0, "MWQI_2024": 96.0, "MWQI_2025": 95.0, "CHANGE_1Y": -1.0, "CHANGE_5Y": 0.0, "MEAN_5Y": 96.0, "MIN_5Y": 95.0, "TREND_SLOPE_5Y": -0.099999999999909855, "TREND_DIRECTION": "Stable", "CURRENT_POOR": false, "CURRENT_MODERATE": false, "DECLINING_5Y": false, "DROP_5_PLUS": false, "DROP_10_PLUS": false }, "geometry": { "type": "Point", "coordinates": [ 103.42, 4.82743 ] } },
{ "type": "Feature", "properties": { "STATION_ID": "MMTC013", "STATION_ID_TYPE": "MODERN", "STATE_NAME": "Terengganu", "STATION_LOCATION": "Pantai Teluk Kalong*", "CATEGORY": "Coastal", "STATION_STATUS": 1.0, "LATITUDE": 4.28333, "LONGITUDE": 103.478, "STATE_NAME_MWQI": "Terengganu", "STATION_LOCATION_MWQI": "Pantai Teluk Kalong", "CATEGORY_MWQI": "Coastal", "LATEST_MWQI": 96.0, "LATEST_CLASS": "Excellent", "MWQI_2021": 95.0, "MWQI_2022": 97.0, "MWQI_2023": 96.0, "MWQI_2024": 97.0, "MWQI_2025": 96.0, "CHANGE_1Y": -1.0, "CHANGE_5Y": 1.0, "MEAN_5Y": 96.2, "MIN_5Y": 95.0, "TREND_SLOPE_5Y": 0.20000000000001114, "TREND_DIRECTION": "Stable", "CURRENT_POOR": false, "CURRENT_MODERATE": false, "DECLINING_5Y": false, "DROP_5_PLUS": false, "DROP_10_PLUS": false }, "geometry": { "type": "Point", "coordinates": [ 103.478, 4.28333 ] } },
{ "type": "Feature", "properties": { "STATION_ID": "MMTC014", "STATION_ID_TYPE": "MODERN", "STATE_NAME": "Terengganu", "STATION_LOCATION": "Pantai Sura*", "CATEGORY": "Coastal", "STATION_STATUS": 1.0, "LATITUDE": 4.77019, "LONGITUDE": 103.424, "STATE_NAME_MWQI": "Terengganu", "STATION_LOCATION_MWQI": "Pantai Sura", "CATEGORY_MWQI": "Coastal", "LATEST_MWQI": 92.0, "LATEST_CLASS": "Excellent", "MWQI_2021": 94.0, "MWQI_2022": 96.0, "MWQI_2023": 97.0, "MWQI_2024": 96.0, "MWQI_2025": 92.0, "CHANGE_1Y": -4.0, "CHANGE_5Y": -2.0, "MEAN_5Y": 95.0, "MIN_5Y": 92.0, "TREND_SLOPE_5Y": -0.39999999999989411, "TREND_DIRECTION": "Stable", "CURRENT_POOR": false, "CURRENT_MODERATE": false, "DECLINING_5Y": false, "DROP_5_PLUS": false, "DROP_10_PLUS": false }, "geometry": { "type": "Point", "coordinates": [ 103.424, 4.77019 ] } },
{ "type": "Feature", "properties": { "STATION_ID": "MMTC015", "STATION_ID_TYPE": "MODERN", "STATE_NAME": "Terengganu", "STATION_LOCATION": "Pantai Tanjung Bidara*", "CATEGORY": "Coastal", "STATION_STATUS": 1.0, "LATITUDE": 4.78506, "LONGITUDE": 103.438, "STATE_NAME_MWQI": "Terengganu", "STATION_LOCATION_MWQI": "Pantai Tanjung Bidara", "CATEGORY_MWQI": "Coastal", "LATEST_MWQI": 96.0, "LATEST_CLASS": "Excellent", "MWQI_2021": 94.0, "MWQI_2022": 97.0, "MWQI_2023": 97.0, "MWQI_2024": 97.0, "MWQI_2025": 96.0, "CHANGE_1Y": -1.0, "CHANGE_5Y": 2.0, "MEAN_5Y": 96.2, "MIN_5Y": 94.0, "TREND_SLOPE_5Y": 0.40000000000001379, "TREND_DIRECTION": "Stable", "CURRENT_POOR": false, "CURRENT_MODERATE": false, "DECLINING_5Y": false, "DROP_5_PLUS": false, "DROP_10_PLUS": false }, "geometry": { "type": "Point", "coordinates": [ 103.438, 4.78506 ] } },
{ "type": "Feature", "properties": { "STATION_ID": "MMTC016", "STATION_ID_TYPE": "MODERN", "STATE_NAME": "Terengganu", "STATION_LOCATION": "Pantai Kemasik*", "CATEGORY": "Coastal", "STATION_STATUS": 1.0, "LATITUDE": 4.45595, "LONGITUDE": 103.449, "STATE_NAME_MWQI": "Terengganu", "STATION_LOCATION_MWQI": "Pantai Kemasik", "CATEGORY_MWQI": "Coastal", "LATEST_MWQI": 95.0, "LATEST_CLASS": "Excellent", "MWQI_2021": 97.0, "MWQI_2022": 97.0, "MWQI_2023": 96.0, "MWQI_2024": 95.0, "MWQI_2025": 95.0, "CHANGE_1Y": 0.0, "CHANGE_5Y": -2.0, "MEAN_5Y": 96.0, "MIN_5Y": 95.0, "TREND_SLOPE_5Y": -0.59999999999988118, "TREND_DIRECTION": "Declining", "CURRENT_POOR": false, "CURRENT_MODERATE": false, "DECLINING_5Y": true, "DROP_5_PLUS": false, "DROP_10_PLUS": false }, "geometry": { "type": "Point", "coordinates": [ 103.449, 4.45595 ] } },
{ "type": "Feature", "properties": { "STATION_ID": "MMDC006", "STATION_ID_TYPE": "MODERN", "STATE_NAME": "Kelantan", "STATION_LOCATION": "Pantai Melawi*", "CATEGORY": "Coastal", "STATION_STATUS": 1.0, "LATITUDE": 5.99465, "LONGITUDE": 102.441, "STATE_NAME_MWQI": "Kelantan", "STATION_LOCATION_MWQI": "Pantai Melawi", "CATEGORY_MWQI": "Coastal", "LATEST_MWQI": 95.0, "LATEST_CLASS": "Excellent", "MWQI_2021": 95.0, "MWQI_2022": 95.0, "MWQI_2023": 95.0, "MWQI_2024": 96.0, "MWQI_2025": 95.0, "CHANGE_1Y": -1.0, "CHANGE_5Y": 0.0, "MEAN_5Y": 95.2, "MIN_5Y": 95.0, "TREND_SLOPE_5Y": 0.099999999999967198, "TREND_DIRECTION": "Stable", "CURRENT_POOR": false, "CURRENT_MODERATE": false, "DECLINING_5Y": false, "DROP_5_PLUS": false, "DROP_10_PLUS": false }, "geometry": { "type": "Point", "coordinates": [ 102.441, 5.99465 ] } },
{ "type": "Feature", "properties": { "STATION_ID": "MMQC017", "STATION_ID_TYPE": "MODERN", "STATE_NAME": "Sarawak", "STATION_LOCATION": "Pantai Mukah*", "CATEGORY": "Coastal", "STATION_STATUS": 1.0, "LATITUDE": 2.93974, "LONGITUDE": 112.167, "STATE_NAME_MWQI": "Sarawak", "STATION_LOCATION_MWQI": "Pantai Mukah", "CATEGORY_MWQI": "Coastal", "LATEST_MWQI": 79.0, "LATEST_CLASS": "Moderate", "MWQI_2021": 89.0, "MWQI_2022": 89.0, "MWQI_2023": 76.0, "MWQI_2024": 75.0, "MWQI_2025": 79.0, "CHANGE_1Y": 4.0, "CHANGE_5Y": -10.0, "MEAN_5Y": 81.6, "MIN_5Y": 75.0, "TREND_SLOPE_5Y": -3.399999999999388, "TREND_DIRECTION": "Declining", "CURRENT_POOR": false, "CURRENT_MODERATE": true, "DECLINING_5Y": true, "DROP_5_PLUS": true, "DROP_10_PLUS": true }, "geometry": { "type": "Point", "coordinates": [ 112.167, 2.93974 ] } },
{ "type": "Feature", "properties": { "STATION_ID": "MMQC018", "STATION_ID_TYPE": "MODERN", "STATE_NAME": "Sarawak", "STATION_LOCATION": "Tanjung Kidurong*", "CATEGORY": "Coastal", "STATION_STATUS": 1.0, "LATITUDE": 3.25601, "LONGITUDE": 113.049, "STATE_NAME_MWQI": "Sarawak", "STATION_LOCATION_MWQI": "Tanjung Kidurong", "CATEGORY_MWQI": "Coastal", "LATEST_MWQI": 69.0, "LATEST_CLASS": "Moderate", "MWQI_2021": 80.0, "MWQI_2022": 90.0, "MWQI_2023": 58.0, "MWQI_2024": 75.0, "MWQI_2025": 69.0, "CHANGE_1Y": -6.0, "CHANGE_5Y": -11.0, "MEAN_5Y": 74.4, "MIN_5Y": 58.0, "TREND_SLOPE_5Y": -3.6999999999994131, "TREND_DIRECTION": "Declining", "CURRENT_POOR": false, "CURRENT_MODERATE": true, "DECLINING_5Y": true, "DROP_5_PLUS": true, "DROP_10_PLUS": true }, "geometry": { "type": "Point", "coordinates": [ 113.049, 3.25601 ] } },
{ "type": "Feature", "properties": { "STATION_ID": "MMQC019", "STATION_ID_TYPE": "MODERN", "STATE_NAME": "Sarawak", "STATION_LOCATION": "Pasir Pandak*", "CATEGORY": "Coastal", "STATION_STATUS": 1.0, "LATITUDE": 1.69883, "LONGITUDE": 110.301, "STATE_NAME_MWQI": "Sarawak", "STATION_LOCATION_MWQI": "Pasir Pandak", "CATEGORY_MWQI": "Coastal", "LATEST_MWQI": 78.0, "LATEST_CLASS": "Moderate", "MWQI_2021": 91.0, "MWQI_2022": 91.0, "MWQI_2023": 66.0, "MWQI_2024": 74.0, "MWQI_2025": 78.0, "CHANGE_1Y": 4.0, "CHANGE_5Y": -13.0, "MEAN_5Y": 80.0, "MIN_5Y": 66.0, "TREND_SLOPE_5Y": -4.2999999999993692, "TREND_DIRECTION": "Declining", "CURRENT_POOR": false, "CURRENT_MODERATE": true, "DECLINING_5Y": true, "DROP_5_PLUS": true, "DROP_10_PLUS": true }, "geometry": { "type": "Point", "coordinates": [ 110.301, 1.69883 ] } },
{ "type": "Feature", "properties": { "STATION_ID": "MMQC020", "STATION_ID_TYPE": "MODERN", "STATE_NAME": "Sarawak", "STATION_LOCATION": "Rambungan*", "CATEGORY": "Coastal", "STATION_STATUS": 1.0, "LATITUDE": 1.70326, "LONGITUDE": 110.108, "STATE_NAME_MWQI": "Sarawak", "STATION_LOCATION_MWQI": "Rambungan", "CATEGORY_MWQI": "Coastal", "LATEST_MWQI": 82.0, "LATEST_CLASS": "Good", "MWQI_2021": 93.0, "MWQI_2022": 83.0, "MWQI_2023": 71.0, "MWQI_2024": 76.0, "MWQI_2025": 82.0, "CHANGE_1Y": 6.0, "CHANGE_5Y": -11.0, "MEAN_5Y": 81.0, "MIN_5Y": 71.0, "TREND_SLOPE_5Y": -2.8999999999998289, "TREND_DIRECTION": "Declining", "CURRENT_POOR": false, "CURRENT_MODERATE": false, "DECLINING_5Y": true, "DROP_5_PLUS": true, "DROP_10_PLUS": true }, "geometry": { "type": "Point", "coordinates": [ 110.108, 1.70326 ] } },
{ "type": "Feature", "properties": { "STATION_ID": "MMQC021", "STATION_ID_TYPE": "MODERN", "STATE_NAME": "Sarawak", "STATION_LOCATION": "Sri Tanjung Lawas*", "CATEGORY": "Coastal", "STATION_STATUS": 1.0, "LATITUDE": 4.97162, "LONGITUDE": 115.242, "STATE_NAME_MWQI": "Sarawak", "STATION_LOCATION_MWQI": "Sri Tanjung Lawas", "CATEGORY_MWQI": "Coastal", "LATEST_MWQI": 84.0, "LATEST_CLASS": "Good", "MWQI_2021": 68.0, "MWQI_2022": 67.0, "MWQI_2023": 59.0, "MWQI_2024": 59.0, "MWQI_2025": 84.0, "CHANGE_1Y": 25.0, "CHANGE_5Y": 16.0, "MEAN_5Y": 67.4, "MIN_5Y": 59.0, "TREND_SLOPE_5Y": 2.3999999999998352, "TREND_DIRECTION": "Improving", "CURRENT_POOR": false, "CURRENT_MODERATE": false, "DECLINING_5Y": false, "DROP_5_PLUS": false, "DROP_10_PLUS": false }, "geometry": { "type": "Point", "coordinates": [ 115.242, 4.97162 ] } },
{ "type": "Feature", "properties": { "STATION_ID": "MMQC022", "STATION_ID_TYPE": "MODERN", "STATE_NAME": "Sarawak", "STATION_LOCATION": "Pantai Luak*", "CATEGORY": "Coastal", "STATION_STATUS": 1.0, "LATITUDE": 4.28427, "LONGITUDE": 113.938, "STATE_NAME_MWQI": "Sarawak", "STATION_LOCATION_MWQI": "Pantai Luak", "CATEGORY_MWQI": "Coastal", "LATEST_MWQI": 70.0, "LATEST_CLASS": "Moderate", "MWQI_2021": 84.0, "MWQI_2022": 56.0, "MWQI_2023": 57.0, "MWQI_2024": 57.0, "MWQI_2025": 70.0, "CHANGE_1Y": 13.0, "CHANGE_5Y": -14.0, "MEAN_5Y": 64.8, "MIN_5Y": 56.0, "TREND_SLOPE_5Y": -2.7000000000002515, "TREND_DIRECTION": "Declining", "CURRENT_POOR": false, "CURRENT_MODERATE": true, "DECLINING_5Y": true, "DROP_5_PLUS": true, "DROP_10_PLUS": true }, "geometry": { "type": "Point", "coordinates": [ 113.938, 4.28427 ] } },
{ "type": "Feature", "properties": { "STATION_ID": "MMQC023", "STATION_ID_TYPE": "MODERN", "STATE_NAME": "Sarawak", "STATION_LOCATION": "Pasir Panjang*", "CATEGORY": "Coastal", "STATION_STATUS": 1.0, "LATITUDE": 3.09593, "LONGITUDE": 112.836, "STATE_NAME_MWQI": "Sarawak", "STATION_LOCATION_MWQI": "Pasir Panjang", "CATEGORY_MWQI": "Coastal", "LATEST_MWQI": 75.0, "LATEST_CLASS": "Moderate", "MWQI_2021": 86.0, "MWQI_2022": 78.0, "MWQI_2023": 58.0, "MWQI_2024": 68.0, "MWQI_2025": 75.0, "CHANGE_1Y": 7.0, "CHANGE_5Y": -11.0, "MEAN_5Y": 73.0, "MIN_5Y": 58.0, "TREND_SLOPE_5Y": -3.1999999999997821, "TREND_DIRECTION": "Declining", "CURRENT_POOR": false, "CURRENT_MODERATE": true, "DECLINING_5Y": true, "DROP_5_PLUS": true, "DROP_10_PLUS": true }, "geometry": { "type": "Point", "coordinates": [ 112.836, 3.09593 ] } },
{ "type": "Feature", "properties": { "STATION_ID": "MMKE003", "STATION_ID_TYPE": "MODERN", "STATE_NAME": "Kedah", "STATION_LOCATION": "Kuala Segantang Garam*", "CATEGORY": "Estuary", "STATION_STATUS": 1.0, "LATITUDE": 5.67869, "LONGITUDE": 100.373, "STATE_NAME_MWQI": "Kedah", "STATION_LOCATION_MWQI": "Kuala Segantang Garam", "CATEGORY_MWQI": "Estuary", "LATEST_MWQI": 56.0, "LATEST_CLASS": "Moderate", "MWQI_2021": 69.0, "MWQI_2022": 72.0, "MWQI_2023": 58.0, "MWQI_2024": 57.0, "MWQI_2025": 56.0, "CHANGE_1Y": -1.0, "CHANGE_5Y": -13.0, "MEAN_5Y": 62.4, "MIN_5Y": 56.0, "TREND_SLOPE_5Y": -4.0999999999992278, "TREND_DIRECTION": "Declining", "CURRENT_POOR": false, "CURRENT_MODERATE": true, "DECLINING_5Y": true, "DROP_5_PLUS": true, "DROP_10_PLUS": true }, "geometry": { "type": "Point", "coordinates": [ 100.373, 5.67869 ] } },
{ "type": "Feature", "properties": { "STATION_ID": "MMKE004", "STATION_ID_TYPE": "MODERN", "STATE_NAME": "Kedah", "STATION_LOCATION": "Kuala Sungai Muda*", "CATEGORY": "Estuary", "STATION_STATUS": 1.0, "LATITUDE": 5.57735, "LONGITUDE": 100.341, "STATE_NAME_MWQI": "Kedah", "STATION_LOCATION_MWQI": "Kuala Sungai Muda", "CATEGORY_MWQI": "Estuary", "LATEST_MWQI": 57.0, "LATEST_CLASS": "Moderate", "MWQI_2021": 56.0, "MWQI_2022": 57.0, "MWQI_2023": 56.0, "MWQI_2024": 57.0, "MWQI_2025": 57.0, "CHANGE_1Y": 0.0, "CHANGE_5Y": 1.0, "MEAN_5Y": 56.6, "MIN_5Y": 56.0, "TREND_SLOPE_5Y": 0.19999999999998361, "TREND_DIRECTION": "Stable", "CURRENT_POOR": false, "CURRENT_MODERATE": true, "DECLINING_5Y": false, "DROP_5_PLUS": false, "DROP_10_PLUS": false }, "geometry": { "type": "Point", "coordinates": [ 100.341, 5.57735 ] } },
{ "type": "Feature", "properties": { "STATION_ID": "MMME006", "STATION_ID_TYPE": "MODERN", "STATE_NAME": "Melaka", "STATION_LOCATION": "Kuala Sungai Melaka 2*", "CATEGORY": "Estuary", "STATION_STATUS": 1.0, "LATITUDE": 2.186872, "LONGITUDE": 102.243231, "STATE_NAME_MWQI": "Melaka", "STATION_LOCATION_MWQI": "Kuala Sungai Melaka 2", "CATEGORY_MWQI": "Estuary", "LATEST_MWQI": 56.0, "LATEST_CLASS": "Moderate", "MWQI_2021": 56.0, "MWQI_2022": 54.0, "MWQI_2023": 55.0, "MWQI_2024": 55.0, "MWQI_2025": 56.0, "CHANGE_1Y": 1.0, "CHANGE_5Y": 0.0, "MEAN_5Y": 55.2, "MIN_5Y": 54.0, "TREND_SLOPE_5Y": 0.099999999999935696, "TREND_DIRECTION": "Stable", "CURRENT_POOR": false, "CURRENT_MODERATE": true, "DECLINING_5Y": false, "DROP_5_PLUS": false, "DROP_10_PLUS": false }, "geometry": { "type": "Point", "coordinates": [ 102.243231, 2.186872 ] } },
{ "type": "Feature", "properties": { "STATION_ID": "MMME007", "STATION_ID_TYPE": "MODERN", "STATE_NAME": "Melaka", "STATION_LOCATION": "Kuala Sungai Baru*", "CATEGORY": "Estuary", "STATION_STATUS": 1.0, "LATITUDE": 2.35244, "LONGITUDE": 102.033, "STATE_NAME_MWQI": "Melaka", "STATION_LOCATION_MWQI": "Kuala Sungai Baru", "CATEGORY_MWQI": "Estuary", "LATEST_MWQI": 55.0, "LATEST_CLASS": "Moderate", "MWQI_2021": 57.0, "MWQI_2022": 64.0, "MWQI_2023": 54.0, "MWQI_2024": 56.0, "MWQI_2025": 55.0, "CHANGE_1Y": -1.0, "CHANGE_5Y": -2.0, "MEAN_5Y": 57.2, "MIN_5Y": 54.0, "TREND_SLOPE_5Y": -1.199999999999634, "TREND_DIRECTION": "Declining", "CURRENT_POOR": false, "CURRENT_MODERATE": true, "DECLINING_5Y": true, "DROP_5_PLUS": false, "DROP_10_PLUS": false }, "geometry": { "type": "Point", "coordinates": [ 102.033, 2.35244 ] } },
{ "type": "Feature", "properties": { "STATION_ID": "MMME008", "STATION_ID_TYPE": "MODERN", "STATE_NAME": "Melaka", "STATION_LOCATION": "Kuala Sungai Lereh", "CATEGORY": "Estuary", "STATION_STATUS": 1.0, "LATITUDE": 2.22003, "LONGITUDE": 102.176, "STATE_NAME_MWQI": "Melaka", "STATION_LOCATION_MWQI": "Kuala Sungai Lereh", "CATEGORY_MWQI": "Estuary", "LATEST_MWQI": 55.0, "LATEST_CLASS": "Moderate", "MWQI_2021": 55.0, "MWQI_2022": 56.0, "MWQI_2023": 53.0, "MWQI_2024": 49.0, "MWQI_2025": 55.0, "CHANGE_1Y": 6.0, "CHANGE_5Y": 0.0, "MEAN_5Y": 53.6, "MIN_5Y": 49.0, "TREND_SLOPE_5Y": -0.69999999999973261, "TREND_DIRECTION": "Declining", "CURRENT_POOR": false, "CURRENT_MODERATE": true, "DECLINING_5Y": true, "DROP_5_PLUS": false, "DROP_10_PLUS": false }, "geometry": { "type": "Point", "coordinates": [ 102.176, 2.22003 ] } },
{ "type": "Feature", "properties": { "STATION_ID": "MMJE002", "STATION_ID_TYPE": "MODERN", "STATE_NAME": "Johor", "STATION_LOCATION": "Kuala Sungai Laloh", "CATEGORY": "Estuary", "STATION_STATUS": 1.0, "LATITUDE": 1.43514, "LONGITUDE": 103.924, "STATE_NAME_MWQI": "Johor", "STATION_LOCATION_MWQI": "Kuala Sungai Laloh", "CATEGORY_MWQI": "Estuary", "LATEST_MWQI": 54.0, "LATEST_CLASS": "Moderate", "MWQI_2021": 55.0, "MWQI_2022": 54.0, "MWQI_2023": 52.0, "MWQI_2024": 59.0, "MWQI_2025": 54.0, "CHANGE_1Y": -5.0, "CHANGE_5Y": -1.0, "MEAN_5Y": 54.8, "MIN_5Y": 52.0, "TREND_SLOPE_5Y": 0.29999999999976645, "TREND_DIRECTION": "Stable", "CURRENT_POOR": false, "CURRENT_MODERATE": true, "DECLINING_5Y": false, "DROP_5_PLUS": false, "DROP_10_PLUS": false }, "geometry": { "type": "Point", "coordinates": [ 103.924, 1.43514 ] } },
{ "type": "Feature", "properties": { "STATION_ID": "MMCE001", "STATION_ID_TYPE": "MODERN", "STATE_NAME": "Pahang", "STATION_LOCATION": "Kuala Kuantan*", "CATEGORY": "Estuary", "STATION_STATUS": 1.0, "LATITUDE": 3.80482, "LONGITUDE": 103.343, "STATE_NAME_MWQI": "Pahang", "STATION_LOCATION_MWQI": "Kuala Kuantan", "CATEGORY_MWQI": "Estuary", "LATEST_MWQI": 59.0, "LATEST_CLASS": "Moderate", "MWQI_2021": 58.0, "MWQI_2022": 58.0, "MWQI_2023": 58.0, "MWQI_2024": 60.0, "MWQI_2025": 59.0, "CHANGE_1Y": -1.0, "CHANGE_5Y": 1.0, "MEAN_5Y": 58.6, "MIN_5Y": 58.0, "TREND_SLOPE_5Y": 0.39999999999989733, "TREND_DIRECTION": "Stable", "CURRENT_POOR": false, "CURRENT_MODERATE": true, "DECLINING_5Y": false, "DROP_5_PLUS": false, "DROP_10_PLUS": false }, "geometry": { "type": "Point", "coordinates": [ 103.343, 3.80482 ] } },
{ "type": "Feature", "properties": { "STATION_ID": "MMCE002", "STATION_ID_TYPE": "MODERN", "STATE_NAME": "Pahang", "STATION_LOCATION": "Kuala Rompin Kecil*", "CATEGORY": "Estuary", "STATION_STATUS": 1.0, "LATITUDE": 2.82218, "LONGITUDE": 103.485, "STATE_NAME_MWQI": "Pahang", "STATION_LOCATION_MWQI": "Kuala Rompin Kecil", "CATEGORY_MWQI": "Estuary", "LATEST_MWQI": 82.0, "LATEST_CLASS": "Good", "MWQI_2021": 72.0, "MWQI_2022": 79.0, "MWQI_2023": 90.0, "MWQI_2024": 87.0, "MWQI_2025": 82.0, "CHANGE_1Y": -5.0, "CHANGE_5Y": 10.0, "MEAN_5Y": 82.0, "MIN_5Y": 72.0, "TREND_SLOPE_5Y": 2.7999999999997489, "TREND_DIRECTION": "Improving", "CURRENT_POOR": false, "CURRENT_MODERATE": false, "DECLINING_5Y": false, "DROP_5_PLUS": false, "DROP_10_PLUS": false }, "geometry": { "type": "Point", "coordinates": [ 103.485, 2.82218 ] } },
{ "type": "Feature", "properties": { "STATION_ID": "MMCE003", "STATION_ID_TYPE": "MODERN", "STATE_NAME": "Pahang", "STATION_LOCATION": "Kuala Pahang*", "CATEGORY": "Estuary", "STATION_STATUS": 1.0, "LATITUDE": 3.53044, "LONGITUDE": 103.472, "STATE_NAME_MWQI": "Pahang", "STATION_LOCATION_MWQI": "Kuala Pahang", "CATEGORY_MWQI": "Estuary", "LATEST_MWQI": 59.0, "LATEST_CLASS": "Moderate", "MWQI_2021": 57.0, "MWQI_2022": 59.0, "MWQI_2023": 81.0, "MWQI_2024": 59.0, "MWQI_2025": 59.0, "CHANGE_1Y": 0.0, "CHANGE_5Y": 2.0, "MEAN_5Y": 63.0, "MIN_5Y": 57.0, "TREND_SLOPE_5Y": 0.40000000000031849, "TREND_DIRECTION": "Stable", "CURRENT_POOR": false, "CURRENT_MODERATE": true, "DECLINING_5Y": false, "DROP_5_PLUS": false, "DROP_10_PLUS": false }, "geometry": { "type": "Point", "coordinates": [ 103.472, 3.53044 ] } },
{ "type": "Feature", "properties": { "STATION_ID": "MMCE004", "STATION_ID_TYPE": "MODERN", "STATE_NAME": "Pahang", "STATION_LOCATION": "Kuala Nenasi*", "CATEGORY": "Estuary", "STATION_STATUS": 1.0, "LATITUDE": 3.08099, "LONGITUDE": 103.441, "STATE_NAME_MWQI": "Pahang", "STATION_LOCATION_MWQI": "Kuala Nenasi", "CATEGORY_MWQI": "Estuary", "LATEST_MWQI": 62.0, "LATEST_CLASS": "Moderate", "MWQI_2021": 85.0, "MWQI_2022": 91.0, "MWQI_2023": 89.0, "MWQI_2024": 89.0, "MWQI_2025": 62.0, "CHANGE_1Y": -27.0, "CHANGE_5Y": -23.0, "MEAN_5Y": 83.2, "MIN_5Y": 62.0, "TREND_SLOPE_5Y": -4.7999999999993115, "TREND_DIRECTION": "Declining", "CURRENT_POOR": false, "CURRENT_MODERATE": true, "DECLINING_5Y": true, "DROP_5_PLUS": true, "DROP_10_PLUS": true }, "geometry": { "type": "Point", "coordinates": [ 103.441, 3.08099 ] } },
{ "type": "Feature", "properties": { "STATION_ID": "MMCE005", "STATION_ID_TYPE": "MODERN", "STATE_NAME": "Pahang", "STATION_LOCATION": "Kuala Sungai Balok*", "CATEGORY": "Estuary", "STATION_STATUS": 1.0, "LATITUDE": 3.93492, "LONGITUDE": 103.377, "STATE_NAME_MWQI": "Pahang", "STATION_LOCATION_MWQI": "Kuala Sungai Balok", "CATEGORY_MWQI": "Estuary", "LATEST_MWQI": 51.0, "LATEST_CLASS": "Moderate", "MWQI_2021": 55.0, "MWQI_2022": 65.0, "MWQI_2023": 54.0, "MWQI_2024": 41.0, "MWQI_2025": 51.0, "CHANGE_1Y": 10.0, "CHANGE_5Y": -4.0, "MEAN_5Y": 53.2, "MIN_5Y": 41.0, "TREND_SLOPE_5Y": -3.199999999998882, "TREND_DIRECTION": "Declining", "CURRENT_POOR": false, "CURRENT_MODERATE": true, "DECLINING_5Y": true, "DROP_5_PLUS": false, "DROP_10_PLUS": false }, "geometry": { "type": "Point", "coordinates": [ 103.377, 3.93492 ] } },
{ "type": "Feature", "properties": { "STATION_ID": "MMDE006", "STATION_ID_TYPE": "MODERN", "STATE_NAME": "Kelantan", "STATION_LOCATION": "Kuala Sungai Semerak*", "CATEGORY": "Estuary", "STATION_STATUS": 1.0, "LATITUDE": 5.89734, "LONGITUDE": 102.486, "STATE_NAME_MWQI": "Kelantan", "STATION_LOCATION_MWQI": "Kuala Sungai Semerak", "CATEGORY_MWQI": "Estuary", "LATEST_MWQI": 59.0, "LATEST_CLASS": "Moderate", "MWQI_2021": 85.0, "MWQI_2022": 60.0, "MWQI_2023": 83.0, "MWQI_2024": 91.0, "MWQI_2025": 59.0, "CHANGE_1Y": -32.0, "CHANGE_5Y": -26.0, "MEAN_5Y": 75.6, "MIN_5Y": 59.0, "TREND_SLOPE_5Y": -2.100000000000843, "TREND_DIRECTION": "Declining", "CURRENT_POOR": false, "CURRENT_MODERATE": true, "DECLINING_5Y": true, "DROP_5_PLUS": true, "DROP_10_PLUS": true }, "geometry": { "type": "Point", "coordinates": [ 102.486, 5.89734 ] } },
{ "type": "Feature", "properties": { "STATION_ID": "MMQE014", "STATION_ID_TYPE": "MODERN", "STATE_NAME": "Sarawak", "STATION_LOCATION": "Kuala Sungai Trusan*", "CATEGORY": "Estuary", "STATION_STATUS": 1.0, "LATITUDE": 2.87553, "LONGITUDE": 111.878, "STATE_NAME_MWQI": "Sarawak", "STATION_LOCATION_MWQI": "Kuala Sungai Trusan", "CATEGORY_MWQI": "Estuary", "LATEST_MWQI": 73.0, "LATEST_CLASS": "Moderate", "MWQI_2021": 64.0, "MWQI_2022": 56.0, "MWQI_2023": 58.0, "MWQI_2024": 78.0, "MWQI_2025": 73.0, "CHANGE_1Y": -5.0, "CHANGE_5Y": 9.0, "MEAN_5Y": 65.8, "MIN_5Y": 56.0, "TREND_SLOPE_5Y": 3.9999999999987645, "TREND_DIRECTION": "Improving", "CURRENT_POOR": false, "CURRENT_MODERATE": true, "DECLINING_5Y": false, "DROP_5_PLUS": false, "DROP_10_PLUS": false }, "geometry": { "type": "Point", "coordinates": [ 111.878, 2.87553 ] } },
{ "type": "Feature", "properties": { "STATION_ID": "MMKR003", "STATION_ID_TYPE": "MODERN", "STATE_NAME": "Kedah", "STATION_LOCATION": "Dayang Bunting 2*", "CATEGORY": "Island", "STATION_STATUS": 1.0, "LATITUDE": 6.203111, "LONGITUDE": 99.781489, "STATE_NAME_MWQI": "Kedah", "STATION_LOCATION_MWQI": "Dayang Bunting 2", "CATEGORY_MWQI": "Island", "LATEST_MWQI": 95.0, "LATEST_CLASS": "Excellent", "MWQI_2021": 92.0, "MWQI_2022": 94.0, "MWQI_2023": 96.0, "MWQI_2024": 96.0, "MWQI_2025": 95.0, "CHANGE_1Y": -1.0, "CHANGE_5Y": 3.0, "MEAN_5Y": 94.6, "MIN_5Y": 92.0, "TREND_SLOPE_5Y": 0.79999999999991978, "TREND_DIRECTION": "Improving", "CURRENT_POOR": false, "CURRENT_MODERATE": false, "DECLINING_5Y": false, "DROP_5_PLUS": false, "DROP_10_PLUS": false }, "geometry": { "type": "Point", "coordinates": [ 99.781489, 6.203111 ] } },
{ "type": "Feature", "properties": { "STATION_ID": "MMKP001", "STATION_ID_TYPE": "MODERN", "STATE_NAME": "Kedah", "STATION_LOCATION": "Pasir*", "CATEGORY": "Island", "STATION_STATUS": 1.0, "LATITUDE": 6.4535, "LONGITUDE": 99.7949, "STATE_NAME_MWQI": "Kedah", "STATION_LOCATION_MWQI": "Pasir", "CATEGORY_MWQI": "Island", "LATEST_MWQI": 95.0, "LATEST_CLASS": "Excellent", "MWQI_2021": 96.0, "MWQI_2022": 96.0, "MWQI_2023": 96.0, "MWQI_2024": 96.0, "MWQI_2025": 95.0, "CHANGE_1Y": -1.0, "CHANGE_5Y": -1.0, "MEAN_5Y": 95.8, "MIN_5Y": 95.0, "TREND_SLOPE_5Y": -0.19999999999997353, "TREND_DIRECTION": "Stable", "CURRENT_POOR": false, "CURRENT_MODERATE": false, "DECLINING_5Y": false, "DROP_5_PLUS": false, "DROP_10_PLUS": false }, "geometry": { "type": "Point", "coordinates": [ 99.7949, 6.4535 ] } },
{ "type": "Feature", "properties": { "STATION_ID": "MMKP002", "STATION_ID_TYPE": "MODERN", "STATE_NAME": "Kedah", "STATION_LOCATION": "Gasing*", "CATEGORY": "Island", "STATION_STATUS": 1.0, "LATITUDE": 6.45413, "LONGITUDE": 99.7902, "STATE_NAME_MWQI": "Kedah", "STATION_LOCATION_MWQI": "Gasing", "CATEGORY_MWQI": "Island", "LATEST_MWQI": 96.0, "LATEST_CLASS": "Excellent", "MWQI_2021": 92.0, "MWQI_2022": 97.0, "MWQI_2023": 96.0, "MWQI_2024": 96.0, "MWQI_2025": 96.0, "CHANGE_1Y": 0.0, "CHANGE_5Y": 4.0, "MEAN_5Y": 95.4, "MIN_5Y": 92.0, "TREND_SLOPE_5Y": 0.70000000000003681, "TREND_DIRECTION": "Improving", "CURRENT_POOR": false, "CURRENT_MODERATE": false, "DECLINING_5Y": false, "DROP_5_PLUS": false, "DROP_10_PLUS": false }, "geometry": { "type": "Point", "coordinates": [ 99.7902, 6.45413 ] } },
{ "type": "Feature", "properties": { "STATION_ID": "MMKP003", "STATION_ID_TYPE": "MODERN", "STATE_NAME": "Kedah", "STATION_LOCATION": "Dangli*", "CATEGORY": "Island", "STATION_STATUS": 1.0, "LATITUDE": 6.44737, "LONGITUDE": 99.7776, "STATE_NAME_MWQI": "Kedah", "STATION_LOCATION_MWQI": "Dangli", "CATEGORY_MWQI": "Island", "LATEST_MWQI": 93.0, "LATEST_CLASS": "Excellent", "MWQI_2021": 91.0, "MWQI_2022": 97.0, "MWQI_2023": 96.0, "MWQI_2024": 96.0, "MWQI_2025": 93.0, "CHANGE_1Y": -3.0, "CHANGE_5Y": 2.0, "MEAN_5Y": 94.6, "MIN_5Y": 91.0, "TREND_SLOPE_5Y": 0.30000000000010429, "TREND_DIRECTION": "Stable", "CURRENT_POOR": false, "CURRENT_MODERATE": false, "DECLINING_5Y": false, "DROP_5_PLUS": false, "DROP_10_PLUS": false }, "geometry": { "type": "Point", "coordinates": [ 99.7776, 6.44737 ] } },
{ "type": "Feature", "properties": { "STATION_ID": "MMPP001", "STATION_ID_TYPE": "MODERN", "STATE_NAME": "Pulau Pinang", "STATION_LOCATION": "Tanjung Tokong*", "CATEGORY": "Island", "STATION_STATUS": 1.0, "LATITUDE": 5.45629, "LONGITUDE": 100.315, "STATE_NAME_MWQI": "P. Pinang", "STATION_LOCATION_MWQI": "Tanjung Tokong", "CATEGORY_MWQI": "Island", "LATEST_MWQI": 93.0, "LATEST_CLASS": "Excellent", "MWQI_2021": 68.0, "MWQI_2022": 83.0, "MWQI_2023": 88.0, "MWQI_2024": 93.0, "MWQI_2025": 93.0, "CHANGE_1Y": 0.0, "CHANGE_5Y": 25.0, "MEAN_5Y": 85.0, "MIN_5Y": 68.0, "TREND_SLOPE_5Y": 5.9999999999993916, "TREND_DIRECTION": "Improving", "CURRENT_POOR": false, "CURRENT_MODERATE": false, "DECLINING_5Y": false, "DROP_5_PLUS": false, "DROP_10_PLUS": false }, "geometry": { "type": "Point", "coordinates": [ 100.315, 5.45629 ] } }
]
}
